-- MySQL dump 10.13  Distrib 8.0.27, for Linux (x86_64)
--
-- Host: localhost    Database: irits
-- ------------------------------------------------------
-- Server version	8.0.27

/*!40101 SET @OLD_CHARACTER_SET_CLIENT=@@CHARACTER_SET_CLIENT */;
/*!40101 SET @OLD_CHARACTER_SET_RESULTS=@@CHARACTER_SET_RESULTS */;
/*!40101 SET @OLD_COLLATION_CONNECTION=@@COLLATION_CONNECTION */;
/*!50503 SET NAMES utf8mb4 */;
/*!40103 SET @OLD_TIME_ZONE=@@TIME_ZONE */;
/*!40103 SET TIME_ZONE='+00:00' */;
/*!40014 SET @OLD_UNIQUE_CHECKS=@@UNIQUE_CHECKS, UNIQUE_CHECKS=0 */;
/*!40014 SET @OLD_FOREIGN_KEY_CHECKS=@@FOREIGN_KEY_CHECKS, FOREIGN_KEY_CHECKS=0 */;
/*!40101 SET @OLD_SQL_MODE=@@SQL_MODE, SQL_MODE='NO_AUTO_VALUE_ON_ZERO' */;
/*!40111 SET @OLD_SQL_NOTES=@@SQL_NOTES, SQL_NOTES=0 */;

--
-- Table structure for table `answer`
--

DROP TABLE IF EXISTS `answer`;
/*!40101 SET @saved_cs_client     = @@character_set_client */;
/*!50503 SET character_set_client = utf8mb4 */;
CREATE TABLE `answer` (
  `id` bigint NOT NULL AUTO_INCREMENT,
  `version` bigint NOT NULL,
  `option_id` bigint NOT NULL,
  `priority` int NOT NULL,
  `section` int NOT NULL,
  `selected` bit(1) NOT NULL,
  `user_id` bigint DEFAULT NULL,
  PRIMARY KEY (`id`),
  KEY `FK_ibyvcup3hfge9w0u6w81uru3y` (`option_id`),
  KEY `FK_ilrlwe1trc8dyqaius89vprop` (`user_id`),
  CONSTRAINT `FK_ibyvcup3hfge9w0u6w81uru3y` FOREIGN KEY (`option_id`) REFERENCES `answer_option` (`id`),
  CONSTRAINT `FK_ilrlwe1trc8dyqaius89vprop` FOREIGN KEY (`user_id`) REFERENCES `user` (`id`)
) ENGINE=InnoDB AUTO_INCREMENT=6180 DEFAULT CHARSET=utf8mb4 COLLATE=utf8mb4_0900_ai_ci;
/*!40101 SET character_set_client = @saved_cs_client */;

--
-- Dumping data for table `answer`
--

LOCK TABLES `answer` WRITE;
/*!40000 ALTER TABLE `answer` DISABLE KEYS */;
INSERT INTO `answer` VALUES (16,0,249,5,3,_binary '',6),(17,0,250,5,3,_binary '',6),(18,0,238,5,3,_binary '',6),(19,0,245,5,3,_binary '',6),(20,0,252,0,4,_binary '',5),(21,0,254,0,4,_binary '',5),(22,0,259,0,4,_binary '',5),(23,0,266,0,4,_binary '',5),(24,0,267,0,4,_binary '',5),(25,0,269,0,4,_binary '',5),(33,0,271,5,4,_binary '',6),(34,0,266,5,4,_binary '',6),(42,0,17,0,1,_binary '',6),(43,0,18,0,1,_binary '',6),(65,0,324,4,6,_binary '',5),(66,0,325,4,6,_binary '',5),(67,0,252,0,4,_binary '',11),(68,0,259,0,4,_binary '',11),(69,0,264,0,4,_binary '',11),(70,0,266,0,4,_binary '',11),(71,0,271,0,4,_binary '',11),(72,0,289,0,5,_binary '',11),(73,0,301,0,5,_binary '',11),(74,0,306,0,5,_binary '',11),(75,0,315,0,5,_binary '',11),(76,0,317,5,6,_binary '',11),(77,0,318,4,6,_binary '',11),(78,0,319,4,6,_binary '',11),(79,0,320,4,6,_binary '',11),(80,0,13,0,1,_binary '',11),(81,0,15,0,1,_binary '',11),(82,0,17,0,1,_binary '',11),(83,0,18,0,1,_binary '',11),(84,0,224,0,2,_binary '',6),(85,0,225,0,2,_binary '',6),(86,0,226,0,2,_binary '',6),(87,0,227,0,2,_binary '',6),(88,0,257,0,4,_binary '',14),(89,0,271,0,4,_binary '',14),(90,0,288,0,5,_binary '',14),(91,0,298,0,5,_binary '',14),(92,0,310,0,5,_binary '',14),(93,0,315,0,5,_binary '',14),(94,0,318,5,6,_binary '',14),(95,0,319,5,6,_binary '',14),(96,0,320,5,6,_binary '',14),(97,0,321,5,6,_binary '',14),(98,0,322,5,6,_binary '',14),(99,0,323,5,6,_binary '',14),(100,0,324,5,6,_binary '',14),(101,0,325,5,6,_binary '',14),(102,0,326,5,6,_binary '',14),(103,0,327,5,6,_binary '',14),(106,0,4,0,1,_binary '',14),(107,0,221,0,1,_binary '',14),(108,0,1,0,1,_binary '',15),(109,0,224,0,2,_binary '',15),(110,0,225,0,2,_binary '',15),(111,0,226,0,2,_binary '',15),(112,0,227,0,2,_binary '',15),(113,0,228,0,2,_binary '',15),(114,0,238,5,3,_binary '',15),(115,0,240,5,3,_binary '',15),(116,0,266,5,4,_binary '',15),(117,0,252,0,4,_binary '',10),(118,0,267,0,4,_binary '',10),(119,0,292,0,5,_binary '',10),(120,0,299,0,5,_binary '',10),(121,0,307,0,5,_binary '',10),(122,0,312,0,5,_binary '',10),(123,0,317,5,6,_binary '',10),(124,0,319,5,6,_binary '',10),(125,0,2,0,1,_binary '',10),(126,0,30,0,1,_binary '',10),(127,0,39,0,1,_binary '',10),(128,0,47,0,1,_binary '',10),(129,0,59,0,1,_binary '',10),(130,0,77,0,1,_binary '',10),(131,0,97,0,1,_binary '',10),(132,0,113,0,1,_binary '',10),(133,0,133,0,1,_binary '',10),(134,0,149,0,1,_binary '',10),(135,0,159,0,1,_binary '',10),(136,0,181,0,1,_binary '',10),(137,0,221,0,1,_binary '',10),(138,0,15,0,1,_binary '',22),(139,0,37,0,1,_binary '',22),(140,0,56,0,1,_binary '',22),(141,0,73,0,1,_binary '',22),(142,0,111,0,1,_binary '',22),(143,0,131,0,1,_binary '',22),(144,0,143,0,1,_binary '',22),(145,0,153,0,1,_binary '',22),(146,0,165,0,1,_binary '',22),(147,0,198,0,1,_binary '',22),(148,0,222,0,1,_binary '',22),(149,0,224,0,2,_binary '',22),(150,0,229,0,2,_binary '',22),(151,0,266,5,4,_binary '',22),(152,0,267,5,4,_binary '',22),(153,0,268,4,4,_binary '',22),(154,0,269,4,4,_binary '',22),(155,0,273,4,4,_binary '',22),(156,0,238,4,3,_binary '',22),(157,0,239,4,3,_binary '',22),(158,0,240,4,3,_binary '',22),(159,0,242,5,3,_binary '',22),(160,0,247,5,3,_binary '',22),(161,0,249,3,3,_binary '',22),(162,0,250,5,3,_binary '',22),(172,0,238,5,3,_binary '',25),(173,0,239,5,3,_binary '',25),(174,0,240,5,3,_binary '',25),(175,0,266,5,4,_binary '',25),(176,0,267,5,4,_binary '',25),(177,0,268,5,4,_binary '',25),(187,0,239,5,3,_binary '',27),(188,0,240,5,3,_binary '',27),(189,0,245,3,3,_binary '',27),(190,0,246,4,3,_binary '',27),(191,0,247,5,3,_binary '',27),(192,0,248,4,3,_binary '',27),(193,0,266,5,4,_binary '',27),(194,0,267,5,4,_binary '',27),(195,0,268,5,4,_binary '',27),(196,0,269,5,4,_binary '',27),(197,0,270,3,4,_binary '',27),(198,0,271,3,4,_binary '',27),(199,0,272,3,4,_binary '',27),(200,0,273,4,4,_binary '',27),(201,0,274,2,4,_binary '',27),(202,0,275,2,4,_binary '',27),(203,0,276,1,4,_binary '',27),(204,0,277,5,4,_binary '',27),(205,0,278,3,4,_binary '',27),(206,0,279,2,4,_binary '',27),(207,0,280,3,4,_binary '',27),(208,0,252,0,4,_binary '',28),(209,0,253,0,4,_binary '',28),(210,0,256,0,4,_binary '',28),(211,0,257,0,4,_binary '',28),(212,0,263,0,4,_binary '',28),(213,0,273,0,4,_binary '',28),(223,0,282,0,5,_binary '',28),(224,0,285,0,5,_binary '',28),(225,0,289,0,5,_binary '',28),(226,0,290,0,5,_binary '',28),(227,0,292,0,5,_binary '',28),(228,0,295,0,5,_binary '',28),(229,0,300,0,5,_binary '',28),(230,0,310,0,5,_binary '',28),(231,0,314,0,5,_binary '',28),(232,0,317,1,6,_binary '',28),(233,0,318,3,6,_binary '',28),(234,0,319,4,6,_binary '',28),(235,0,320,2,6,_binary '',28),(236,0,321,2,6,_binary '',28),(237,0,322,5,6,_binary '',28),(238,0,325,1,6,_binary '',28),(239,0,326,2,6,_binary '',28),(240,0,327,1,6,_binary '',28),(241,0,329,3,6,_binary '',28),(242,0,4,0,1,_binary '',28),(243,0,20,0,1,_binary '',28),(244,0,26,0,1,_binary '',28),(245,0,49,0,1,_binary '',28),(246,0,50,0,1,_binary '',28),(247,0,73,0,1,_binary '',28),(248,0,81,0,1,_binary '',28),(249,0,97,0,1,_binary '',28),(250,0,100,0,1,_binary '',28),(251,0,119,0,1,_binary '',28),(252,0,129,0,1,_binary '',28),(253,0,136,0,1,_binary '',28),(254,0,138,0,1,_binary '',28),(255,0,148,0,1,_binary '',28),(256,0,149,0,1,_binary '',28),(257,0,152,0,1,_binary '',28),(258,0,156,0,1,_binary '',28),(259,0,160,0,1,_binary '',28),(260,0,174,0,1,_binary '',28),(261,0,181,0,1,_binary '',28),(262,0,191,0,1,_binary '',28),(263,0,204,0,1,_binary '',28),(264,0,210,0,1,_binary '',28),(265,0,1,0,1,_binary '',29),(266,0,18,0,1,_binary '',29),(267,0,32,0,1,_binary '',29),(268,0,56,0,1,_binary '',29),(269,0,73,0,1,_binary '',29),(270,0,75,0,1,_binary '',29),(271,0,76,0,1,_binary '',29),(272,0,77,0,1,_binary '',29),(273,0,78,0,1,_binary '',29),(274,0,79,0,1,_binary '',29),(275,0,80,0,1,_binary '',29),(276,0,86,0,1,_binary '',29),(277,0,95,0,1,_binary '',29),(278,0,96,0,1,_binary '',29),(279,0,104,0,1,_binary '',29),(280,0,106,0,1,_binary '',29),(281,0,131,0,1,_binary '',29),(282,0,143,0,1,_binary '',29),(283,0,147,0,1,_binary '',29),(284,0,149,0,1,_binary '',29),(285,0,155,0,1,_binary '',29),(286,0,161,0,1,_binary '',29),(287,0,169,0,1,_binary '',29),(288,0,176,0,1,_binary '',29),(289,0,225,0,2,_binary '',29),(290,0,228,0,2,_binary '',29),(291,0,232,0,2,_binary '',29),(292,0,235,0,2,_binary '',29),(293,0,238,4,3,_binary '',29),(294,0,239,4,3,_binary '',29),(295,0,240,4,3,_binary '',29),(296,0,241,4,3,_binary '',29),(297,0,242,5,3,_binary '',29),(298,0,243,5,3,_binary '',29),(299,0,244,2,3,_binary '',29),(300,0,249,5,3,_binary '',29),(301,0,266,5,4,_binary '',29),(302,0,267,5,4,_binary '',29),(303,0,269,5,4,_binary '',29),(304,0,276,5,4,_binary '',29),(305,0,252,0,4,_binary '',32),(306,0,266,0,4,_binary '',32),(307,0,281,0,5,_binary '',32),(308,0,283,0,5,_binary '',32),(309,0,284,0,5,_binary '',32),(310,0,288,0,5,_binary '',32),(311,0,292,0,5,_binary '',32),(312,0,293,0,5,_binary '',32),(313,0,294,0,5,_binary '',32),(314,0,296,0,5,_binary '',32),(315,0,299,0,5,_binary '',32),(316,0,300,0,5,_binary '',32),(317,0,305,0,5,_binary '',32),(318,0,313,0,5,_binary '',32),(319,0,317,4,6,_binary '',32),(320,0,318,4,6,_binary '',32),(321,0,319,4,6,_binary '',32),(322,0,320,4,6,_binary '',32),(323,0,321,3,6,_binary '',32),(324,0,322,2,6,_binary '',32),(325,0,323,1,6,_binary '',32),(326,0,324,2,6,_binary '',32),(327,0,325,3,6,_binary '',32),(328,0,326,3,6,_binary '',32),(329,0,327,1,6,_binary '',32),(330,0,328,1,6,_binary '',32),(331,0,329,3,6,_binary '',32),(332,0,1,0,1,_binary '',32),(333,0,3,0,1,_binary '',32),(334,0,37,0,1,_binary '',32),(335,0,56,0,1,_binary '',32),(336,0,58,0,1,_binary '',32),(337,0,59,0,1,_binary '',32),(338,0,62,0,1,_binary '',32),(339,0,64,0,1,_binary '',32),(340,0,67,0,1,_binary '',32),(341,0,70,0,1,_binary '',32),(342,0,72,0,1,_binary '',32),(343,0,91,0,1,_binary '',32),(344,0,111,0,1,_binary '',32),(345,0,131,0,1,_binary '',32),(346,0,143,0,1,_binary '',32),(347,0,153,0,1,_binary '',32),(348,0,165,0,1,_binary '',32),(349,0,173,0,1,_binary '',32),(350,0,174,0,1,_binary '',32),(351,0,196,0,1,_binary '',32),(352,0,197,0,1,_binary '',32),(353,0,222,0,1,_binary '',32),(354,0,1,0,1,_binary '',20),(355,0,3,0,1,_binary '',20),(356,0,5,0,1,_binary '',20),(357,0,7,0,1,_binary '',20),(358,0,9,0,1,_binary '',20),(359,0,10,0,1,_binary '',20),(360,0,12,0,1,_binary '',20),(361,0,18,0,1,_binary '',20),(362,0,20,0,1,_binary '',20),(363,0,23,0,1,_binary '',20),(364,0,24,0,1,_binary '',20),(365,0,28,0,1,_binary '',20),(366,0,29,0,1,_binary '',20),(367,0,30,0,1,_binary '',20),(368,0,33,0,1,_binary '',20),(369,0,35,0,1,_binary '',20),(370,0,43,0,1,_binary '',20),(371,0,45,0,1,_binary '',20),(372,0,47,0,1,_binary '',20),(373,0,51,0,1,_binary '',20),(374,0,54,0,1,_binary '',20),(375,0,62,0,1,_binary '',20),(376,0,63,0,1,_binary '',20),(377,0,64,0,1,_binary '',20),(378,0,67,0,1,_binary '',20),(379,0,68,0,1,_binary '',20),(380,0,72,0,1,_binary '',20),(381,0,75,0,1,_binary '',20),(382,0,76,0,1,_binary '',20),(383,0,78,0,1,_binary '',20),(384,0,79,0,1,_binary '',20),(385,0,84,0,1,_binary '',20),(386,0,85,0,1,_binary '',20),(387,0,86,0,1,_binary '',20),(388,0,90,0,1,_binary '',20),(389,0,95,0,1,_binary '',20),(390,0,96,0,1,_binary '',20),(391,0,101,0,1,_binary '',20),(392,0,104,0,1,_binary '',20),(393,0,106,0,1,_binary '',20),(394,0,107,0,1,_binary '',20),(395,0,108,0,1,_binary '',20),(396,0,120,0,1,_binary '',20),(397,0,125,0,1,_binary '',20),(398,0,126,0,1,_binary '',20),(399,0,127,0,1,_binary '',20),(400,0,129,0,1,_binary '',20),(401,0,130,0,1,_binary '',20),(402,0,134,0,1,_binary '',20),(403,0,135,0,1,_binary '',20),(404,0,138,0,1,_binary '',20),(405,0,139,0,1,_binary '',20),(406,0,141,0,1,_binary '',20),(407,0,145,0,1,_binary '',20),(408,0,147,0,1,_binary '',20),(409,0,151,0,1,_binary '',20),(410,0,155,0,1,_binary '',20),(411,0,161,0,1,_binary '',20),(412,0,168,0,1,_binary '',20),(413,0,170,0,1,_binary '',20),(414,0,172,0,1,_binary '',20),(415,0,175,0,1,_binary '',20),(416,0,177,0,1,_binary '',20),(417,0,182,0,1,_binary '',20),(418,0,185,0,1,_binary '',20),(419,0,186,0,1,_binary '',20),(420,0,192,0,1,_binary '',20),(421,0,194,0,1,_binary '',20),(422,0,195,0,1,_binary '',20),(423,0,196,0,1,_binary '',20),(424,0,197,0,1,_binary '',20),(425,0,210,0,1,_binary '',20),(426,0,211,0,1,_binary '',20),(427,0,212,0,1,_binary '',20),(428,0,214,0,1,_binary '',20),(429,0,232,0,2,_binary '',20),(430,0,238,5,3,_binary '',20),(431,0,239,3,3,_binary '',20),(432,0,240,4,3,_binary '',20),(433,0,241,5,3,_binary '',20),(434,0,242,4,3,_binary '',20),(435,0,243,5,3,_binary '',20),(436,0,245,5,3,_binary '',20),(437,0,247,5,3,_binary '',20),(438,0,266,5,4,_binary '',20),(439,0,267,5,4,_binary '',20),(440,0,268,5,4,_binary '',20),(441,0,269,5,4,_binary '',20),(442,0,270,5,4,_binary '',20),(443,0,275,4,4,_binary '',20),(444,0,277,4,4,_binary '',20),(445,0,278,4,4,_binary '',20),(446,0,279,4,4,_binary '',20),(447,0,282,0,5,_binary '',5),(448,0,283,0,5,_binary '',5),(449,0,284,0,5,_binary '',5),(450,0,298,0,5,_binary '',5),(451,0,310,0,5,_binary '',5),(452,0,315,0,5,_binary '',5),(453,0,1,0,1,_binary '',5),(454,0,2,0,1,_binary '',5),(455,0,3,0,1,_binary '',5),(456,0,4,0,1,_binary '',5),(468,0,317,4,6,_binary '',17),(469,0,318,4,6,_binary '',17),(470,0,319,3,6,_binary '',17),(471,0,321,4,6,_binary '',17),(487,0,238,5,3,_binary '',16),(488,0,239,5,3,_binary '',16),(489,0,266,3,4,_binary '',16),(490,0,267,5,4,_binary '',16),(491,0,268,3,4,_binary '',16),(492,0,269,5,4,_binary '',16),(499,0,1,0,1,_binary '',30),(500,0,3,0,1,_binary '',30),(501,0,4,0,1,_binary '',30),(502,0,5,0,1,_binary '',30),(503,0,6,0,1,_binary '',30),(504,0,7,0,1,_binary '',30),(505,0,8,0,1,_binary '',30),(506,0,9,0,1,_binary '',30),(507,0,10,0,1,_binary '',30),(508,0,11,0,1,_binary '',30),(509,0,12,0,1,_binary '',30),(510,0,13,0,1,_binary '',30),(511,0,37,0,1,_binary '',30),(512,0,56,0,1,_binary '',30),(513,0,62,0,1,_binary '',30),(514,0,63,0,1,_binary '',30),(515,0,64,0,1,_binary '',30),(516,0,91,0,1,_binary '',30),(517,0,111,0,1,_binary '',30),(518,0,131,0,1,_binary '',30),(519,0,143,0,1,_binary '',30),(520,0,153,0,1,_binary '',30),(521,0,165,0,1,_binary '',30),(522,0,198,0,1,_binary '',30),(523,0,222,0,1,_binary '',30),(524,0,225,0,2,_binary '',30),(525,0,226,0,2,_binary '',30),(526,0,229,0,2,_binary '',30),(527,0,238,5,3,_binary '',30),(528,0,239,5,3,_binary '',30),(529,0,240,5,3,_binary '',30),(530,0,241,5,3,_binary '',30),(531,0,245,5,3,_binary '',30),(532,0,248,5,3,_binary '',30),(533,0,266,5,4,_binary '',30),(534,0,267,5,4,_binary '',30),(535,0,268,5,4,_binary '',30),(536,0,269,5,4,_binary '',30),(540,0,3,0,1,_binary '',31),(541,0,4,0,1,_binary '',31),(542,0,5,0,1,_binary '',31),(543,0,7,0,1,_binary '',31),(544,0,8,0,1,_binary '',31),(545,0,9,0,1,_binary '',31),(546,0,10,0,1,_binary '',31),(547,0,12,0,1,_binary '',31),(548,0,18,0,1,_binary '',31),(549,0,19,0,1,_binary '',31),(550,0,21,0,1,_binary '',31),(551,0,25,0,1,_binary '',31),(552,0,26,0,1,_binary '',31),(553,0,27,0,1,_binary '',31),(554,0,30,0,1,_binary '',31),(555,0,44,0,1,_binary '',31),(556,0,45,0,1,_binary '',31),(557,0,48,0,1,_binary '',31),(558,0,51,0,1,_binary '',31),(559,0,54,0,1,_binary '',31),(560,0,60,0,1,_binary '',31),(561,0,61,0,1,_binary '',31),(562,0,62,0,1,_binary '',31),(563,0,63,0,1,_binary '',31),(564,0,64,0,1,_binary '',31),(565,0,65,0,1,_binary '',31),(566,0,67,0,1,_binary '',31),(567,0,70,0,1,_binary '',31),(568,0,72,0,1,_binary '',31),(569,0,75,0,1,_binary '',31),(570,0,76,0,1,_binary '',31),(571,0,95,0,1,_binary '',31),(572,0,102,0,1,_binary '',31),(573,0,104,0,1,_binary '',31),(574,0,106,0,1,_binary '',31),(575,0,113,0,1,_binary '',31),(576,0,114,0,1,_binary '',31),(577,0,115,0,1,_binary '',31),(578,0,116,0,1,_binary '',31),(579,0,117,0,1,_binary '',31),(580,0,118,0,1,_binary '',31),(581,0,119,0,1,_binary '',31),(582,0,120,0,1,_binary '',31),(583,0,121,0,1,_binary '',31),(584,0,122,0,1,_binary '',31),(585,0,123,0,1,_binary '',31),(586,0,124,0,1,_binary '',31),(587,0,125,0,1,_binary '',31),(588,0,126,0,1,_binary '',31),(589,0,127,0,1,_binary '',31),(590,0,129,0,1,_binary '',31),(591,0,130,0,1,_binary '',31),(592,0,131,0,1,_binary '',31),(593,0,137,0,1,_binary '',31),(594,0,139,0,1,_binary '',31),(595,0,147,0,1,_binary '',31),(596,0,149,0,1,_binary '',31),(597,0,151,0,1,_binary '',31),(598,0,156,0,1,_binary '',31),(599,0,162,0,1,_binary '',31),(600,0,167,0,1,_binary '',31),(601,0,168,0,1,_binary '',31),(602,0,169,0,1,_binary '',31),(603,0,170,0,1,_binary '',31),(604,0,171,0,1,_binary '',31),(605,0,172,0,1,_binary '',31),(606,0,173,0,1,_binary '',31),(607,0,174,0,1,_binary '',31),(608,0,176,0,1,_binary '',31),(609,0,180,0,1,_binary '',31),(610,0,181,0,1,_binary '',31),(611,0,183,0,1,_binary '',31),(612,0,184,0,1,_binary '',31),(613,0,186,0,1,_binary '',31),(614,0,187,0,1,_binary '',31),(615,0,188,0,1,_binary '',31),(616,0,190,0,1,_binary '',31),(617,0,192,0,1,_binary '',31),(618,0,193,0,1,_binary '',31),(619,0,194,0,1,_binary '',31),(620,0,195,0,1,_binary '',31),(621,0,196,0,1,_binary '',31),(622,0,197,0,1,_binary '',31),(623,0,203,0,1,_binary '',31),(624,0,211,0,1,_binary '',31),(625,0,224,0,2,_binary '',31),(626,0,225,0,2,_binary '',31),(627,0,226,0,2,_binary '',31),(628,0,227,0,2,_binary '',31),(629,0,228,0,2,_binary '',31),(630,0,229,0,2,_binary '',31),(631,0,230,0,2,_binary '',31),(632,0,231,0,2,_binary '',31),(633,0,232,0,2,_binary '',31),(634,0,233,0,2,_binary '',31),(635,0,234,0,2,_binary '',31),(636,0,235,0,2,_binary '',31),(637,0,236,0,2,_binary '',31),(638,0,238,5,3,_binary '',31),(639,0,239,5,3,_binary '',31),(640,0,240,5,3,_binary '',31),(641,0,241,5,3,_binary '',31),(642,0,242,5,3,_binary '',31),(643,0,243,5,3,_binary '',31),(644,0,246,3,3,_binary '',31),(645,0,248,3,3,_binary '',31),(646,0,249,3,3,_binary '',31),(647,0,266,5,4,_binary '',31),(648,0,267,5,4,_binary '',31),(649,0,268,3,4,_binary '',31),(650,0,269,5,4,_binary '',31),(651,0,270,3,4,_binary '',31),(652,0,271,1,4,_binary '',31),(653,0,272,4,4,_binary '',31),(654,0,273,4,4,_binary '',31),(655,0,274,4,4,_binary '',31),(656,0,275,4,4,_binary '',31),(657,0,276,5,4,_binary '',31),(658,0,277,5,4,_binary '',31),(659,0,278,3,4,_binary '',31),(660,0,279,2,4,_binary '',31),(661,0,280,3,4,_binary '',31),(886,0,240,4,3,_binary '',16),(887,0,241,4,3,_binary '',16),(888,0,242,2,3,_binary '',16),(889,0,243,1,3,_binary '',16),(890,0,244,1,3,_binary '',16),(891,0,245,1,3,_binary '',16),(892,0,246,1,3,_binary '',16),(944,0,320,1,6,_binary '',17),(945,0,322,1,6,_binary '',17),(946,0,323,1,6,_binary '',17),(947,0,324,1,6,_binary '',17),(948,0,325,3,6,_binary '',17),(949,0,326,3,6,_binary '',17),(950,0,327,2,6,_binary '',17),(951,0,328,4,6,_binary '',17),(952,0,329,3,6,_binary '',17),(1164,0,15,0,1,_binary '',24),(1165,0,37,0,1,_binary '',24),(1166,0,56,0,1,_binary '',24),(1167,0,64,0,1,_binary '',24),(1168,0,67,0,1,_binary '',24),(1169,0,72,0,1,_binary '',24),(1170,0,75,0,1,_binary '',24),(1171,0,95,0,1,_binary '',24),(1172,0,125,0,1,_binary '',24),(1173,0,143,0,1,_binary '',24),(1174,0,145,0,1,_binary '',24),(1175,0,151,0,1,_binary '',24),(1176,0,165,0,1,_binary '',24),(1177,0,167,0,1,_binary '',24),(1178,0,169,0,1,_binary '',24),(1179,0,172,0,1,_binary '',24),(1180,0,176,0,1,_binary '',24),(1181,0,177,0,1,_binary '',24),(1182,0,196,0,1,_binary '',24),(1183,0,201,0,1,_binary '',24),(1184,0,203,0,1,_binary '',24),(1185,0,212,0,1,_binary '',24),(1186,0,224,0,2,_binary '',24),(1187,0,225,0,2,_binary '',24),(1188,0,229,0,2,_binary '',24),(1189,0,232,0,2,_binary '',24),(1190,0,235,0,2,_binary '',24),(1191,0,236,0,2,_binary '',24),(1192,0,238,3,3,_binary '',24),(1193,0,239,3,3,_binary '',24),(1194,0,240,3,3,_binary '',24),(1195,0,241,3,3,_binary '',24),(1196,0,242,5,3,_binary '',24),(1197,0,243,5,3,_binary '',24),(1198,0,245,5,3,_binary '',24),(1199,0,246,1,3,_binary '',24),(1200,0,249,4,3,_binary '',24),(1201,0,266,5,4,_binary '',24),(1202,0,267,5,4,_binary '',24),(1203,0,268,4,4,_binary '',24),(1204,0,269,5,4,_binary '',24),(1205,0,270,4,4,_binary '',24),(1206,0,272,4,4,_binary '',24),(1207,0,273,4,4,_binary '',24),(1208,0,274,3,4,_binary '',24),(1209,0,275,3,4,_binary '',24),(1210,0,277,4,4,_binary '',24),(1211,0,278,3,4,_binary '',24),(1214,0,238,4,3,_binary '',26),(1215,0,240,5,3,_binary '',26),(1216,0,242,5,3,_binary '',26),(1217,0,266,5,4,_binary '',26),(1218,0,267,4,4,_binary '',26),(1219,0,268,5,4,_binary '',26),(1220,0,25,0,1,_binary '',38),(1221,0,33,0,1,_binary '',38),(1222,0,84,0,1,_binary '',38),(1223,0,86,0,1,_binary '',38),(1224,0,88,0,1,_binary '',38),(1225,0,90,0,1,_binary '',38),(1226,0,110,0,1,_binary '',38),(1227,0,127,0,1,_binary '',38),(1228,0,164,0,1,_binary '',38),(1229,0,173,0,1,_binary '',38),(1230,0,219,0,1,_binary '',38),(1231,0,224,0,2,_binary '',38),(1232,0,225,0,2,_binary '',38),(1233,0,228,0,2,_binary '',38),(1234,0,238,5,3,_binary '',38),(1235,0,240,5,3,_binary '',38),(1236,0,242,4,3,_binary '',38),(1237,0,247,5,3,_binary '',38),(1238,0,249,3,3,_binary '',38),(1239,0,250,3,3,_binary '',38),(1240,0,266,5,4,_binary '',38),(1241,0,267,5,4,_binary '',38),(1242,0,268,5,4,_binary '',38),(1243,0,269,5,4,_binary '',38),(1244,0,270,4,4,_binary '',38),(1245,0,46,0,1,_binary '',39),(1246,0,48,0,1,_binary '',39),(1247,0,49,0,1,_binary '',39),(1248,0,52,0,1,_binary '',39),(1249,0,76,0,1,_binary '',39),(1250,0,136,0,1,_binary '',39),(1251,0,137,0,1,_binary '',39),(1252,0,138,0,1,_binary '',39),(1253,0,156,0,1,_binary '',39),(1254,0,168,0,1,_binary '',39),(1255,0,181,0,1,_binary '',39),(1256,0,184,0,1,_binary '',39),(1257,0,225,0,2,_binary '',39),(1258,0,226,0,2,_binary '',39),(1259,0,227,0,2,_binary '',39),(1260,0,228,0,2,_binary '',39),(1261,0,230,0,2,_binary '',39),(1262,0,235,0,2,_binary '',39),(1263,0,238,5,3,_binary '',39),(1264,0,239,5,3,_binary '',39),(1265,0,240,5,3,_binary '',39),(1266,0,242,5,3,_binary '',39),(1267,0,243,5,3,_binary '',39),(1268,0,247,5,3,_binary '',39),(1269,0,249,5,3,_binary '',39),(1270,0,266,5,4,_binary '',39),(1271,0,267,5,4,_binary '',39),(1272,0,268,5,4,_binary '',39),(1273,0,269,5,4,_binary '',39),(1274,0,270,5,4,_binary '',39),(1275,0,271,3,4,_binary '',39),(1276,0,272,4,4,_binary '',39),(1277,0,273,4,4,_binary '',39),(1278,0,274,4,4,_binary '',39),(1279,0,275,4,4,_binary '',39),(1280,0,276,5,4,_binary '',39),(1281,0,277,5,4,_binary '',39),(1282,0,278,5,4,_binary '',39),(1283,0,279,5,4,_binary '',39),(1284,0,280,4,4,_binary '',39),(1285,0,15,0,1,_binary '',41),(1286,0,37,0,1,_binary '',41),(1287,0,56,0,1,_binary '',41),(1288,0,73,0,1,_binary '',41),(1289,0,76,0,1,_binary '',41),(1290,0,110,0,1,_binary '',41),(1291,0,113,0,1,_binary '',41),(1292,0,114,0,1,_binary '',41),(1293,0,115,0,1,_binary '',41),(1294,0,116,0,1,_binary '',41),(1295,0,117,0,1,_binary '',41),(1296,0,118,0,1,_binary '',41),(1297,0,119,0,1,_binary '',41),(1298,0,120,0,1,_binary '',41),(1299,0,121,0,1,_binary '',41),(1300,0,122,0,1,_binary '',41),(1301,0,123,0,1,_binary '',41),(1302,0,124,0,1,_binary '',41),(1303,0,125,0,1,_binary '',41),(1304,0,126,0,1,_binary '',41),(1305,0,127,0,1,_binary '',41),(1306,0,128,0,1,_binary '',41),(1307,0,129,0,1,_binary '',41),(1308,0,130,0,1,_binary '',41),(1309,0,139,0,1,_binary '',41),(1310,0,142,0,1,_binary '',41),(1311,0,155,0,1,_binary '',41),(1312,0,156,0,1,_binary '',41),(1313,0,158,0,1,_binary '',41),(1314,0,161,0,1,_binary '',41),(1315,0,162,0,1,_binary '',41),(1316,0,163,0,1,_binary '',41),(1317,0,171,0,1,_binary '',41),(1318,0,180,0,1,_binary '',41),(1319,0,181,0,1,_binary '',41),(1320,0,184,0,1,_binary '',41),(1321,0,187,0,1,_binary '',41),(1322,0,188,0,1,_binary '',41),(1323,0,193,0,1,_binary '',41),(1324,0,194,0,1,_binary '',41),(1325,0,222,0,1,_binary '',41),(1326,0,225,0,2,_binary '',41),(1327,0,226,0,2,_binary '',41),(1328,0,227,0,2,_binary '',41),(1329,0,228,0,2,_binary '',41),(1330,0,230,0,2,_binary '',41),(1331,0,232,0,2,_binary '',41),(1332,0,235,0,2,_binary '',41),(1333,0,266,5,4,_binary '',41),(1334,0,267,4,4,_binary '',41),(1335,0,268,5,4,_binary '',41),(1336,0,270,5,4,_binary '',41),(1337,0,169,0,1,_binary '',44),(1338,0,172,0,1,_binary '',44),(1339,0,173,0,1,_binary '',44),(1340,0,175,0,1,_binary '',44),(1341,0,176,0,1,_binary '',44),(1342,0,177,0,1,_binary '',44),(1343,0,179,0,1,_binary '',44),(1344,0,182,0,1,_binary '',44),(1345,0,184,0,1,_binary '',44),(1346,0,192,0,1,_binary '',44),(1347,0,196,0,1,_binary '',44),(1348,0,197,0,1,_binary '',44),(1349,0,203,0,1,_binary '',44),(1350,0,224,0,2,_binary '',44),(1351,0,225,0,2,_binary '',44),(1352,0,226,0,2,_binary '',44),(1353,0,227,0,2,_binary '',44),(1354,0,228,0,2,_binary '',44),(1355,0,229,0,2,_binary '',44),(1356,0,230,0,2,_binary '',44),(1357,0,232,0,2,_binary '',44),(1358,0,235,0,2,_binary '',44),(1359,0,238,5,3,_binary '',44),(1360,0,239,5,3,_binary '',44),(1361,0,240,5,3,_binary '',44),(1362,0,241,5,3,_binary '',44),(1363,0,242,5,3,_binary '',44),(1364,0,243,5,3,_binary '',44),(1365,0,244,5,3,_binary '',44),(1366,0,245,5,3,_binary '',44),(1367,0,246,5,3,_binary '',44),(1368,0,247,5,3,_binary '',44),(1369,0,248,5,3,_binary '',44),(1370,0,249,5,3,_binary '',44),(1371,0,250,5,3,_binary '',44),(1372,0,266,5,4,_binary '',44),(1373,0,267,5,4,_binary '',44),(1374,0,268,5,4,_binary '',44),(1375,0,269,5,4,_binary '',44),(1376,0,270,3,4,_binary '',44),(1377,0,277,3,4,_binary '',44),(1378,0,278,3,4,_binary '',44),(1379,0,279,3,4,_binary '',44),(1394,0,231,0,2,_binary '',47),(1395,0,238,3,3,_binary '',47),(1396,0,241,4,3,_binary '',47),(1397,0,242,3,3,_binary '',47),(1398,0,244,5,3,_binary '',47),(1399,0,247,4,3,_binary '',47),(1400,0,250,3,3,_binary '',47),(1401,0,266,3,4,_binary '',47),(1402,0,267,3,4,_binary '',47),(1403,0,268,3,4,_binary '',47),(1404,0,269,3,4,_binary '',47),(1405,0,252,0,4,_binary '',49),(1406,0,255,0,4,_binary '',49),(1407,0,256,0,4,_binary '',49),(1408,0,258,0,4,_binary '',49),(1409,0,263,0,4,_binary '',49),(1410,0,266,0,4,_binary '',49),(1411,0,267,0,4,_binary '',49),(1412,0,268,0,4,_binary '',49),(1413,0,269,0,4,_binary '',49),(1414,0,270,0,4,_binary '',49),(1415,0,273,0,4,_binary '',49),(1416,0,275,0,4,_binary '',49),(1417,0,281,0,5,_binary '',49),(1418,0,285,0,5,_binary '',49),(1419,0,290,0,5,_binary '',49),(1420,0,291,0,5,_binary '',49),(1421,0,292,0,5,_binary '',49),(1422,0,294,0,5,_binary '',49),(1423,0,296,0,5,_binary '',49),(1424,0,298,0,5,_binary '',49),(1425,0,299,0,5,_binary '',49),(1426,0,300,0,5,_binary '',49),(1427,0,303,0,5,_binary '',49),(1428,0,312,0,5,_binary '',49),(1429,0,317,3,6,_binary '',49),(1430,0,318,5,6,_binary '',49),(1431,0,319,1,6,_binary '',49),(1432,0,320,1,6,_binary '',49),(1433,0,321,1,6,_binary '',49),(1434,0,322,5,6,_binary '',49),(1435,0,323,5,6,_binary '',49),(1436,0,324,1,6,_binary '',49),(1437,0,325,5,6,_binary '',49),(1438,0,326,1,6,_binary '',49),(1439,0,327,1,6,_binary '',49),(1440,0,328,5,6,_binary '',49),(1441,0,329,5,6,_binary '',49),(1442,0,2,0,1,_binary '',49),(1443,0,4,0,1,_binary '',49),(1444,0,6,0,1,_binary '',49),(1445,0,17,0,1,_binary '',49),(1446,0,18,0,1,_binary '',49),(1447,0,20,0,1,_binary '',49),(1448,0,21,0,1,_binary '',49),(1449,0,24,0,1,_binary '',49),(1450,0,25,0,1,_binary '',49),(1451,0,26,0,1,_binary '',49),(1452,0,29,0,1,_binary '',49),(1453,0,31,0,1,_binary '',49),(1454,0,56,0,1,_binary '',49),(1455,0,62,0,1,_binary '',49),(1456,0,63,0,1,_binary '',49),(1457,0,65,0,1,_binary '',49),(1458,0,69,0,1,_binary '',49),(1459,0,91,0,1,_binary '',49),(1460,0,101,0,1,_binary '',49),(1461,0,113,0,1,_binary '',49),(1462,0,114,0,1,_binary '',49),(1463,0,115,0,1,_binary '',49),(1464,0,116,0,1,_binary '',49),(1465,0,143,0,1,_binary '',49),(1466,0,153,0,1,_binary '',49),(1467,0,165,0,1,_binary '',49),(1468,0,198,0,1,_binary '',49),(1469,0,205,0,1,_binary '',49),(1470,0,256,0,4,_binary '',50),(1471,0,266,0,4,_binary '',50),(1472,0,282,0,5,_binary '',50),(1473,0,301,0,5,_binary '',50),(1474,0,310,0,5,_binary '',50),(1475,0,312,0,5,_binary '',50),(1476,0,319,5,6,_binary '',50),(1477,0,322,5,6,_binary '',50),(1478,0,327,3,6,_binary '',50),(1479,0,328,5,6,_binary '',50),(1480,0,329,3,6,_binary '',50),(1481,0,15,0,1,_binary '',50),(1482,0,37,0,1,_binary '',50),(1483,0,56,0,1,_binary '',50),(1484,0,73,0,1,_binary '',50),(1485,0,91,0,1,_binary '',50),(1486,0,111,0,1,_binary '',50),(1487,0,131,0,1,_binary '',50),(1488,0,143,0,1,_binary '',50),(1489,0,153,0,1,_binary '',50),(1490,0,165,0,1,_binary '',50),(1491,0,185,0,1,_binary '',50),(1492,0,193,0,1,_binary '',50),(1493,0,113,0,1,_binary '',51),(1494,0,114,0,1,_binary '',51),(1495,0,115,0,1,_binary '',51),(1496,0,116,0,1,_binary '',51),(1497,0,118,0,1,_binary '',51),(1498,0,119,0,1,_binary '',51),(1499,0,122,0,1,_binary '',51),(1500,0,129,0,1,_binary '',51),(1501,0,130,0,1,_binary '',51),(1502,0,136,0,1,_binary '',51),(1503,0,137,0,1,_binary '',51),(1504,0,138,0,1,_binary '',51),(1505,0,168,0,1,_binary '',51),(1506,0,171,0,1,_binary '',51),(1507,0,224,0,2,_binary '',51),(1508,0,225,0,2,_binary '',51),(1509,0,227,0,2,_binary '',51),(1510,0,228,0,2,_binary '',51),(1511,0,230,0,2,_binary '',51),(1512,0,234,0,2,_binary '',51),(1513,0,235,0,2,_binary '',51),(1514,0,238,5,3,_binary '',51),(1515,0,239,5,3,_binary '',51),(1516,0,241,5,3,_binary '',51),(1517,0,242,5,3,_binary '',51),(1518,0,244,5,3,_binary '',51),(1519,0,245,5,3,_binary '',51),(1520,0,266,5,4,_binary '',51),(1521,0,267,5,4,_binary '',51),(1522,0,268,5,4,_binary '',51),(1523,0,269,5,4,_binary '',51),(1524,0,270,5,4,_binary '',51),(1534,0,252,0,4,_binary '',48),(1535,0,256,0,4,_binary '',48),(1536,0,259,0,4,_binary '',48),(1537,0,263,0,4,_binary '',48),(1538,0,269,0,4,_binary '',48),(1539,0,281,0,5,_binary '',48),(1540,0,283,0,5,_binary '',48),(1541,0,287,0,5,_binary '',48),(1542,0,294,0,5,_binary '',48),(1543,0,296,0,5,_binary '',48),(1544,0,299,0,5,_binary '',48),(1545,0,300,0,5,_binary '',48),(1546,0,307,0,5,_binary '',48),(1547,0,312,0,5,_binary '',48),(1548,0,317,3,6,_binary '',48),(1549,0,318,3,6,_binary '',48),(1550,0,319,3,6,_binary '',48),(1551,0,322,3,6,_binary '',48),(1552,0,323,3,6,_binary '',48),(1553,0,324,3,6,_binary '',48),(1554,0,325,3,6,_binary '',48),(1555,0,329,3,6,_binary '',48),(1556,0,15,0,1,_binary '',48),(1557,0,37,0,1,_binary '',48),(1558,0,56,0,1,_binary '',48),(1559,0,73,0,1,_binary '',48),(1560,0,75,0,1,_binary '',48),(1561,0,76,0,1,_binary '',48),(1562,0,111,0,1,_binary '',48),(1563,0,131,0,1,_binary '',48),(1564,0,133,0,1,_binary '',48),(1565,0,134,0,1,_binary '',48),(1566,0,135,0,1,_binary '',48),(1567,0,136,0,1,_binary '',48),(1568,0,137,0,1,_binary '',48),(1569,0,138,0,1,_binary '',48),(1570,0,139,0,1,_binary '',48),(1571,0,140,0,1,_binary '',48),(1572,0,141,0,1,_binary '',48),(1573,0,142,0,1,_binary '',48),(1574,0,143,0,1,_binary '',48),(1575,0,145,0,1,_binary '',48),(1576,0,147,0,1,_binary '',48),(1577,0,151,0,1,_binary '',48),(1578,0,155,0,1,_binary '',48),(1579,0,159,0,1,_binary '',48),(1580,0,167,0,1,_binary '',48),(1581,0,168,0,1,_binary '',48),(1582,0,169,0,1,_binary '',48),(1583,0,170,0,1,_binary '',48),(1584,0,172,0,1,_binary '',48),(1585,0,181,0,1,_binary '',48),(1586,0,193,0,1,_binary '',48),(1587,0,200,0,1,_binary '',48),(1588,0,203,0,1,_binary '',48),(1589,0,204,0,1,_binary '',48),(1590,0,209,0,1,_binary '',48),(1591,0,211,0,1,_binary '',48),(1592,0,141,0,1,_binary '',42),(1593,0,200,0,1,_binary '',42),(1594,0,225,0,2,_binary '',42),(1595,0,226,0,2,_binary '',42),(1596,0,230,0,2,_binary '',42),(1597,0,238,5,3,_binary '',42),(1598,0,239,5,3,_binary '',42),(1599,0,240,4,3,_binary '',42),(1600,0,266,5,4,_binary '',42),(1601,0,267,5,4,_binary '',42),(1602,0,268,5,4,_binary '',42),(1603,0,269,5,4,_binary '',42),(1604,0,270,5,4,_binary '',42),(1605,0,271,5,4,_binary '',42),(1606,0,272,5,4,_binary '',42),(1607,0,273,5,4,_binary '',42),(1608,0,274,5,4,_binary '',42),(1609,0,275,5,4,_binary '',42),(1610,0,276,5,4,_binary '',42),(1611,0,277,5,4,_binary '',42),(1612,0,278,5,4,_binary '',42),(1613,0,279,5,4,_binary '',42),(1614,0,280,5,4,_binary '',42),(1615,0,252,0,4,_binary '',35),(1616,0,253,0,4,_binary '',35),(1617,0,254,0,4,_binary '',35),(1618,0,255,0,4,_binary '',35),(1619,0,256,0,4,_binary '',35),(1620,0,257,0,4,_binary '',35),(1621,0,259,0,4,_binary '',35),(1622,0,263,0,4,_binary '',35),(1623,0,274,0,4,_binary '',35),(1624,0,1,0,1,_binary '',25),(1625,0,26,0,1,_binary '',25),(1626,0,46,0,1,_binary '',25),(1627,0,224,0,2,_binary '',25),(1628,0,225,0,2,_binary '',25),(1629,0,226,0,2,_binary '',25),(1630,0,227,0,2,_binary '',25),(1631,0,228,0,2,_binary '',25),(1632,0,229,0,2,_binary '',25),(1633,0,254,0,4,_binary '',62),(1634,0,280,0,4,_binary '',62),(1635,0,256,0,4,_binary '',63),(1636,0,269,0,4,_binary '',63),(1637,0,294,0,5,_binary '',63),(1638,0,301,0,5,_binary '',63),(1639,0,305,0,5,_binary '',63),(1640,0,315,0,5,_binary '',63),(1641,0,317,4,6,_binary '',63),(1642,0,318,5,6,_binary '',63),(1643,0,319,4,6,_binary '',63),(1644,0,320,5,6,_binary '',63),(1645,0,321,5,6,_binary '',63),(1646,0,322,4,6,_binary '',63),(1647,0,323,4,6,_binary '',63),(1648,0,324,4,6,_binary '',63),(1649,0,325,4,6,_binary '',63),(1650,0,326,2,6,_binary '',63),(1651,0,327,4,6,_binary '',63),(1652,0,328,5,6,_binary '',63),(1653,0,329,4,6,_binary '',63),(1654,0,15,0,1,_binary '',63),(1655,0,37,0,1,_binary '',63),(1656,0,56,0,1,_binary '',63),(1657,0,73,0,1,_binary '',63),(1658,0,75,0,1,_binary '',63),(1659,0,95,0,1,_binary '',63),(1660,0,96,0,1,_binary '',63),(1661,0,115,0,1,_binary '',63),(1662,0,138,0,1,_binary '',63),(1663,0,147,0,1,_binary '',63),(1664,0,151,0,1,_binary '',63),(1665,0,155,0,1,_binary '',63),(1666,0,169,0,1,_binary '',63),(1667,0,213,0,1,_binary '',63),(1668,0,256,0,4,_binary '',61),(1669,0,268,0,4,_binary '',61),(1670,0,283,0,5,_binary '',61),(1671,0,285,0,5,_binary '',61),(1672,0,287,0,5,_binary '',61),(1673,0,294,0,5,_binary '',61),(1674,0,298,0,5,_binary '',61),(1675,0,312,0,5,_binary '',61),(1676,0,325,5,6,_binary '',61),(1677,0,326,5,6,_binary '',61),(1678,0,329,5,6,_binary '',61),(1679,0,15,0,1,_binary '',61),(1680,0,37,0,1,_binary '',61),(1681,0,56,0,1,_binary '',61),(1682,0,61,0,1,_binary '',61),(1683,0,62,0,1,_binary '',61),(1684,0,66,0,1,_binary '',61),(1685,0,75,0,1,_binary '',61),(1686,0,77,0,1,_binary '',61),(1687,0,78,0,1,_binary '',61),(1688,0,79,0,1,_binary '',61),(1689,0,80,0,1,_binary '',61),(1690,0,81,0,1,_binary '',61),(1691,0,82,0,1,_binary '',61),(1692,0,86,0,1,_binary '',61),(1693,0,90,0,1,_binary '',61),(1694,0,95,0,1,_binary '',61),(1695,0,113,0,1,_binary '',61),(1696,0,114,0,1,_binary '',61),(1697,0,115,0,1,_binary '',61),(1698,0,116,0,1,_binary '',61),(1699,0,145,0,1,_binary '',61),(1700,0,149,0,1,_binary '',61),(1701,0,151,0,1,_binary '',61),(1702,0,158,0,1,_binary '',61),(1703,0,162,0,1,_binary '',61),(1704,0,168,0,1,_binary '',61),(1705,0,171,0,1,_binary '',61),(1706,0,255,0,4,_binary '',45),(1707,0,266,0,4,_binary '',45),(1708,0,267,0,4,_binary '',45),(1709,0,268,0,4,_binary '',45),(1710,0,269,0,4,_binary '',45),(1711,0,273,0,4,_binary '',45),(1712,0,284,0,5,_binary '',45),(1713,0,285,0,5,_binary '',45),(1714,0,288,0,5,_binary '',45),(1715,0,289,0,5,_binary '',45),(1716,0,292,0,5,_binary '',45),(1717,0,294,0,5,_binary '',45),(1718,0,295,0,5,_binary '',45),(1719,0,301,0,5,_binary '',45),(1720,0,310,0,5,_binary '',45),(1721,0,314,0,5,_binary '',45),(1722,0,317,3,6,_binary '',45),(1723,0,318,4,6,_binary '',45),(1724,0,319,4,6,_binary '',45),(1725,0,320,3,6,_binary '',45),(1726,0,322,4,6,_binary '',45),(1727,0,323,5,6,_binary '',45),(1728,0,324,3,6,_binary '',45),(1729,0,325,4,6,_binary '',45),(1730,0,327,4,6,_binary '',45),(1731,0,328,4,6,_binary '',45),(1732,0,329,4,6,_binary '',45),(1733,0,2,0,1,_binary '',45),(1734,0,4,0,1,_binary '',45),(1735,0,6,0,1,_binary '',45),(1736,0,37,0,1,_binary '',45),(1737,0,56,0,1,_binary '',45),(1738,0,73,0,1,_binary '',45),(1739,0,91,0,1,_binary '',45),(1740,0,111,0,1,_binary '',45),(1741,0,113,0,1,_binary '',45),(1742,0,114,0,1,_binary '',45),(1743,0,116,0,1,_binary '',45),(1744,0,143,0,1,_binary '',45),(1745,0,153,0,1,_binary '',45),(1746,0,155,0,1,_binary '',45),(1747,0,172,0,1,_binary '',45),(1748,0,175,0,1,_binary '',45),(1749,0,201,0,1,_binary '',45),(1750,0,204,0,1,_binary '',45),(1751,0,209,0,1,_binary '',45),(1752,0,212,0,1,_binary '',45),(1753,0,221,0,1,_binary '',45),(1754,0,252,0,4,_binary '',69),(1755,0,253,0,4,_binary '',69),(1756,0,254,0,4,_binary '',69),(1757,0,256,0,4,_binary '',69),(1758,0,257,0,4,_binary '',69),(1759,0,258,0,4,_binary '',69),(1760,0,273,0,4,_binary '',69),(1767,0,282,0,5,_binary '',69),(1768,0,285,0,5,_binary '',69),(1769,0,294,0,5,_binary '',69),(1770,0,301,0,5,_binary '',69),(1771,0,310,0,5,_binary '',69),(1772,0,314,0,5,_binary '',69),(1773,0,317,5,6,_binary '',69),(1774,0,318,4,6,_binary '',69),(1775,0,319,4,6,_binary '',69),(1776,0,320,4,6,_binary '',69),(1777,0,321,4,6,_binary '',69),(1778,0,322,5,6,_binary '',69),(1779,0,323,3,6,_binary '',69),(1780,0,324,2,6,_binary '',69),(1781,0,325,2,6,_binary '',69),(1782,0,326,4,6,_binary '',69),(1783,0,327,3,6,_binary '',69),(1784,0,328,3,6,_binary '',69),(1785,0,329,4,6,_binary '',69),(1786,0,3,0,1,_binary '',69),(1787,0,26,0,1,_binary '',69),(1788,0,41,0,1,_binary '',69),(1789,0,51,0,1,_binary '',69),(1790,0,58,0,1,_binary '',69),(1791,0,59,0,1,_binary '',69),(1792,0,63,0,1,_binary '',69),(1793,0,64,0,1,_binary '',69),(1794,0,67,0,1,_binary '',69),(1795,0,81,0,1,_binary '',69),(1796,0,95,0,1,_binary '',69),(1797,0,99,0,1,_binary '',69),(1798,0,115,0,1,_binary '',69),(1799,0,116,0,1,_binary '',69),(1800,0,133,0,1,_binary '',69),(1801,0,137,0,1,_binary '',69),(1802,0,139,0,1,_binary '',69),(1803,0,147,0,1,_binary '',69),(1804,0,155,0,1,_binary '',69),(1805,0,156,0,1,_binary '',69),(1806,0,168,0,1,_binary '',69),(1807,0,169,0,1,_binary '',69),(1808,0,181,0,1,_binary '',69),(1809,0,187,0,1,_binary '',69),(1810,0,190,0,1,_binary '',69),(1811,0,196,0,1,_binary '',69),(1812,0,215,0,1,_binary '',69),(1838,0,9,0,1,_binary '',56),(1839,0,18,0,1,_binary '',56),(1840,0,30,0,1,_binary '',56),(1841,0,56,0,1,_binary '',56),(1842,0,66,0,1,_binary '',56),(1843,0,76,0,1,_binary '',56),(1844,0,90,0,1,_binary '',56),(1845,0,111,0,1,_binary '',56),(1846,0,113,0,1,_binary '',56),(1847,0,114,0,1,_binary '',56),(1848,0,115,0,1,_binary '',56),(1849,0,117,0,1,_binary '',56),(1850,0,119,0,1,_binary '',56),(1851,0,123,0,1,_binary '',56),(1852,0,124,0,1,_binary '',56),(1853,0,125,0,1,_binary '',56),(1854,0,126,0,1,_binary '',56),(1855,0,129,0,1,_binary '',56),(1856,0,130,0,1,_binary '',56),(1857,0,143,0,1,_binary '',56),(1858,0,153,0,1,_binary '',56),(1859,0,164,0,1,_binary '',56),(1860,0,184,0,1,_binary '',56),(1861,0,194,0,1,_binary '',56),(1862,0,195,0,1,_binary '',56),(1863,0,222,0,1,_binary '',56),(1864,0,225,0,2,_binary '',56),(1865,0,239,1,3,_binary '',56),(1866,0,240,2,3,_binary '',56),(1867,0,243,4,3,_binary '',56),(1868,0,245,3,3,_binary '',56),(1869,0,246,2,3,_binary '',56),(1870,0,270,1,4,_binary '',56),(1871,0,256,0,4,_binary '',52),(1872,0,257,0,4,_binary '',52),(1873,0,266,0,4,_binary '',52),(1874,0,295,0,5,_binary '',52),(1875,0,299,0,5,_binary '',52),(1876,0,300,0,5,_binary '',52),(1877,0,309,0,5,_binary '',52),(1878,0,314,0,5,_binary '',52),(1894,0,256,0,4,_binary '',70),(1895,0,268,0,4,_binary '',70),(1896,0,281,0,5,_binary '',70),(1897,0,284,0,5,_binary '',70),(1898,0,285,0,5,_binary '',70),(1899,0,294,0,5,_binary '',70),(1900,0,298,0,5,_binary '',70),(1901,0,306,0,5,_binary '',70),(1902,0,314,0,5,_binary '',70),(1903,0,318,3,6,_binary '',70),(1904,0,321,2,6,_binary '',70),(1905,0,322,4,6,_binary '',70),(1906,0,323,2,6,_binary '',70),(1907,0,324,4,6,_binary '',70),(1908,0,325,5,6,_binary '',70),(1909,0,328,5,6,_binary '',70),(1910,0,329,3,6,_binary '',70),(1911,0,15,0,1,_binary '',70),(1912,0,37,0,1,_binary '',70),(1913,0,56,0,1,_binary '',70),(1914,0,73,0,1,_binary '',70),(1915,0,75,0,1,_binary '',70),(1916,0,111,0,1,_binary '',70),(1917,0,131,0,1,_binary '',70),(1918,0,143,0,1,_binary '',70),(1919,0,147,0,1,_binary '',70),(1920,0,151,0,1,_binary '',70),(1921,0,165,0,1,_binary '',70),(1922,0,171,0,1,_binary '',70),(1923,0,175,0,1,_binary '',70),(1924,0,176,0,1,_binary '',70),(1925,0,177,0,1,_binary '',70),(1926,0,183,0,1,_binary '',70),(1927,0,201,0,1,_binary '',70),(1928,0,205,0,1,_binary '',70),(1929,0,207,0,1,_binary '',70),(1958,0,266,5,4,_binary '',71),(1959,0,267,5,4,_binary '',71),(1960,0,268,5,4,_binary '',71),(1961,0,269,5,4,_binary '',71),(1962,0,270,3,4,_binary '',71),(1963,0,15,0,1,_binary '',71),(1964,0,37,0,1,_binary '',71),(1965,0,56,0,1,_binary '',71),(1966,0,73,0,1,_binary '',71),(1967,0,91,0,1,_binary '',71),(1968,0,111,0,1,_binary '',71),(1969,0,113,0,1,_binary '',71),(1970,0,114,0,1,_binary '',71),(1971,0,155,0,1,_binary '',71),(1972,0,159,0,1,_binary '',71),(1973,0,160,0,1,_binary '',71),(1974,0,167,0,1,_binary '',71),(1975,0,168,0,1,_binary '',71),(1976,0,169,0,1,_binary '',71),(1977,0,170,0,1,_binary '',71),(1978,0,172,0,1,_binary '',71),(1979,0,178,0,1,_binary '',71),(1980,0,179,0,1,_binary '',71),(1981,0,181,0,1,_binary '',71),(1982,0,184,0,1,_binary '',71),(1983,0,193,0,1,_binary '',71),(1984,0,195,0,1,_binary '',71),(1985,0,224,0,2,_binary '',71),(1986,0,225,0,2,_binary '',71),(1987,0,226,0,2,_binary '',71),(1988,0,228,0,2,_binary '',71),(1989,0,229,0,2,_binary '',71),(1990,0,235,0,2,_binary '',71),(1991,0,238,3,3,_binary '',71),(1992,0,239,2,3,_binary '',71),(1993,0,240,3,3,_binary '',71),(1994,0,241,3,3,_binary '',71),(1995,0,242,4,3,_binary '',71),(1996,0,243,4,3,_binary '',71),(1997,0,247,5,3,_binary '',71),(2001,0,318,3,6,_binary '',46),(2002,0,321,4,6,_binary '',46),(2003,0,322,3,6,_binary '',46),(2004,0,329,3,6,_binary '',46),(2008,0,167,0,1,_binary '',73),(2009,0,168,0,1,_binary '',73),(2010,0,169,0,1,_binary '',73),(2011,0,170,0,1,_binary '',73),(2012,0,171,0,1,_binary '',73),(2013,0,172,0,1,_binary '',73),(2014,0,173,0,1,_binary '',73),(2015,0,174,0,1,_binary '',73),(2016,0,175,0,1,_binary '',73),(2017,0,176,0,1,_binary '',73),(2018,0,177,0,1,_binary '',73),(2019,0,178,0,1,_binary '',73),(2020,0,179,0,1,_binary '',73),(2021,0,180,0,1,_binary '',73),(2022,0,181,0,1,_binary '',73),(2023,0,182,0,1,_binary '',73),(2024,0,183,0,1,_binary '',73),(2025,0,184,0,1,_binary '',73),(2026,0,185,0,1,_binary '',73),(2027,0,186,0,1,_binary '',73),(2028,0,187,0,1,_binary '',73),(2029,0,188,0,1,_binary '',73),(2030,0,189,0,1,_binary '',73),(2031,0,190,0,1,_binary '',73),(2032,0,191,0,1,_binary '',73),(2033,0,192,0,1,_binary '',73),(2034,0,193,0,1,_binary '',73),(2035,0,194,0,1,_binary '',73),(2036,0,195,0,1,_binary '',73),(2037,0,196,0,1,_binary '',73),(2038,0,197,0,1,_binary '',73),(2039,0,198,0,1,_binary '',73),(2040,0,201,0,1,_binary '',73),(2041,0,224,0,2,_binary '',73),(2042,0,225,0,2,_binary '',73),(2043,0,226,0,2,_binary '',73),(2044,0,227,0,2,_binary '',73),(2045,0,228,0,2,_binary '',73),(2046,0,229,0,2,_binary '',73),(2047,0,230,0,2,_binary '',73),(2048,0,231,0,2,_binary '',73),(2049,0,232,0,2,_binary '',73),(2050,0,233,0,2,_binary '',73),(2051,0,234,0,2,_binary '',73),(2052,0,235,0,2,_binary '',73),(2053,0,236,0,2,_binary '',73),(2054,0,238,5,3,_binary '',73),(2055,0,239,5,3,_binary '',73),(2056,0,240,5,3,_binary '',73),(2057,0,241,5,3,_binary '',73),(2058,0,242,5,3,_binary '',73),(2059,0,243,5,3,_binary '',73),(2060,0,244,5,3,_binary '',73),(2061,0,245,5,3,_binary '',73),(2062,0,246,5,3,_binary '',73),(2063,0,247,5,3,_binary '',73),(2064,0,248,5,3,_binary '',73),(2065,0,249,5,3,_binary '',73),(2066,0,250,5,3,_binary '',73),(2067,0,266,5,4,_binary '',73),(2068,0,267,5,4,_binary '',73),(2069,0,268,5,4,_binary '',73),(2070,0,269,5,4,_binary '',73),(2071,0,270,4,4,_binary '',73),(2072,0,271,3,4,_binary '',73),(2073,0,272,4,4,_binary '',73),(2074,0,273,5,4,_binary '',73),(2075,0,274,4,4,_binary '',73),(2076,0,275,4,4,_binary '',73),(2077,0,276,4,4,_binary '',73),(2078,0,277,5,4,_binary '',73),(2079,0,278,4,4,_binary '',73),(2080,0,279,4,4,_binary '',73),(2081,0,280,4,4,_binary '',73),(2082,0,15,0,1,_binary '',74),(2083,0,25,0,1,_binary '',74),(2084,0,31,0,1,_binary '',74),(2085,0,44,0,1,_binary '',74),(2086,0,61,0,1,_binary '',74),(2087,0,62,0,1,_binary '',74),(2088,0,64,0,1,_binary '',74),(2089,0,67,0,1,_binary '',74),(2090,0,72,0,1,_binary '',74),(2091,0,104,0,1,_binary '',74),(2092,0,168,0,1,_binary '',74),(2093,0,169,0,1,_binary '',74),(2094,0,172,0,1,_binary '',74),(2095,0,196,0,1,_binary '',74),(2096,0,224,0,2,_binary '',74),(2097,0,225,0,2,_binary '',74),(2098,0,226,0,2,_binary '',74),(2099,0,227,0,2,_binary '',74),(2100,0,228,0,2,_binary '',74),(2101,0,229,0,2,_binary '',74),(2102,0,232,0,2,_binary '',74),(2103,0,235,0,2,_binary '',74),(2104,0,238,5,3,_binary '',74),(2105,0,239,5,3,_binary '',74),(2106,0,240,4,3,_binary '',74),(2107,0,241,5,3,_binary '',74),(2108,0,247,4,3,_binary '',74),(2109,0,248,5,3,_binary '',74),(2110,0,266,5,4,_binary '',74),(2111,0,267,4,4,_binary '',74),(2112,0,268,3,4,_binary '',74),(2113,0,269,4,4,_binary '',74),(2114,0,270,4,4,_binary '',74),(2115,0,276,4,4,_binary '',74),(2116,0,277,5,4,_binary '',74),(2130,0,256,0,4,_binary '',76),(2131,0,268,0,4,_binary '',76),(2132,0,281,0,5,_binary '',76),(2133,0,282,0,5,_binary '',76),(2134,0,285,0,5,_binary '',76),(2135,0,287,0,5,_binary '',76),(2136,0,288,0,5,_binary '',76),(2137,0,289,0,5,_binary '',76),(2138,0,292,0,5,_binary '',76),(2139,0,294,0,5,_binary '',76),(2140,0,301,0,5,_binary '',76),(2141,0,310,0,5,_binary '',76),(2142,0,313,0,5,_binary '',76),(2143,0,317,2,6,_binary '',76),(2144,0,318,5,6,_binary '',76),(2145,0,319,3,6,_binary '',76),(2146,0,320,3,6,_binary '',76),(2147,0,321,5,6,_binary '',76),(2148,0,322,2,6,_binary '',76),(2149,0,323,2,6,_binary '',76),(2150,0,324,2,6,_binary '',76),(2151,0,325,5,6,_binary '',76),(2152,0,326,2,6,_binary '',76),(2153,0,327,2,6,_binary '',76),(2154,0,328,2,6,_binary '',76),(2155,0,329,5,6,_binary '',76),(2156,0,15,0,1,_binary '',76),(2157,0,37,0,1,_binary '',76),(2158,0,56,0,1,_binary '',76),(2159,0,75,0,1,_binary '',76),(2160,0,76,0,1,_binary '',76),(2161,0,81,0,1,_binary '',76),(2162,0,84,0,1,_binary '',76),(2163,0,86,0,1,_binary '',76),(2164,0,90,0,1,_binary '',76),(2165,0,111,0,1,_binary '',76),(2166,0,113,0,1,_binary '',76),(2167,0,114,0,1,_binary '',76),(2168,0,115,0,1,_binary '',76),(2169,0,133,0,1,_binary '',76),(2170,0,139,0,1,_binary '',76),(2171,0,147,0,1,_binary '',76),(2172,0,155,0,1,_binary '',76),(2173,0,168,0,1,_binary '',76),(2174,0,169,0,1,_binary '',76),(2175,0,172,0,1,_binary '',76),(2176,0,177,0,1,_binary '',76),(2177,0,178,0,1,_binary '',76),(2178,0,179,0,1,_binary '',76),(2179,0,184,0,1,_binary '',76),(2180,0,192,0,1,_binary '',76),(2181,0,193,0,1,_binary '',76),(2182,0,202,0,1,_binary '',76),(2183,0,203,0,1,_binary '',76),(2184,0,206,0,1,_binary '',76),(2185,0,207,0,1,_binary '',76),(2186,0,211,0,1,_binary '',76),(2187,0,215,0,1,_binary '',76),(2188,0,3,0,1,_binary '',82),(2189,0,5,0,1,_binary '',82),(2190,0,9,0,1,_binary '',82),(2191,0,10,0,1,_binary '',82),(2192,0,18,0,1,_binary '',82),(2193,0,23,0,1,_binary '',82),(2194,0,31,0,1,_binary '',82),(2195,0,48,0,1,_binary '',82),(2196,0,53,0,1,_binary '',82),(2197,0,67,0,1,_binary '',82),(2198,0,76,0,1,_binary '',82),(2199,0,111,0,1,_binary '',82),(2200,0,131,0,1,_binary '',82),(2201,0,137,0,1,_binary '',82),(2202,0,139,0,1,_binary '',82),(2203,0,142,0,1,_binary '',82),(2204,0,153,0,1,_binary '',82),(2205,0,156,0,1,_binary '',82),(2206,0,168,0,1,_binary '',82),(2207,0,169,0,1,_binary '',82),(2208,0,170,0,1,_binary '',82),(2209,0,172,0,1,_binary '',82),(2210,0,181,0,1,_binary '',82),(2211,0,211,0,1,_binary '',82),(2212,0,214,0,1,_binary '',82),(2213,0,221,0,1,_binary '',82),(2214,0,225,0,2,_binary '',82),(2215,0,226,0,2,_binary '',82),(2216,0,228,0,2,_binary '',82),(2217,0,229,0,2,_binary '',82),(2218,0,230,0,2,_binary '',82),(2219,0,232,0,2,_binary '',82),(2220,0,238,2,3,_binary '',82),(2221,0,239,5,3,_binary '',82),(2222,0,240,5,3,_binary '',82),(2223,0,242,5,3,_binary '',82),(2224,0,243,5,3,_binary '',82),(2225,0,246,5,3,_binary '',82),(2226,0,247,3,3,_binary '',82),(2227,0,248,4,3,_binary '',82),(2228,0,250,3,3,_binary '',82),(2229,0,266,5,4,_binary '',82),(2230,0,267,5,4,_binary '',82),(2231,0,268,2,4,_binary '',82),(2232,0,269,5,4,_binary '',82),(2233,0,270,5,4,_binary '',82),(2234,0,271,3,4,_binary '',82),(2235,0,272,5,4,_binary '',82),(2236,0,273,5,4,_binary '',82),(2237,0,274,3,4,_binary '',82),(2238,0,275,3,4,_binary '',82),(2239,0,276,5,4,_binary '',82),(2240,0,277,5,4,_binary '',82),(2241,0,278,3,4,_binary '',82),(2242,0,279,3,4,_binary '',82),(2243,0,280,3,4,_binary '',82),(2244,0,75,0,1,_binary '',75),(2245,0,95,0,1,_binary '',75),(2246,0,172,0,1,_binary '',75),(2247,0,176,0,1,_binary '',75),(2248,0,196,0,1,_binary '',75),(2249,0,203,0,1,_binary '',75),(2250,0,205,0,1,_binary '',75),(2251,0,224,0,2,_binary '',75),(2252,0,225,0,2,_binary '',75),(2253,0,229,0,2,_binary '',75),(2254,0,232,0,2,_binary '',75),(2255,0,235,0,2,_binary '',75),(2256,0,236,0,2,_binary '',75),(2257,0,238,3,3,_binary '',75),(2258,0,239,3,3,_binary '',75),(2259,0,240,3,3,_binary '',75),(2260,0,242,5,3,_binary '',75),(2261,0,243,5,3,_binary '',75),(2262,0,245,3,3,_binary '',75),(2263,0,246,3,3,_binary '',75),(2264,0,266,5,4,_binary '',75),(2265,0,267,5,4,_binary '',75),(2266,0,268,5,4,_binary '',75),(2267,0,269,5,4,_binary '',75),(2268,0,270,5,4,_binary '',75),(2269,0,271,5,4,_binary '',75),(2270,0,272,5,4,_binary '',75),(2271,0,273,5,4,_binary '',75),(2272,0,274,5,4,_binary '',75),(2273,0,275,5,4,_binary '',75),(2274,0,276,5,4,_binary '',75),(2275,0,277,5,4,_binary '',75),(2276,0,278,5,4,_binary '',75),(2277,0,279,5,4,_binary '',75),(2278,0,280,5,4,_binary '',75),(2279,0,15,0,1,_binary '',81),(2280,0,37,0,1,_binary '',81),(2281,0,56,0,1,_binary '',81),(2282,0,73,0,1,_binary '',81),(2283,0,75,0,1,_binary '',81),(2284,0,95,0,1,_binary '',81),(2285,0,143,0,1,_binary '',81),(2286,0,151,0,1,_binary '',81),(2287,0,165,0,1,_binary '',81),(2288,0,168,0,1,_binary '',81),(2289,0,169,0,1,_binary '',81),(2290,0,172,0,1,_binary '',81),(2291,0,176,0,1,_binary '',81),(2292,0,225,0,2,_binary '',81),(2293,0,227,0,2,_binary '',81),(2294,0,228,0,2,_binary '',81),(2295,0,229,0,2,_binary '',81),(2296,0,230,0,2,_binary '',81),(2297,0,232,0,2,_binary '',81),(2298,0,235,0,2,_binary '',81),(2299,0,242,5,3,_binary '',81),(2300,0,244,3,3,_binary '',81),(2301,0,245,3,3,_binary '',81),(2302,0,249,5,3,_binary '',81),(2303,0,266,5,4,_binary '',81),(2304,0,267,4,4,_binary '',81),(2305,0,269,5,4,_binary '',81),(2306,0,272,4,4,_binary '',81),(2307,0,273,5,4,_binary '',81),(2308,0,274,4,4,_binary '',81),(2309,0,277,2,4,_binary '',81),(2322,0,61,0,1,_binary '',89),(2323,0,67,0,1,_binary '',89),(2324,0,75,0,1,_binary '',89),(2325,0,76,0,1,_binary '',89),(2326,0,133,0,1,_binary '',89),(2327,0,136,0,1,_binary '',89),(2328,0,137,0,1,_binary '',89),(2329,0,138,0,1,_binary '',89),(2330,0,139,0,1,_binary '',89),(2331,0,140,0,1,_binary '',89),(2332,0,141,0,1,_binary '',89),(2333,0,160,0,1,_binary '',89),(2334,0,161,0,1,_binary '',89),(2335,0,167,0,1,_binary '',89),(2336,0,168,0,1,_binary '',89),(2337,0,169,0,1,_binary '',89),(2338,0,174,0,1,_binary '',89),(2339,0,175,0,1,_binary '',89),(2340,0,176,0,1,_binary '',89),(2341,0,179,0,1,_binary '',89),(2342,0,181,0,1,_binary '',89),(2343,0,184,0,1,_binary '',89),(2344,0,185,0,1,_binary '',89),(2345,0,188,0,1,_binary '',89),(2346,0,201,0,1,_binary '',89),(2347,0,204,0,1,_binary '',89),(2348,0,206,0,1,_binary '',89),(2349,0,211,0,1,_binary '',89),(2350,0,212,0,1,_binary '',89),(2351,0,225,0,2,_binary '',89),(2352,0,226,0,2,_binary '',89),(2353,0,228,0,2,_binary '',89),(2354,0,229,0,2,_binary '',89),(2355,0,230,0,2,_binary '',89),(2356,0,234,0,2,_binary '',89),(2362,0,238,5,3,_binary '',58),(2363,0,239,5,3,_binary '',58),(2364,0,240,4,3,_binary '',58),(2365,0,241,3,3,_binary '',58),(2366,0,242,5,3,_binary '',58),(2367,0,243,4,3,_binary '',58),(2368,0,244,4,3,_binary '',58),(2369,0,245,4,3,_binary '',58),(2370,0,246,3,3,_binary '',58),(2371,0,247,4,3,_binary '',58),(2372,0,248,3,3,_binary '',58),(2373,0,249,4,3,_binary '',58),(2374,0,250,4,3,_binary '',58),(2375,0,238,5,3,_binary '',89),(2376,0,239,5,3,_binary '',89),(2377,0,240,5,3,_binary '',89),(2378,0,241,5,3,_binary '',89),(2379,0,244,5,3,_binary '',89),(2380,0,245,5,3,_binary '',89),(2381,0,246,5,3,_binary '',89),(2382,0,249,5,3,_binary '',89),(2383,0,250,5,3,_binary '',89),(2384,0,266,5,4,_binary '',89),(2385,0,267,5,4,_binary '',89),(2386,0,268,5,4,_binary '',89),(2387,0,269,5,4,_binary '',89),(2388,0,270,5,4,_binary '',89),(2389,0,271,5,4,_binary '',89),(2390,0,272,5,4,_binary '',89),(2391,0,273,5,4,_binary '',89),(2392,0,274,5,4,_binary '',89),(2393,0,275,5,4,_binary '',89),(2394,0,276,5,4,_binary '',89),(2395,0,277,5,4,_binary '',89),(2396,0,278,5,4,_binary '',89),(2397,0,279,5,4,_binary '',89),(2398,0,280,5,4,_binary '',89),(2399,0,266,5,4,_binary '',58),(2400,0,267,5,4,_binary '',58),(2401,0,268,5,4,_binary '',58),(2402,0,269,5,4,_binary '',58),(2403,0,270,4,4,_binary '',58),(2404,0,271,4,4,_binary '',58),(2405,0,272,4,4,_binary '',58),(2406,0,273,4,4,_binary '',58),(2407,0,274,4,4,_binary '',58),(2408,0,275,4,4,_binary '',58),(2409,0,276,4,4,_binary '',58),(2410,0,277,5,4,_binary '',58),(2411,0,278,4,4,_binary '',58),(2412,0,279,4,4,_binary '',58),(2413,0,280,4,4,_binary '',58),(2414,0,168,0,1,_binary '',40),(2415,0,169,0,1,_binary '',40),(2416,0,172,0,1,_binary '',40),(2417,0,177,0,1,_binary '',40),(2418,0,201,0,1,_binary '',40),(2419,0,212,0,1,_binary '',40),(2420,0,224,0,2,_binary '',40),(2421,0,225,0,2,_binary '',40),(2422,0,226,0,2,_binary '',40),(2423,0,227,0,2,_binary '',40),(2424,0,229,0,2,_binary '',40),(2425,0,232,0,2,_binary '',40),(2426,0,235,0,2,_binary '',40),(2427,0,239,5,3,_binary '',40),(2428,0,240,5,3,_binary '',40),(2429,0,246,5,3,_binary '',40),(2430,0,247,5,3,_binary '',40),(2431,0,249,5,3,_binary '',40),(2432,0,266,5,4,_binary '',40),(2433,0,267,5,4,_binary '',40),(2434,0,268,4,4,_binary '',40),(2435,0,269,5,4,_binary '',40),(2436,0,277,5,4,_binary '',40),(2437,0,259,0,4,_binary '',86),(2438,0,278,0,4,_binary '',86),(2439,0,280,0,4,_binary '',86),(2440,0,285,0,5,_binary '',86),(2441,0,294,0,5,_binary '',86),(2442,0,298,0,5,_binary '',86),(2443,0,310,0,5,_binary '',86),(2444,0,312,0,5,_binary '',86),(2445,0,318,5,6,_binary '',86),(2446,0,319,3,6,_binary '',86),(2447,0,320,3,6,_binary '',86),(2448,0,321,5,6,_binary '',86),(2449,0,322,5,6,_binary '',86),(2450,0,323,3,6,_binary '',86),(2451,0,328,2,6,_binary '',86),(2452,0,329,3,6,_binary '',86),(2453,0,15,0,1,_binary '',86),(2454,0,37,0,1,_binary '',86),(2455,0,51,0,1,_binary '',86),(2456,0,61,0,1,_binary '',86),(2457,0,62,0,1,_binary '',86),(2458,0,63,0,1,_binary '',86),(2459,0,66,0,1,_binary '',86),(2460,0,81,0,1,_binary '',86),(2461,0,84,0,1,_binary '',86),(2462,0,90,0,1,_binary '',86),(2463,0,101,0,1,_binary '',86),(2464,0,113,0,1,_binary '',86),(2465,0,115,0,1,_binary '',86),(2466,0,116,0,1,_binary '',86),(2467,0,117,0,1,_binary '',86),(2468,0,118,0,1,_binary '',86),(2469,0,119,0,1,_binary '',86),(2470,0,121,0,1,_binary '',86),(2471,0,123,0,1,_binary '',86),(2472,0,125,0,1,_binary '',86),(2473,0,129,0,1,_binary '',86),(2474,0,130,0,1,_binary '',86),(2475,0,139,0,1,_binary '',86),(2476,0,145,0,1,_binary '',86),(2477,0,165,0,1,_binary '',86),(2478,0,169,0,1,_binary '',86),(2479,0,184,0,1,_binary '',86),(2480,0,195,0,1,_binary '',86),(2481,0,204,0,1,_binary '',86),(2482,0,206,0,1,_binary '',86),(2483,0,282,0,5,_binary '',47),(2484,0,289,0,5,_binary '',47),(2485,0,294,0,5,_binary '',47),(2486,0,300,0,5,_binary '',47),(2487,0,310,0,5,_binary '',47),(2488,0,314,0,5,_binary '',47),(2489,0,317,2,6,_binary '',47),(2490,0,318,3,6,_binary '',47),(2491,0,319,4,6,_binary '',47),(2492,0,320,3,6,_binary '',47),(2493,0,321,4,6,_binary '',47),(2494,0,322,4,6,_binary '',47),(2495,0,323,2,6,_binary '',47),(2496,0,324,5,6,_binary '',47),(2497,0,325,3,6,_binary '',47),(2498,0,326,2,6,_binary '',47),(2499,0,327,2,6,_binary '',47),(2500,0,328,4,6,_binary '',47),(2501,0,329,3,6,_binary '',47),(2502,0,2,0,1,_binary '',47),(2503,0,3,0,1,_binary '',47),(2504,0,4,0,1,_binary '',47),(2505,0,13,0,1,_binary '',47),(2506,0,27,0,1,_binary '',47),(2507,0,56,0,1,_binary '',47),(2508,0,73,0,1,_binary '',47),(2509,0,76,0,1,_binary '',47),(2510,0,79,0,1,_binary '',47),(2511,0,80,0,1,_binary '',47),(2512,0,83,0,1,_binary '',47),(2513,0,84,0,1,_binary '',47),(2514,0,111,0,1,_binary '',47),(2515,0,115,0,1,_binary '',47),(2516,0,116,0,1,_binary '',47),(2517,0,123,0,1,_binary '',47),(2518,0,143,0,1,_binary '',47),(2519,0,153,0,1,_binary '',47),(2520,0,155,0,1,_binary '',47),(2521,0,168,0,1,_binary '',47),(2522,0,169,0,1,_binary '',47),(2523,0,201,0,1,_binary '',47),(2524,0,205,0,1,_binary '',47),(2525,0,206,0,1,_binary '',47),(2526,0,211,0,1,_binary '',47),(2527,0,241,3,3,_binary '',41),(2528,0,242,5,3,_binary '',41),(2529,0,244,3,3,_binary '',41),(2530,0,245,5,3,_binary '',41),(2531,0,246,5,3,_binary '',41),(2532,0,250,4,3,_binary '',41),(2533,0,256,0,4,_binary '',53),(2534,0,266,0,4,_binary '',53),(2535,0,294,0,5,_binary '',53),(2536,0,295,0,5,_binary '',53),(2537,0,299,0,5,_binary '',53),(2538,0,300,0,5,_binary '',53),(2539,0,310,0,5,_binary '',53),(2540,0,314,0,5,_binary '',53),(2541,0,322,5,6,_binary '',53),(2542,0,325,5,6,_binary '',53),(2543,0,329,3,6,_binary '',53),(2544,0,204,0,1,_binary '',53),(2545,0,259,0,4,_binary '',94),(2546,0,266,0,4,_binary '',94),(2547,0,285,0,5,_binary '',94),(2548,0,290,0,5,_binary '',94),(2549,0,294,0,5,_binary '',94),(2550,0,299,0,5,_binary '',94),(2551,0,300,0,5,_binary '',94),(2552,0,307,0,5,_binary '',94),(2553,0,314,0,5,_binary '',94),(2554,0,319,5,6,_binary '',94),(2555,0,320,2,6,_binary '',94),(2556,0,322,5,6,_binary '',94),(2557,0,323,3,6,_binary '',94),(2558,0,325,3,6,_binary '',94),(2559,0,10,0,1,_binary '',94),(2560,0,12,0,1,_binary '',94),(2561,0,13,0,1,_binary '',94),(2562,0,37,0,1,_binary '',94),(2563,0,56,0,1,_binary '',94),(2564,0,73,0,1,_binary '',94),(2565,0,75,0,1,_binary '',94),(2566,0,111,0,1,_binary '',94),(2567,0,131,0,1,_binary '',94),(2568,0,142,0,1,_binary '',94),(2569,0,153,0,1,_binary '',94),(2570,0,155,0,1,_binary '',94),(2571,0,160,0,1,_binary '',94),(2572,0,186,0,1,_binary '',94),(2573,0,252,0,4,_binary '',46),(2574,0,255,0,4,_binary '',46),(2575,0,256,0,4,_binary '',46),(2576,0,258,0,4,_binary '',46),(2577,0,266,0,4,_binary '',46),(2578,0,267,0,4,_binary '',46),(2579,0,268,0,4,_binary '',46),(2580,0,269,0,4,_binary '',46),(2581,0,284,0,5,_binary '',46),(2582,0,285,0,5,_binary '',46),(2583,0,294,0,5,_binary '',46),(2584,0,295,0,5,_binary '',46),(2585,0,298,0,5,_binary '',46),(2586,0,310,0,5,_binary '',46),(2587,0,314,0,5,_binary '',46),(2588,0,2,0,1,_binary '',46),(2589,0,6,0,1,_binary '',46),(2590,0,214,0,1,_binary '',46),(2593,0,256,0,4,_binary '',97),(2594,0,267,0,4,_binary '',97),(2595,0,285,0,5,_binary '',97),(2596,0,287,0,5,_binary '',97),(2597,0,294,0,5,_binary '',97),(2598,0,300,0,5,_binary '',97),(2599,0,303,0,5,_binary '',97),(2600,0,315,0,5,_binary '',97),(2601,0,317,3,6,_binary '',97),(2602,0,319,5,6,_binary '',97),(2603,0,320,5,6,_binary '',97),(2604,0,321,5,6,_binary '',97),(2605,0,322,3,6,_binary '',97),(2606,0,323,3,6,_binary '',97),(2607,0,324,5,6,_binary '',97),(2608,0,326,2,6,_binary '',97),(2609,0,327,2,6,_binary '',97),(2610,0,328,3,6,_binary '',97),(2611,0,329,1,6,_binary '',97),(2612,0,3,0,1,_binary '',97),(2613,0,37,0,1,_binary '',97),(2614,0,56,0,1,_binary '',97),(2615,0,73,0,1,_binary '',97),(2616,0,91,0,1,_binary '',97),(2617,0,111,0,1,_binary '',97),(2618,0,115,0,1,_binary '',97),(2619,0,116,0,1,_binary '',97),(2620,0,143,0,1,_binary '',97),(2621,0,153,0,1,_binary '',97),(2622,0,165,0,1,_binary '',97),(2623,0,198,0,1,_binary '',97),(2624,0,15,0,1,_binary '',87),(2625,0,37,0,1,_binary '',87),(2626,0,56,0,1,_binary '',87),(2627,0,63,0,1,_binary '',87),(2628,0,64,0,1,_binary '',87),(2629,0,67,0,1,_binary '',87),(2630,0,72,0,1,_binary '',87),(2631,0,75,0,1,_binary '',87),(2632,0,95,0,1,_binary '',87),(2633,0,104,0,1,_binary '',87),(2634,0,125,0,1,_binary '',87),(2635,0,138,0,1,_binary '',87),(2636,0,139,0,1,_binary '',87),(2637,0,151,0,1,_binary '',87),(2638,0,165,0,1,_binary '',87),(2639,0,167,0,1,_binary '',87),(2640,0,169,0,1,_binary '',87),(2641,0,172,0,1,_binary '',87),(2642,0,174,0,1,_binary '',87),(2643,0,176,0,1,_binary '',87),(2644,0,177,0,1,_binary '',87),(2645,0,179,0,1,_binary '',87),(2646,0,182,0,1,_binary '',87),(2647,0,183,0,1,_binary '',87),(2648,0,184,0,1,_binary '',87),(2649,0,196,0,1,_binary '',87),(2650,0,203,0,1,_binary '',87),(2651,0,224,0,2,_binary '',87),(2652,0,225,0,2,_binary '',87),(2653,0,227,0,2,_binary '',87),(2654,0,228,0,2,_binary '',87),(2655,0,229,0,2,_binary '',87),(2656,0,230,0,2,_binary '',87),(2657,0,232,0,2,_binary '',87),(2658,0,235,0,2,_binary '',87),(2659,0,238,5,3,_binary '',87),(2660,0,239,5,3,_binary '',87),(2661,0,240,5,3,_binary '',87),(2662,0,242,5,3,_binary '',87),(2663,0,243,5,3,_binary '',87),(2664,0,244,4,3,_binary '',87),(2665,0,245,5,3,_binary '',87),(2666,0,246,5,3,_binary '',87),(2667,0,249,5,3,_binary '',87),(2668,0,250,3,3,_binary '',87),(2669,0,266,5,4,_binary '',87),(2670,0,267,5,4,_binary '',87),(2671,0,268,4,4,_binary '',87),(2672,0,269,5,4,_binary '',87),(2673,0,270,5,4,_binary '',87),(2674,0,272,4,4,_binary '',87),(2675,0,273,5,4,_binary '',87),(2676,0,274,4,4,_binary '',87),(2677,0,275,4,4,_binary '',87),(2678,0,276,5,4,_binary '',87),(2679,0,277,5,4,_binary '',87),(2680,0,278,3,4,_binary '',87),(2681,0,279,3,4,_binary '',87),(2682,0,280,4,4,_binary '',87),(2683,0,256,0,4,_binary '',100),(2684,0,267,0,4,_binary '',100),(2685,0,283,0,5,_binary '',100),(2686,0,287,0,5,_binary '',100),(2687,0,300,0,5,_binary '',100),(2688,0,310,0,5,_binary '',100),(2689,0,313,0,5,_binary '',100),(2690,0,317,5,6,_binary '',100),(2691,0,318,5,6,_binary '',100),(2692,0,319,4,6,_binary '',100),(2693,0,320,4,6,_binary '',100),(2694,0,321,5,6,_binary '',100),(2695,0,322,5,6,_binary '',100),(2696,0,323,4,6,_binary '',100),(2697,0,324,5,6,_binary '',100),(2698,0,325,5,6,_binary '',100),(2699,0,326,5,6,_binary '',100),(2700,0,327,4,6,_binary '',100),(2701,0,328,5,6,_binary '',100),(2702,0,329,5,6,_binary '',100),(2703,0,1,0,1,_binary '',100),(2704,0,3,0,1,_binary '',100),(2705,0,4,0,1,_binary '',100),(2706,0,6,0,1,_binary '',100),(2707,0,7,0,1,_binary '',100),(2708,0,8,0,1,_binary '',100),(2709,0,14,0,1,_binary '',100),(2710,0,19,0,1,_binary '',100),(2711,0,20,0,1,_binary '',100),(2712,0,22,0,1,_binary '',100),(2713,0,24,0,1,_binary '',100),(2714,0,26,0,1,_binary '',100),(2715,0,27,0,1,_binary '',100),(2716,0,29,0,1,_binary '',100),(2717,0,30,0,1,_binary '',100),(2718,0,31,0,1,_binary '',100),(2719,0,32,0,1,_binary '',100),(2720,0,33,0,1,_binary '',100),(2721,0,40,0,1,_binary '',100),(2722,0,41,0,1,_binary '',100),(2723,0,44,0,1,_binary '',100),(2724,0,47,0,1,_binary '',100),(2725,0,48,0,1,_binary '',100),(2726,0,51,0,1,_binary '',100),(2727,0,52,0,1,_binary '',100),(2728,0,54,0,1,_binary '',100),(2729,0,58,0,1,_binary '',100),(2730,0,59,0,1,_binary '',100),(2731,0,61,0,1,_binary '',100),(2732,0,62,0,1,_binary '',100),(2733,0,63,0,1,_binary '',100),(2734,0,64,0,1,_binary '',100),(2735,0,66,0,1,_binary '',100),(2736,0,67,0,1,_binary '',100),(2737,0,70,0,1,_binary '',100),(2738,0,72,0,1,_binary '',100),(2739,0,77,0,1,_binary '',100),(2740,0,78,0,1,_binary '',100),(2741,0,79,0,1,_binary '',100),(2742,0,80,0,1,_binary '',100),(2743,0,82,0,1,_binary '',100),(2744,0,83,0,1,_binary '',100),(2745,0,84,0,1,_binary '',100),(2746,0,85,0,1,_binary '',100),(2747,0,86,0,1,_binary '',100),(2748,0,87,0,1,_binary '',100),(2749,0,88,0,1,_binary '',100),(2750,0,89,0,1,_binary '',100),(2751,0,90,0,1,_binary '',100),(2752,0,93,0,1,_binary '',100),(2753,0,94,0,1,_binary '',100),(2754,0,95,0,1,_binary '',100),(2755,0,96,0,1,_binary '',100),(2756,0,97,0,1,_binary '',100),(2757,0,98,0,1,_binary '',100),(2758,0,99,0,1,_binary '',100),(2759,0,100,0,1,_binary '',100),(2760,0,101,0,1,_binary '',100),(2761,0,102,0,1,_binary '',100),(2762,0,103,0,1,_binary '',100),(2763,0,104,0,1,_binary '',100),(2764,0,105,0,1,_binary '',100),(2765,0,106,0,1,_binary '',100),(2766,0,107,0,1,_binary '',100),(2767,0,108,0,1,_binary '',100),(2768,0,109,0,1,_binary '',100),(2769,0,110,0,1,_binary '',100),(2770,0,115,0,1,_binary '',100),(2771,0,116,0,1,_binary '',100),(2772,0,117,0,1,_binary '',100),(2773,0,118,0,1,_binary '',100),(2774,0,119,0,1,_binary '',100),(2775,0,120,0,1,_binary '',100),(2776,0,121,0,1,_binary '',100),(2777,0,122,0,1,_binary '',100),(2778,0,123,0,1,_binary '',100),(2779,0,127,0,1,_binary '',100),(2780,0,129,0,1,_binary '',100),(2781,0,130,0,1,_binary '',100),(2782,0,133,0,1,_binary '',100),(2783,0,134,0,1,_binary '',100),(2784,0,135,0,1,_binary '',100),(2785,0,137,0,1,_binary '',100),(2786,0,139,0,1,_binary '',100),(2787,0,141,0,1,_binary '',100),(2788,0,145,0,1,_binary '',100),(2789,0,146,0,1,_binary '',100),(2790,0,147,0,1,_binary '',100),(2791,0,148,0,1,_binary '',100),(2792,0,149,0,1,_binary '',100),(2793,0,150,0,1,_binary '',100),(2794,0,151,0,1,_binary '',100),(2795,0,152,0,1,_binary '',100),(2796,0,165,0,1,_binary '',100),(2797,0,171,0,1,_binary '',100),(2798,0,175,0,1,_binary '',100),(2799,0,176,0,1,_binary '',100),(2800,0,179,0,1,_binary '',100),(2801,0,182,0,1,_binary '',100),(2802,0,193,0,1,_binary '',100),(2803,0,194,0,1,_binary '',100),(2804,0,195,0,1,_binary '',100),(2805,0,196,0,1,_binary '',100),(2806,0,197,0,1,_binary '',100),(2807,0,200,0,1,_binary '',100),(2808,0,204,0,1,_binary '',100),(2809,0,206,0,1,_binary '',100),(2810,0,209,0,1,_binary '',100),(2811,0,212,0,1,_binary '',100),(2812,0,214,0,1,_binary '',100),(2813,0,219,0,1,_binary '',100),(2814,0,256,0,4,_binary '',99),(2815,0,258,0,4,_binary '',99),(2816,0,259,0,4,_binary '',99),(2817,0,262,0,4,_binary '',99),(2818,0,263,0,4,_binary '',99),(2819,0,267,0,4,_binary '',99),(2820,0,268,0,4,_binary '',99),(2821,0,284,0,5,_binary '',99),(2822,0,285,0,5,_binary '',99),(2823,0,287,0,5,_binary '',99),(2824,0,294,0,5,_binary '',99),(2825,0,301,0,5,_binary '',99),(2826,0,303,0,5,_binary '',99),(2827,0,314,0,5,_binary '',99),(2828,0,322,5,6,_binary '',99),(2829,0,324,5,6,_binary '',99),(2830,0,326,5,6,_binary '',99),(2831,0,328,5,6,_binary '',99),(2832,0,3,0,1,_binary '',99),(2833,0,10,0,1,_binary '',99),(2834,0,75,0,1,_binary '',99),(2835,0,169,0,1,_binary '',99),(2836,0,205,0,1,_binary '',99),(2837,0,19,0,1,_binary '',64),(2838,0,224,0,2,_binary '',64),(2839,0,225,0,2,_binary '',64),(2840,0,228,0,2,_binary '',64),(2841,0,229,0,2,_binary '',64),(2842,0,266,5,4,_binary '',64),(2843,0,267,5,4,_binary '',64),(2844,0,268,5,4,_binary '',64),(2845,0,269,5,4,_binary '',64),(2846,0,270,3,4,_binary '',64),(2847,0,271,3,4,_binary '',64),(2848,0,272,3,4,_binary '',64),(2849,0,273,3,4,_binary '',64),(2850,0,274,3,4,_binary '',64),(2851,0,275,3,4,_binary '',64),(2852,0,276,1,4,_binary '',64),(2853,0,277,3,4,_binary '',64),(2854,0,278,3,4,_binary '',64),(2855,0,279,3,4,_binary '',64),(2856,0,280,3,4,_binary '',64),(2857,0,238,5,3,_binary '',64),(2858,0,239,5,3,_binary '',64),(2859,0,240,5,3,_binary '',64),(2860,0,241,5,3,_binary '',64),(2861,0,247,5,3,_binary '',64),(2862,0,248,5,3,_binary '',64),(2863,0,252,0,4,_binary '',96),(2864,0,256,0,4,_binary '',96),(2865,0,258,0,4,_binary '',96),(2866,0,261,0,4,_binary '',96),(2867,0,262,0,4,_binary '',96),(2868,0,263,0,4,_binary '',96),(2869,0,264,0,4,_binary '',96),(2870,0,267,0,4,_binary '',96),(2871,0,268,0,4,_binary '',96),(2872,0,285,0,5,_binary '',96),(2873,0,287,0,5,_binary '',96),(2874,0,293,0,5,_binary '',96),(2875,0,294,0,5,_binary '',96),(2876,0,300,0,5,_binary '',96),(2877,0,304,0,5,_binary '',96),(2878,0,315,0,5,_binary '',96),(2879,0,317,5,6,_binary '',96),(2880,0,322,5,6,_binary '',96),(2881,0,325,5,6,_binary '',96),(2882,0,328,5,6,_binary '',96),(2883,0,3,0,1,_binary '',96),(2884,0,37,0,1,_binary '',96),(2885,0,56,0,1,_binary '',96),(2886,0,73,0,1,_binary '',96),(2887,0,75,0,1,_binary '',96),(2888,0,77,0,1,_binary '',96),(2889,0,78,0,1,_binary '',96),(2890,0,79,0,1,_binary '',96),(2891,0,80,0,1,_binary '',96),(2892,0,82,0,1,_binary '',96),(2893,0,89,0,1,_binary '',96),(2894,0,90,0,1,_binary '',96),(2895,0,111,0,1,_binary '',96),(2896,0,131,0,1,_binary '',96),(2897,0,143,0,1,_binary '',96),(2898,0,147,0,1,_binary '',96),(2899,0,165,0,1,_binary '',96),(2900,0,201,0,1,_binary '',96),(2901,0,205,0,1,_binary '',96),(2902,0,212,0,1,_binary '',96),(2903,0,256,0,4,_binary '',98),(2904,0,267,0,4,_binary '',98),(2905,0,285,0,5,_binary '',98),(2906,0,294,0,5,_binary '',98),(2907,0,301,0,5,_binary '',98),(2908,0,310,0,5,_binary '',98),(2909,0,315,0,5,_binary '',98),(2910,0,317,4,6,_binary '',98),(2911,0,318,5,6,_binary '',98),(2912,0,319,4,6,_binary '',98),(2913,0,320,5,6,_binary '',98),(2914,0,321,5,6,_binary '',98),(2915,0,322,4,6,_binary '',98),(2916,0,323,4,6,_binary '',98),(2917,0,324,4,6,_binary '',98),(2918,0,325,4,6,_binary '',98),(2919,0,326,2,6,_binary '',98),(2920,0,327,5,6,_binary '',98),(2921,0,328,4,6,_binary '',98),(2922,0,329,4,6,_binary '',98),(2923,0,15,0,1,_binary '',98),(2924,0,37,0,1,_binary '',98),(2925,0,56,0,1,_binary '',98),(2926,0,73,0,1,_binary '',98),(2927,0,91,0,1,_binary '',98),(2928,0,111,0,1,_binary '',98),(2929,0,131,0,1,_binary '',98),(2930,0,143,0,1,_binary '',98),(2931,0,145,0,1,_binary '',98),(2932,0,165,0,1,_binary '',98),(2933,0,198,0,1,_binary '',98),(2934,0,222,0,1,_binary '',98),(2935,0,256,0,4,_binary '',104),(2936,0,267,0,4,_binary '',104),(2937,0,283,0,5,_binary '',104),(2938,0,287,0,5,_binary '',104),(2939,0,292,0,5,_binary '',104),(2940,0,299,0,5,_binary '',104),(2941,0,300,0,5,_binary '',104),(2942,0,306,0,5,_binary '',104),(2943,0,315,0,5,_binary '',104),(2944,0,318,3,6,_binary '',104),(2945,0,320,4,6,_binary '',104),(2946,0,323,5,6,_binary '',104),(2947,0,324,5,6,_binary '',104),(2948,0,325,3,6,_binary '',104),(2949,0,326,5,6,_binary '',104),(2950,0,327,5,6,_binary '',104),(2951,0,329,3,6,_binary '',104),(2952,0,89,0,1,_binary '',104),(2953,0,113,0,1,_binary '',104),(2954,0,114,0,1,_binary '',104),(2955,0,115,0,1,_binary '',104),(2956,0,116,0,1,_binary '',104),(2957,0,118,0,1,_binary '',104),(2958,0,123,0,1,_binary '',104),(2959,0,125,0,1,_binary '',104),(2960,0,130,0,1,_binary '',104),(2961,0,268,5,4,_binary '',29),(2967,0,277,5,4,_binary '',29),(2968,0,278,5,4,_binary '',29),(2969,0,279,5,4,_binary '',29),(2970,0,15,0,1,_binary '',23),(2971,0,37,0,1,_binary '',23),(2972,0,56,0,1,_binary '',23),(2973,0,73,0,1,_binary '',23),(2974,0,75,0,1,_binary '',23),(2975,0,77,0,1,_binary '',23),(2976,0,78,0,1,_binary '',23),(2977,0,79,0,1,_binary '',23),(2978,0,80,0,1,_binary '',23),(2979,0,84,0,1,_binary '',23),(2980,0,86,0,1,_binary '',23),(2981,0,95,0,1,_binary '',23),(2982,0,96,0,1,_binary '',23),(2983,0,100,0,1,_binary '',23),(2984,0,106,0,1,_binary '',23),(2985,0,134,0,1,_binary '',23),(2986,0,145,0,1,_binary '',23),(2987,0,147,0,1,_binary '',23),(2988,0,149,0,1,_binary '',23),(2989,0,151,0,1,_binary '',23),(2990,0,155,0,1,_binary '',23),(2991,0,169,0,1,_binary '',23),(2992,0,176,0,1,_binary '',23),(2993,0,219,0,1,_binary '',23),(2994,0,224,0,2,_binary '',23),(2995,0,225,0,2,_binary '',23),(2996,0,228,0,2,_binary '',23),(2997,0,229,0,2,_binary '',23),(2998,0,232,0,2,_binary '',23),(2999,0,242,5,3,_binary '',23),(3000,0,243,5,3,_binary '',23),(3001,0,245,4,3,_binary '',23),(3002,0,246,4,3,_binary '',23),(3003,0,250,5,3,_binary '',23),(3004,0,266,4,4,_binary '',23),(3005,0,267,5,4,_binary '',23),(3006,0,268,5,4,_binary '',23),(3007,0,269,5,4,_binary '',23),(3008,0,272,4,4,_binary '',23),(3009,0,273,4,4,_binary '',23),(3010,0,258,0,4,_binary '',36),(3011,0,269,0,4,_binary '',36),(3012,0,281,0,5,_binary '',36),(3013,0,282,0,5,_binary '',36),(3014,0,285,0,5,_binary '',36),(3015,0,289,0,5,_binary '',36),(3016,0,294,0,5,_binary '',36),(3017,0,295,0,5,_binary '',36),(3018,0,301,0,5,_binary '',36),(3019,0,308,0,5,_binary '',36),(3020,0,312,0,5,_binary '',36),(3021,0,318,5,6,_binary '',36),(3022,0,319,5,6,_binary '',36),(3023,0,320,5,6,_binary '',36),(3024,0,321,5,6,_binary '',36),(3025,0,322,4,6,_binary '',36),(3026,0,324,4,6,_binary '',36),(3027,0,325,5,6,_binary '',36),(3028,0,15,0,1,_binary '',36),(3029,0,37,0,1,_binary '',36),(3030,0,56,0,1,_binary '',36),(3031,0,73,0,1,_binary '',36),(3032,0,91,0,1,_binary '',36),(3033,0,111,0,1,_binary '',36),(3034,0,131,0,1,_binary '',36),(3035,0,139,0,1,_binary '',36),(3036,0,153,0,1,_binary '',36),(3037,0,198,0,1,_binary '',36),(3038,0,210,0,1,_binary '',36),(3039,0,211,0,1,_binary '',36),(3040,0,256,0,4,_binary '',105),(3041,0,266,0,4,_binary '',105),(3042,0,283,0,5,_binary '',105),(3043,0,284,0,5,_binary '',105),(3044,0,287,0,5,_binary '',105),(3045,0,298,0,5,_binary '',105),(3046,0,305,0,5,_binary '',105),(3047,0,314,0,5,_binary '',105),(3048,0,318,4,6,_binary '',105),(3049,0,320,5,6,_binary '',105),(3050,0,321,5,6,_binary '',105),(3051,0,322,3,6,_binary '',105),(3052,0,79,0,1,_binary '',105),(3053,0,87,0,1,_binary '',105),(3054,0,96,0,1,_binary '',105),(3055,0,101,0,1,_binary '',105),(3056,0,105,0,1,_binary '',105),(3057,0,108,0,1,_binary '',105),(3058,0,109,0,1,_binary '',105),(3059,0,123,0,1,_binary '',105),(3097,0,238,5,3,_binary '',80),(3098,0,239,5,3,_binary '',80),(3099,0,240,4,3,_binary '',80),(3100,0,241,4,3,_binary '',80),(3101,0,242,5,3,_binary '',80),(3102,0,243,4,3,_binary '',80),(3103,0,244,3,3,_binary '',80),(3104,0,246,3,3,_binary '',80),(3105,0,247,3,3,_binary '',80),(3106,0,249,4,3,_binary '',80),(3124,0,238,5,3,_binary '',106),(3125,0,239,5,3,_binary '',106),(3126,0,240,5,3,_binary '',106),(3127,0,241,3,3,_binary '',106),(3128,0,266,5,4,_binary '',80),(3129,0,267,5,4,_binary '',80),(3130,0,268,5,4,_binary '',80),(3131,0,269,5,4,_binary '',80),(3132,0,270,3,4,_binary '',80),(3133,0,276,3,4,_binary '',80),(3134,0,277,5,4,_binary '',80),(3135,0,266,5,4,_binary '',106),(3136,0,267,5,4,_binary '',106),(3137,0,268,5,4,_binary '',106),(3138,0,269,5,4,_binary '',106),(3147,0,278,3,4,_binary '',106),(3149,0,280,3,4,_binary '',106),(3150,0,252,0,4,_binary '',68),(3151,0,253,0,4,_binary '',68),(3152,0,255,0,4,_binary '',68),(3153,0,256,0,4,_binary '',68),(3154,0,259,0,4,_binary '',68),(3155,0,263,0,4,_binary '',68),(3156,0,267,0,4,_binary '',68),(3157,0,48,0,1,_binary '',27),(3158,0,137,0,1,_binary '',27),(3159,0,295,0,5,_binary '',68),(3160,0,296,0,5,_binary '',68),(3161,0,298,0,5,_binary '',68),(3162,0,303,0,5,_binary '',68),(3163,0,315,0,5,_binary '',68),(3164,0,225,0,2,_binary '',27),(3165,0,227,0,2,_binary '',27),(3166,0,232,0,2,_binary '',27),(3167,0,235,0,2,_binary '',27),(3168,0,236,0,2,_binary '',27),(3169,0,238,5,3,_binary '',27),(3170,0,319,5,6,_binary '',68),(3171,0,321,5,6,_binary '',68),(3172,0,322,5,6,_binary '',68),(3173,0,325,5,6,_binary '',68),(3174,0,319,5,6,_binary '',68),(3175,0,321,5,6,_binary '',68),(3176,0,322,5,6,_binary '',68),(3177,0,325,5,6,_binary '',68),(3178,0,15,0,1,_binary '',68),(3179,0,37,0,1,_binary '',68),(3180,0,56,0,1,_binary '',68),(3181,0,73,0,1,_binary '',68),(3182,0,91,0,1,_binary '',68),(3183,0,111,0,1,_binary '',68),(3184,0,131,0,1,_binary '',68),(3185,0,153,0,1,_binary '',68),(3186,0,162,0,1,_binary '',68),(3187,0,198,0,1,_binary '',68),(3188,0,222,0,1,_binary '',68),(3189,0,256,0,4,_binary '',77),(3190,0,264,0,4,_binary '',77),(3191,0,268,0,4,_binary '',77),(3192,0,285,0,5,_binary '',77),(3193,0,299,0,5,_binary '',77),(3194,0,310,0,5,_binary '',77),(3195,0,315,0,5,_binary '',77),(3199,0,317,1,6,_binary '',77),(3206,0,15,0,1,_binary '',77),(3207,0,37,0,1,_binary '',77),(3208,0,56,0,1,_binary '',77),(3209,0,73,0,1,_binary '',77),(3210,0,77,0,1,_binary '',77),(3211,0,78,0,1,_binary '',77),(3212,0,79,0,1,_binary '',77),(3213,0,111,0,1,_binary '',77),(3214,0,131,0,1,_binary '',77),(3215,0,134,0,1,_binary '',77),(3216,0,153,0,1,_binary '',77),(3217,0,165,0,1,_binary '',77),(3218,0,198,0,1,_binary '',77),(3219,0,222,0,1,_binary '',77),(3220,0,317,5,6,_binary '',67),(3221,0,319,5,6,_binary '',67),(3222,0,321,5,6,_binary '',67),(3223,0,322,5,6,_binary '',67),(3224,0,325,5,6,_binary '',67),(3225,0,328,5,6,_binary '',67),(3226,0,329,5,6,_binary '',67),(3240,0,256,0,4,_binary '',60),(3241,0,259,0,4,_binary '',60),(3242,0,263,0,4,_binary '',60),(3243,0,264,0,4,_binary '',60),(3244,0,266,0,4,_binary '',60),(3245,0,281,0,5,_binary '',60),(3246,0,285,0,5,_binary '',60),(3247,0,294,0,5,_binary '',60),(3248,0,295,0,5,_binary '',60),(3249,0,296,0,5,_binary '',60),(3250,0,299,0,5,_binary '',60),(3251,0,308,0,5,_binary '',60),(3252,0,313,0,5,_binary '',60),(3253,0,256,0,4,_binary '',67),(3254,0,259,0,4,_binary '',67),(3255,0,267,0,4,_binary '',67),(3256,0,283,0,5,_binary '',67),(3257,0,287,0,5,_binary '',67),(3258,0,292,0,5,_binary '',67),(3259,0,298,0,5,_binary '',67),(3260,0,303,0,5,_binary '',67),(3261,0,315,0,5,_binary '',67),(3262,0,15,0,1,_binary '',67),(3263,0,37,0,1,_binary '',67),(3264,0,56,0,1,_binary '',67),(3265,0,73,0,1,_binary '',67),(3266,0,81,0,1,_binary '',67),(3267,0,95,0,1,_binary '',67),(3268,0,131,0,1,_binary '',67),(3269,0,143,0,1,_binary '',67),(3270,0,147,0,1,_binary '',67),(3271,0,162,0,1,_binary '',67),(3272,0,198,0,1,_binary '',67),(3273,0,206,0,1,_binary '',67),(3274,0,222,0,1,_binary '',67),(3275,0,317,2,6,_binary '',60),(3276,0,321,2,6,_binary '',60),(3277,0,322,5,6,_binary '',60),(3278,0,325,2,6,_binary '',60),(3279,0,328,3,6,_binary '',60),(3280,0,329,3,6,_binary '',60),(3281,0,15,0,1,_binary '',60),(3282,0,37,0,1,_binary '',60),(3283,0,56,0,1,_binary '',60),(3284,0,73,0,1,_binary '',60),(3285,0,77,0,1,_binary '',60),(3286,0,78,0,1,_binary '',60),(3287,0,79,0,1,_binary '',60),(3288,0,80,0,1,_binary '',60),(3289,0,81,0,1,_binary '',60),(3290,0,82,0,1,_binary '',60),(3291,0,83,0,1,_binary '',60),(3292,0,85,0,1,_binary '',60),(3293,0,90,0,1,_binary '',60),(3294,0,99,0,1,_binary '',60),(3295,0,105,0,1,_binary '',60),(3296,0,145,0,1,_binary '',60),(3297,0,146,0,1,_binary '',60),(3298,0,147,0,1,_binary '',60),(3299,0,148,0,1,_binary '',60),(3300,0,149,0,1,_binary '',60),(3301,0,150,0,1,_binary '',60),(3302,0,152,0,1,_binary '',60),(3303,0,165,0,1,_binary '',60),(3304,0,168,0,1,_binary '',60),(3305,0,172,0,1,_binary '',60),(3306,0,200,0,1,_binary '',60),(3307,0,203,0,1,_binary '',60),(3308,0,204,0,1,_binary '',60),(3309,0,208,0,1,_binary '',60),(3310,0,209,0,1,_binary '',60),(3311,0,217,0,1,_binary '',60),(3312,0,221,0,1,_binary '',60),(3313,0,254,0,4,_binary '',93),(3314,0,278,0,4,_binary '',93),(3315,0,283,0,5,_binary '',93),(3316,0,294,0,5,_binary '',93),(3317,0,295,0,5,_binary '',93),(3318,0,298,0,5,_binary '',93),(3319,0,299,0,5,_binary '',93),(3320,0,306,0,5,_binary '',93),(3321,0,313,0,5,_binary '',93),(3322,0,318,3,6,_binary '',93),(3323,0,319,5,6,_binary '',93),(3324,0,320,3,6,_binary '',93),(3325,0,321,3,6,_binary '',93),(3326,0,322,5,6,_binary '',93),(3327,0,323,5,6,_binary '',93),(3328,0,324,5,6,_binary '',93),(3329,0,328,5,6,_binary '',93),(3330,0,329,5,6,_binary '',93),(3355,0,15,0,1,_binary '',80),(3356,0,37,0,1,_binary '',80),(3357,0,56,0,1,_binary '',80),(3358,0,73,0,1,_binary '',80),(3359,0,91,0,1,_binary '',80),(3360,0,111,0,1,_binary '',80),(3361,0,131,0,1,_binary '',80),(3362,0,143,0,1,_binary '',80),(3363,0,153,0,1,_binary '',80),(3364,0,165,0,1,_binary '',80),(3365,0,171,0,1,_binary '',80),(3366,0,225,0,2,_binary '',80),(3367,0,226,0,2,_binary '',80),(3368,0,228,0,2,_binary '',80),(3369,0,232,0,2,_binary '',80),(3370,0,235,0,2,_binary '',80),(3371,0,15,0,1,_binary '',85),(3372,0,37,0,1,_binary '',85),(3373,0,56,0,1,_binary '',85),(3374,0,73,0,1,_binary '',85),(3375,0,91,0,1,_binary '',85),(3376,0,111,0,1,_binary '',85),(3377,0,131,0,1,_binary '',85),(3378,0,143,0,1,_binary '',85),(3379,0,151,0,1,_binary '',85),(3380,0,159,0,1,_binary '',85),(3381,0,195,0,1,_binary '',85),(3382,0,203,0,1,_binary '',85),(3383,0,225,0,2,_binary '',85),(3384,0,227,0,2,_binary '',85),(3385,0,228,0,2,_binary '',85),(3386,0,229,0,2,_binary '',85),(3387,0,230,0,2,_binary '',85),(3388,0,232,0,2,_binary '',85),(3389,0,239,4,3,_binary '',85),(3390,0,240,4,3,_binary '',85),(3391,0,241,4,3,_binary '',85),(3392,0,242,4,3,_binary '',85),(3393,0,243,4,3,_binary '',85),(3394,0,249,3,3,_binary '',85),(3395,0,250,3,3,_binary '',85),(3396,0,266,5,4,_binary '',85),(3397,0,267,5,4,_binary '',85),(3398,0,268,5,4,_binary '',85),(3399,0,269,5,4,_binary '',85),(3400,0,270,5,4,_binary '',85),(3401,0,272,4,4,_binary '',85),(3402,0,273,4,4,_binary '',85),(3403,0,274,4,4,_binary '',85),(3404,0,275,4,4,_binary '',85),(3405,0,277,4,4,_binary '',85),(3406,0,278,3,4,_binary '',85),(3407,0,279,3,4,_binary '',85),(3408,0,280,3,4,_binary '',85),(3409,0,319,5,6,_binary '',52),(3410,0,321,3,6,_binary '',52),(3411,0,322,5,6,_binary '',52),(3412,0,325,5,6,_binary '',52),(3413,0,328,3,6,_binary '',52),(3414,0,329,5,6,_binary '',52),(3415,0,15,0,1,_binary '',52),(3416,0,37,0,1,_binary '',52),(3417,0,56,0,1,_binary '',52),(3418,0,73,0,1,_binary '',52),(3419,0,81,0,1,_binary '',52),(3420,0,83,0,1,_binary '',52),(3421,0,111,0,1,_binary '',52),(3422,0,131,0,1,_binary '',52),(3423,0,143,0,1,_binary '',52),(3424,0,146,0,1,_binary '',52),(3425,0,148,0,1,_binary '',52),(3426,0,150,0,1,_binary '',52),(3427,0,152,0,1,_binary '',52),(3428,0,165,0,1,_binary '',52),(3429,0,168,0,1,_binary '',52),(3430,0,204,0,1,_binary '',52),(3431,0,49,0,1,_binary '',106),(3432,0,168,0,1,_binary '',106),(3433,0,169,0,1,_binary '',106),(3434,0,172,0,1,_binary '',106),(3435,0,174,0,1,_binary '',106),(3436,0,177,0,1,_binary '',106),(3437,0,182,0,1,_binary '',106),(3438,0,184,0,1,_binary '',106),(3439,0,192,0,1,_binary '',106),(3440,0,193,0,1,_binary '',106),(3441,0,194,0,1,_binary '',106),(3442,0,195,0,1,_binary '',106),(3443,0,196,0,1,_binary '',106),(3444,0,197,0,1,_binary '',106),(3445,0,225,0,2,_binary '',106),(3446,0,227,0,2,_binary '',106),(3447,0,232,0,2,_binary '',106),(3448,0,235,0,2,_binary '',106),(3449,0,241,3,3,_binary '',106),(3456,0,279,2,4,_binary '',106),(3457,0,168,0,1,_binary '',109),(3458,0,169,0,1,_binary '',109),(3459,0,171,0,1,_binary '',109),(3460,0,172,0,1,_binary '',109),(3461,0,177,0,1,_binary '',109),(3462,0,178,0,1,_binary '',109),(3463,0,181,0,1,_binary '',109),(3464,0,184,0,1,_binary '',109),(3465,0,187,0,1,_binary '',109),(3466,0,225,0,2,_binary '',109),(3467,0,226,0,2,_binary '',109),(3468,0,228,0,2,_binary '',109),(3469,0,230,0,2,_binary '',109),(3470,0,232,0,2,_binary '',109),(3471,0,235,0,2,_binary '',109),(3472,0,238,5,3,_binary '',109),(3473,0,239,4,3,_binary '',109),(3474,0,240,4,3,_binary '',109),(3475,0,241,3,3,_binary '',109),(3476,0,242,5,3,_binary '',109),(3477,0,243,5,3,_binary '',109),(3478,0,245,5,3,_binary '',109),(3479,0,246,2,3,_binary '',109),(3480,0,247,5,3,_binary '',109),(3481,0,249,2,3,_binary '',109),(3482,0,266,5,4,_binary '',109),(3483,0,267,5,4,_binary '',109),(3484,0,268,5,4,_binary '',109),(3485,0,269,5,4,_binary '',109),(3486,0,270,3,4,_binary '',109),(3487,0,272,5,4,_binary '',109),(3488,0,273,5,4,_binary '',109),(3489,0,274,5,4,_binary '',109),(3490,0,275,5,4,_binary '',109),(3491,0,277,5,4,_binary '',109),(3492,0,255,0,4,_binary '',110),(3493,0,258,0,4,_binary '',110),(3494,0,266,0,4,_binary '',110),(3495,0,267,0,4,_binary '',110),(3496,0,269,0,4,_binary '',110),(3497,0,284,0,5,_binary '',110),(3498,0,285,0,5,_binary '',110),(3499,0,298,0,5,_binary '',110),(3500,0,306,0,5,_binary '',110),(3501,0,315,0,5,_binary '',110),(3502,0,317,2,6,_binary '',110),(3503,0,318,5,6,_binary '',110),(3504,0,319,4,6,_binary '',110),(3505,0,320,5,6,_binary '',110),(3506,0,321,2,6,_binary '',110),(3507,0,322,5,6,_binary '',110),(3508,0,323,4,6,_binary '',110),(3509,0,324,4,6,_binary '',110),(3510,0,325,4,6,_binary '',110),(3511,0,326,3,6,_binary '',110),(3512,0,327,4,6,_binary '',110),(3513,0,328,5,6,_binary '',110),(3514,0,329,5,6,_binary '',110),(3515,0,6,0,1,_binary '',110),(3516,0,37,0,1,_binary '',110),(3517,0,56,0,1,_binary '',110),(3518,0,58,0,1,_binary '',110),(3519,0,88,0,1,_binary '',110),(3520,0,111,0,1,_binary '',110),(3521,0,131,0,1,_binary '',110),(3522,0,143,0,1,_binary '',110),(3523,0,153,0,1,_binary '',110),(3524,0,165,0,1,_binary '',110),(3525,0,198,0,1,_binary '',110),(3526,0,201,0,1,_binary '',110),(3527,0,253,0,4,_binary '',107),(3528,0,266,0,4,_binary '',107),(3529,0,295,0,5,_binary '',107),(3530,0,299,0,5,_binary '',107),(3531,0,310,0,5,_binary '',107),(3532,0,319,5,6,_binary '',107),(3533,0,322,5,6,_binary '',107),(3534,0,323,5,6,_binary '',107),(3535,0,325,5,6,_binary '',107),(3536,0,328,3,6,_binary '',107),(3537,0,15,0,1,_binary '',107),(3538,0,37,0,1,_binary '',107),(3539,0,56,0,1,_binary '',107),(3540,0,73,0,1,_binary '',107),(3541,0,91,0,1,_binary '',107),(3542,0,111,0,1,_binary '',107),(3543,0,131,0,1,_binary '',107),(3544,0,143,0,1,_binary '',107),(3545,0,153,0,1,_binary '',107),(3546,0,165,0,1,_binary '',107),(3547,0,198,0,1,_binary '',107),(3548,0,222,0,1,_binary '',107),(3549,0,252,0,4,_binary '',112),(3550,0,253,0,4,_binary '',112),(3551,0,266,0,4,_binary '',112),(3552,0,295,0,5,_binary '',112),(3553,0,300,0,5,_binary '',112),(3554,0,310,0,5,_binary '',112),(3555,0,315,0,5,_binary '',112),(3556,0,322,5,6,_binary '',112),(3557,0,15,0,1,_binary '',112),(3558,0,17,0,1,_binary '',112),(3559,0,56,0,1,_binary '',112),(3560,0,91,0,1,_binary '',112),(3561,0,111,0,1,_binary '',112),(3562,0,131,0,1,_binary '',112),(3563,0,143,0,1,_binary '',112),(3564,0,153,0,1,_binary '',112),(3565,0,165,0,1,_binary '',112),(3566,0,198,0,1,_binary '',112),(3567,0,204,0,1,_binary '',112),(3568,0,258,0,4,_binary '',115),(3569,0,268,0,4,_binary '',115),(3570,0,285,0,5,_binary '',115),(3571,0,300,0,5,_binary '',115),(3572,0,310,0,5,_binary '',115),(3573,0,315,0,5,_binary '',115),(3574,0,319,3,6,_binary '',115),(3575,0,322,3,6,_binary '',115),(3576,0,247,2,3,_binary '',106),(3577,0,248,2,3,_binary '',106),(3578,0,249,3,3,_binary '',106),(3579,0,270,1,4,_binary '',106),(3580,0,271,1,4,_binary '',106),(3581,0,272,1,4,_binary '',106),(3582,0,273,1,4,_binary '',106),(3583,0,274,1,4,_binary '',106),(3584,0,275,1,4,_binary '',106),(3585,0,276,3,4,_binary '',106),(3586,0,277,4,4,_binary '',106),(3587,0,258,0,4,_binary '',116),(3588,0,268,0,4,_binary '',116),(3589,0,285,0,5,_binary '',116),(3590,0,287,0,5,_binary '',116),(3591,0,292,0,5,_binary '',116),(3592,0,300,0,5,_binary '',116),(3593,0,310,0,5,_binary '',116),(3594,0,314,0,5,_binary '',116),(3595,0,318,3,6,_binary '',116),(3596,0,319,2,6,_binary '',116),(3597,0,321,1,6,_binary '',116),(3598,0,322,5,6,_binary '',116),(3599,0,323,3,6,_binary '',116),(3600,0,324,3,6,_binary '',116),(3601,0,325,5,6,_binary '',116),(3602,0,328,5,6,_binary '',116),(3603,0,329,4,6,_binary '',116),(3606,0,2,0,1,_binary '',116),(3607,0,3,0,1,_binary '',116),(3608,0,7,0,1,_binary '',116),(3609,0,12,0,1,_binary '',116),(3610,0,24,0,1,_binary '',116),(3611,0,50,0,1,_binary '',116),(3612,0,51,0,1,_binary '',116),(3613,0,73,0,1,_binary '',116),(3614,0,75,0,1,_binary '',116),(3615,0,95,0,1,_binary '',116),(3616,0,131,0,1,_binary '',116),(3617,0,137,0,1,_binary '',116),(3618,0,151,0,1,_binary '',116),(3619,0,165,0,1,_binary '',116),(3620,0,169,0,1,_binary '',116),(3621,0,172,0,1,_binary '',116),(3622,0,181,0,1,_binary '',116),(3623,0,205,0,1,_binary '',116),(3624,0,221,0,1,_binary '',116),(3625,0,2,0,1,_binary '',115),(3626,0,3,0,1,_binary '',115),(3627,0,4,0,1,_binary '',115),(3628,0,37,0,1,_binary '',115),(3629,0,56,0,1,_binary '',115),(3630,0,60,0,1,_binary '',115),(3631,0,78,0,1,_binary '',115),(3632,0,81,0,1,_binary '',115),(3633,0,111,0,1,_binary '',115),(3634,0,131,0,1,_binary '',115),(3635,0,143,0,1,_binary '',115),(3636,0,153,0,1,_binary '',115),(3637,0,165,0,1,_binary '',115),(3638,0,175,0,1,_binary '',115),(3639,0,222,0,1,_binary '',115),(3640,0,75,0,1,_binary '',84),(3641,0,76,0,1,_binary '',84),(3642,0,113,0,1,_binary '',84),(3643,0,114,0,1,_binary '',84),(3644,0,116,0,1,_binary '',84),(3645,0,151,0,1,_binary '',84),(3646,0,157,0,1,_binary '',84),(3647,0,168,0,1,_binary '',84),(3648,0,169,0,1,_binary '',84),(3649,0,173,0,1,_binary '',84),(3650,0,174,0,1,_binary '',84),(3651,0,176,0,1,_binary '',84),(3652,0,177,0,1,_binary '',84),(3653,0,179,0,1,_binary '',84),(3654,0,182,0,1,_binary '',84),(3655,0,184,0,1,_binary '',84),(3656,0,193,0,1,_binary '',84),(3657,0,194,0,1,_binary '',84),(3658,0,195,0,1,_binary '',84),(3659,0,196,0,1,_binary '',84),(3660,0,197,0,1,_binary '',84),(3661,0,201,0,1,_binary '',84),(3662,0,225,0,2,_binary '',84),(3663,0,226,0,2,_binary '',84),(3664,0,227,0,2,_binary '',84),(3665,0,228,0,2,_binary '',84),(3666,0,229,0,2,_binary '',84),(3667,0,230,0,2,_binary '',84),(3668,0,232,0,2,_binary '',84),(3669,0,233,0,2,_binary '',84),(3670,0,234,0,2,_binary '',84),(3671,0,235,0,2,_binary '',84),(3672,0,239,5,3,_binary '',84),(3673,0,240,5,3,_binary '',84),(3674,0,241,5,3,_binary '',84),(3675,0,242,5,3,_binary '',84),(3676,0,243,5,3,_binary '',84),(3677,0,244,5,3,_binary '',84),(3678,0,245,5,3,_binary '',84),(3679,0,246,5,3,_binary '',84),(3680,0,249,5,3,_binary '',84),(3681,0,266,5,4,_binary '',84),(3682,0,267,5,4,_binary '',84),(3683,0,269,5,4,_binary '',84),(3686,0,256,0,4,_binary '',65),(3687,0,267,0,4,_binary '',65),(3688,0,284,0,5,_binary '',65),(3689,0,287,0,5,_binary '',65),(3690,0,294,0,5,_binary '',65),(3691,0,301,0,5,_binary '',65),(3692,0,310,0,5,_binary '',65),(3693,0,315,0,5,_binary '',65),(3694,0,317,5,6,_binary '',65),(3695,0,318,5,6,_binary '',65),(3696,0,319,3,6,_binary '',65),(3697,0,320,4,6,_binary '',65),(3698,0,321,3,6,_binary '',65),(3699,0,322,5,6,_binary '',65),(3700,0,323,3,6,_binary '',65),(3701,0,324,2,6,_binary '',65),(3702,0,325,5,6,_binary '',65),(3703,0,326,3,6,_binary '',65),(3704,0,327,4,6,_binary '',65),(3705,0,328,4,6,_binary '',65),(3706,0,329,5,6,_binary '',65),(3716,0,15,0,1,_binary '',65),(3717,0,37,0,1,_binary '',65),(3718,0,56,0,1,_binary '',65),(3719,0,73,0,1,_binary '',65),(3720,0,77,0,1,_binary '',65),(3721,0,78,0,1,_binary '',65),(3722,0,79,0,1,_binary '',65),(3723,0,80,0,1,_binary '',65),(3724,0,96,0,1,_binary '',65),(3725,0,259,0,4,_binary '',102),(3726,0,264,0,4,_binary '',102),(3727,0,266,0,4,_binary '',102),(3728,0,267,0,4,_binary '',102),(3729,0,287,0,5,_binary '',102),(3730,0,294,0,5,_binary '',102),(3731,0,299,0,5,_binary '',102),(3732,0,310,0,5,_binary '',102),(3733,0,315,0,5,_binary '',102),(3734,0,317,3,6,_binary '',102),(3735,0,319,3,6,_binary '',102),(3736,0,321,3,6,_binary '',102),(3737,0,322,3,6,_binary '',102),(3738,0,323,4,6,_binary '',102),(3739,0,324,4,6,_binary '',102),(3740,0,325,4,6,_binary '',102),(3741,0,326,4,6,_binary '',102),(3742,0,328,4,6,_binary '',102),(3743,0,329,4,6,_binary '',102),(3744,0,1,0,1,_binary '',102),(3745,0,3,0,1,_binary '',102),(3746,0,7,0,1,_binary '',102),(3747,0,8,0,1,_binary '',102),(3748,0,10,0,1,_binary '',102),(3749,0,31,0,1,_binary '',102),(3750,0,45,0,1,_binary '',102),(3751,0,46,0,1,_binary '',102),(3752,0,47,0,1,_binary '',102),(3753,0,62,0,1,_binary '',102),(3754,0,69,0,1,_binary '',102),(3755,0,75,0,1,_binary '',102),(3756,0,76,0,1,_binary '',102),(3757,0,83,0,1,_binary '',102),(3758,0,85,0,1,_binary '',102),(3759,0,90,0,1,_binary '',102),(3760,0,96,0,1,_binary '',102),(3761,0,115,0,1,_binary '',102),(3762,0,116,0,1,_binary '',102),(3763,0,123,0,1,_binary '',102),(3764,0,126,0,1,_binary '',102),(3765,0,134,0,1,_binary '',102),(3766,0,145,0,1,_binary '',102),(3767,0,155,0,1,_binary '',102),(3768,0,158,0,1,_binary '',102),(3769,0,171,0,1,_binary '',102),(3770,0,201,0,1,_binary '',102),(3771,0,205,0,1,_binary '',102),(3772,0,212,0,1,_binary '',102),(3773,0,259,0,4,_binary '',121),(3774,0,280,0,4,_binary '',121),(3775,0,281,0,5,_binary '',121),(3776,0,287,0,5,_binary '',121),(3777,0,292,0,5,_binary '',121),(3778,0,293,0,5,_binary '',121),(3779,0,294,0,5,_binary '',121),(3780,0,295,0,5,_binary '',121),(3781,0,296,0,5,_binary '',121),(3782,0,301,0,5,_binary '',121),(3783,0,310,0,5,_binary '',121),(3784,0,312,0,5,_binary '',121),(3785,0,318,2,6,_binary '',121),(3786,0,319,1,6,_binary '',121),(3787,0,320,2,6,_binary '',121),(3788,0,321,2,6,_binary '',121),(3789,0,322,1,6,_binary '',121),(3790,0,324,1,6,_binary '',121),(3791,0,325,1,6,_binary '',121),(3792,0,326,2,6,_binary '',121),(3793,0,327,1,6,_binary '',121),(3794,0,328,1,6,_binary '',121),(3795,0,15,0,1,_binary '',121),(3796,0,17,0,1,_binary '',121),(3797,0,56,0,1,_binary '',121),(3798,0,61,0,1,_binary '',121),(3799,0,66,0,1,_binary '',121),(3800,0,67,0,1,_binary '',121),(3801,0,69,0,1,_binary '',121),(3802,0,77,0,1,_binary '',121),(3803,0,81,0,1,_binary '',121),(3804,0,88,0,1,_binary '',121),(3805,0,90,0,1,_binary '',121),(3806,0,95,0,1,_binary '',121),(3807,0,113,0,1,_binary '',121),(3808,0,120,0,1,_binary '',121),(3809,0,138,0,1,_binary '',121),(3810,0,139,0,1,_binary '',121),(3811,0,140,0,1,_binary '',121),(3812,0,147,0,1,_binary '',121),(3813,0,148,0,1,_binary '',121),(3814,0,149,0,1,_binary '',121),(3815,0,156,0,1,_binary '',121),(3816,0,161,0,1,_binary '',121),(3817,0,167,0,1,_binary '',121),(3818,0,168,0,1,_binary '',121),(3819,0,169,0,1,_binary '',121),(3820,0,172,0,1,_binary '',121),(3821,0,204,0,1,_binary '',121),(3822,0,206,0,1,_binary '',121),(3823,0,207,0,1,_binary '',121),(3824,0,259,0,4,_binary '',122),(3825,0,260,0,4,_binary '',122),(3826,0,278,0,4,_binary '',122),(3827,0,280,0,4,_binary '',122),(3828,0,287,0,5,_binary '',122),(3829,0,295,0,5,_binary '',122),(3830,0,301,0,5,_binary '',122),(3831,0,310,0,5,_binary '',122),(3832,0,312,0,5,_binary '',122),(3833,0,317,2,6,_binary '',122),(3834,0,318,4,6,_binary '',122),(3835,0,319,3,6,_binary '',122),(3836,0,320,3,6,_binary '',122),(3837,0,321,5,6,_binary '',122),(3838,0,322,5,6,_binary '',122),(3839,0,323,4,6,_binary '',122),(3840,0,324,4,6,_binary '',122),(3841,0,325,2,6,_binary '',122),(3842,0,326,2,6,_binary '',122),(3843,0,327,2,6,_binary '',122),(3844,0,328,4,6,_binary '',122),(3845,0,329,4,6,_binary '',122),(3846,0,15,0,1,_binary '',122),(3847,0,18,0,1,_binary '',122),(3848,0,31,0,1,_binary '',122),(3849,0,47,0,1,_binary '',122),(3850,0,51,0,1,_binary '',122),(3851,0,61,0,1,_binary '',122),(3852,0,62,0,1,_binary '',122),(3853,0,64,0,1,_binary '',122),(3854,0,67,0,1,_binary '',122),(3855,0,68,0,1,_binary '',122),(3856,0,69,0,1,_binary '',122),(3857,0,70,0,1,_binary '',122),(3858,0,75,0,1,_binary '',122),(3859,0,81,0,1,_binary '',122),(3860,0,84,0,1,_binary '',122),(3861,0,86,0,1,_binary '',122),(3862,0,90,0,1,_binary '',122),(3863,0,95,0,1,_binary '',122),(3864,0,101,0,1,_binary '',122),(3865,0,102,0,1,_binary '',122),(3866,0,103,0,1,_binary '',122),(3867,0,104,0,1,_binary '',122),(3868,0,106,0,1,_binary '',122),(3869,0,113,0,1,_binary '',122),(3870,0,115,0,1,_binary '',122),(3871,0,116,0,1,_binary '',122),(3872,0,117,0,1,_binary '',122),(3873,0,118,0,1,_binary '',122),(3874,0,119,0,1,_binary '',122),(3875,0,125,0,1,_binary '',122),(3876,0,127,0,1,_binary '',122),(3877,0,129,0,1,_binary '',122),(3878,0,130,0,1,_binary '',122),(3879,0,139,0,1,_binary '',122),(3880,0,145,0,1,_binary '',122),(3881,0,147,0,1,_binary '',122),(3882,0,165,0,1,_binary '',122),(3883,0,168,0,1,_binary '',122),(3884,0,169,0,1,_binary '',122),(3885,0,172,0,1,_binary '',122),(3886,0,176,0,1,_binary '',122),(3887,0,181,0,1,_binary '',122),(3888,0,184,0,1,_binary '',122),(3889,0,195,0,1,_binary '',122),(3890,0,196,0,1,_binary '',122),(3891,0,201,0,1,_binary '',122),(3892,0,214,0,1,_binary '',122),(3893,0,252,0,4,_binary '',103),(3894,0,253,0,4,_binary '',103),(3895,0,255,0,4,_binary '',103),(3896,0,256,0,4,_binary '',103),(3897,0,259,0,4,_binary '',103),(3898,0,263,0,4,_binary '',103),(3899,0,268,0,4,_binary '',103),(3900,0,287,0,5,_binary '',103),(3901,0,292,0,5,_binary '',103),(3902,0,293,0,5,_binary '',103),(3903,0,294,0,5,_binary '',103),(3904,0,299,0,5,_binary '',103),(3905,0,306,0,5,_binary '',103),(3906,0,315,0,5,_binary '',103),(3907,0,318,4,6,_binary '',103),(3908,0,319,4,6,_binary '',103),(3909,0,320,4,6,_binary '',103),(3910,0,321,1,6,_binary '',103),(3911,0,322,2,6,_binary '',103),(3912,0,323,3,6,_binary '',103),(3913,0,324,5,6,_binary '',103),(3914,0,325,2,6,_binary '',103),(3915,0,326,5,6,_binary '',103),(3916,0,327,4,6,_binary '',103),(3917,0,328,3,6,_binary '',103),(3918,0,329,2,6,_binary '',103),(3919,0,2,0,1,_binary '',103),(3920,0,3,0,1,_binary '',103),(3921,0,4,0,1,_binary '',103),(3922,0,7,0,1,_binary '',103),(3923,0,10,0,1,_binary '',103),(3924,0,12,0,1,_binary '',103),(3925,0,37,0,1,_binary '',103),(3926,0,56,0,1,_binary '',103),(3927,0,68,0,1,_binary '',103),(3928,0,69,0,1,_binary '',103),(3929,0,72,0,1,_binary '',103),(3930,0,77,0,1,_binary '',103),(3931,0,78,0,1,_binary '',103),(3932,0,79,0,1,_binary '',103),(3933,0,80,0,1,_binary '',103),(3934,0,86,0,1,_binary '',103),(3935,0,94,0,1,_binary '',103),(3936,0,95,0,1,_binary '',103),(3937,0,96,0,1,_binary '',103),(3938,0,102,0,1,_binary '',103),(3939,0,113,0,1,_binary '',103),(3940,0,115,0,1,_binary '',103),(3941,0,116,0,1,_binary '',103),(3942,0,133,0,1,_binary '',103),(3943,0,134,0,1,_binary '',103),(3944,0,135,0,1,_binary '',103),(3945,0,138,0,1,_binary '',103),(3946,0,139,0,1,_binary '',103),(3947,0,141,0,1,_binary '',103),(3948,0,145,0,1,_binary '',103),(3949,0,151,0,1,_binary '',103),(3950,0,165,0,1,_binary '',103),(3951,0,169,0,1,_binary '',103),(3952,0,170,0,1,_binary '',103),(3953,0,175,0,1,_binary '',103),(3954,0,180,0,1,_binary '',103),(3955,0,181,0,1,_binary '',103),(3956,0,192,0,1,_binary '',103),(3957,0,193,0,1,_binary '',103),(3958,0,194,0,1,_binary '',103),(3959,0,197,0,1,_binary '',103),(3960,0,200,0,1,_binary '',103),(3961,0,201,0,1,_binary '',103),(3962,0,209,0,1,_binary '',103),(3963,0,211,0,1,_binary '',103),(3964,0,212,0,1,_binary '',103),(3965,0,215,0,1,_binary '',103),(3966,0,216,0,1,_binary '',103),(3967,0,221,0,1,_binary '',103),(3968,0,256,0,4,_binary '',108),(3969,0,267,0,4,_binary '',108),(3970,0,285,0,5,_binary '',108),(3971,0,295,0,5,_binary '',108),(3972,0,301,0,5,_binary '',108),(3973,0,309,0,5,_binary '',108),(3974,0,315,0,5,_binary '',108),(3975,0,317,1,6,_binary '',108),(3976,0,3,0,1,_binary '',108),(3977,0,4,0,1,_binary '',108),(3978,0,37,0,1,_binary '',108),(3979,0,56,0,1,_binary '',108),(3980,0,73,0,1,_binary '',108),(3981,0,81,0,1,_binary '',108),(3982,0,111,0,1,_binary '',108),(3983,0,130,0,1,_binary '',108),(3984,0,137,0,1,_binary '',108),(3985,0,138,0,1,_binary '',108),(3986,0,153,0,1,_binary '',108),(3987,0,155,0,1,_binary '',108),(3988,0,168,0,1,_binary '',108),(3989,0,169,0,1,_binary '',108),(3990,0,170,0,1,_binary '',108),(3991,0,175,0,1,_binary '',108),(3992,0,185,0,1,_binary '',108),(3993,0,186,0,1,_binary '',108),(3994,0,187,0,1,_binary '',108),(3995,0,194,0,1,_binary '',108),(3996,0,200,0,1,_binary '',108),(3997,0,258,0,4,_binary '',114),(3998,0,268,0,4,_binary '',114),(3999,0,285,0,5,_binary '',114),(4000,0,287,0,5,_binary '',114),(4001,0,290,0,5,_binary '',114),(4002,0,291,0,5,_binary '',114),(4003,0,310,0,5,_binary '',114),(4004,0,315,0,5,_binary '',114),(4005,0,259,0,4,_binary '',123),(4006,0,267,0,4,_binary '',123),(4007,0,287,0,5,_binary '',123),(4008,0,294,0,5,_binary '',123),(4009,0,295,0,5,_binary '',123),(4010,0,299,0,5,_binary '',123),(4011,0,304,0,5,_binary '',123),(4012,0,314,0,5,_binary '',123),(4013,0,319,4,6,_binary '',123),(4014,0,320,3,6,_binary '',123),(4015,0,322,5,6,_binary '',123),(4016,0,323,3,6,_binary '',123),(4017,0,326,4,6,_binary '',123),(4018,0,327,4,6,_binary '',123),(4019,0,329,5,6,_binary '',123),(4020,0,4,0,1,_binary '',123),(4021,0,7,0,1,_binary '',123),(4022,0,13,0,1,_binary '',123),(4023,0,37,0,1,_binary '',123),(4024,0,56,0,1,_binary '',123),(4025,0,73,0,1,_binary '',123),(4026,0,91,0,1,_binary '',123),(4027,0,111,0,1,_binary '',123),(4028,0,131,0,1,_binary '',123),(4029,0,142,0,1,_binary '',123),(4030,0,153,0,1,_binary '',123),(4031,0,165,0,1,_binary '',123),(4032,0,175,0,1,_binary '',123),(4033,0,186,0,1,_binary '',123),(4034,0,187,0,1,_binary '',123),(4035,0,188,0,1,_binary '',123),(4036,0,189,0,1,_binary '',123),(4037,0,190,0,1,_binary '',123),(4038,0,191,0,1,_binary '',123),(4039,0,192,0,1,_binary '',123),(4040,0,216,0,1,_binary '',123),(4041,0,319,4,6,_binary '',114),(4042,0,321,4,6,_binary '',114),(4043,0,322,4,6,_binary '',114),(4044,0,324,3,6,_binary '',114),(4045,0,325,3,6,_binary '',114),(4046,0,328,3,6,_binary '',114),(4047,0,329,4,6,_binary '',114),(4048,0,15,0,1,_binary '',114),(4049,0,37,0,1,_binary '',114),(4050,0,56,0,1,_binary '',114),(4051,0,73,0,1,_binary '',114),(4052,0,75,0,1,_binary '',114),(4053,0,111,0,1,_binary '',114),(4054,0,131,0,1,_binary '',114),(4055,0,143,0,1,_binary '',114),(4056,0,151,0,1,_binary '',114),(4057,0,165,0,1,_binary '',114),(4058,0,168,0,1,_binary '',114),(4059,0,169,0,1,_binary '',114),(4060,0,171,0,1,_binary '',114),(4061,0,175,0,1,_binary '',114),(4062,0,176,0,1,_binary '',114),(4063,0,179,0,1,_binary '',114),(4064,0,181,0,1,_binary '',114),(4065,0,184,0,1,_binary '',114),(4066,0,222,0,1,_binary '',114),(4067,0,239,3,3,_binary '',38),(4086,0,266,1,4,_binary '',124),(4087,0,267,5,4,_binary '',124),(4088,0,268,5,4,_binary '',124),(4089,0,269,1,4,_binary '',124),(4090,0,1,0,1,_binary '',88),(4091,0,35,0,1,_binary '',88),(4092,0,36,0,1,_binary '',88),(4093,0,46,0,1,_binary '',88),(4094,0,49,0,1,_binary '',88),(4095,0,52,0,1,_binary '',88),(4096,0,65,0,1,_binary '',88),(4097,0,72,0,1,_binary '',88),(4098,0,91,0,1,_binary '',88),(4099,0,111,0,1,_binary '',88),(4100,0,131,0,1,_binary '',88),(4101,0,138,0,1,_binary '',88),(4102,0,153,0,1,_binary '',88),(4103,0,156,0,1,_binary '',88),(4104,0,198,0,1,_binary '',88),(4105,0,219,0,1,_binary '',88),(4106,0,226,0,2,_binary '',88),(4107,0,238,4,3,_binary '',88),(4108,0,239,4,3,_binary '',88),(4109,0,240,4,3,_binary '',88),(4110,0,245,2,3,_binary '',88),(4111,0,247,5,3,_binary '',88),(4112,0,250,4,3,_binary '',88),(4113,0,266,5,4,_binary '',88),(4114,0,267,5,4,_binary '',88),(4115,0,268,4,4,_binary '',88),(4116,0,269,5,4,_binary '',88),(4117,0,270,2,4,_binary '',88),(4118,0,277,5,4,_binary '',88),(4119,0,279,3,4,_binary '',88),(4120,0,75,0,1,_binary '',127),(4121,0,167,0,1,_binary '',127),(4122,0,169,0,1,_binary '',127),(4123,0,172,0,1,_binary '',127),(4124,0,176,0,1,_binary '',127),(4125,0,177,0,1,_binary '',127),(4126,0,205,0,1,_binary '',127),(4127,0,232,0,2,_binary '',127),(4128,0,235,0,2,_binary '',127),(4129,0,242,5,3,_binary '',127),(4130,0,243,4,3,_binary '',127),(4131,0,266,4,4,_binary '',127),(4132,0,267,4,4,_binary '',127),(4133,0,268,4,4,_binary '',127),(4134,0,260,0,4,_binary '',128),(4135,0,270,0,4,_binary '',128),(4136,0,281,0,5,_binary '',128),(4137,0,283,0,5,_binary '',128),(4138,0,294,0,5,_binary '',128),(4139,0,295,0,5,_binary '',128),(4140,0,296,0,5,_binary '',128),(4141,0,300,0,5,_binary '',128),(4142,0,312,0,5,_binary '',128),(4143,0,317,5,6,_binary '',128),(4144,0,318,5,6,_binary '',128),(4145,0,319,5,6,_binary '',128),(4146,0,320,5,6,_binary '',128),(4147,0,321,5,6,_binary '',128),(4148,0,322,5,6,_binary '',128),(4149,0,324,5,6,_binary '',128),(4150,0,325,5,6,_binary '',128),(4151,0,326,5,6,_binary '',128),(4152,0,329,5,6,_binary '',128),(4153,0,1,0,1,_binary '',128),(4154,0,2,0,1,_binary '',128),(4155,0,3,0,1,_binary '',128),(4156,0,5,0,1,_binary '',128),(4157,0,7,0,1,_binary '',128),(4158,0,8,0,1,_binary '',128),(4159,0,12,0,1,_binary '',128),(4160,0,20,0,1,_binary '',128),(4161,0,21,0,1,_binary '',128),(4162,0,22,0,1,_binary '',128),(4163,0,26,0,1,_binary '',128),(4164,0,27,0,1,_binary '',128),(4165,0,30,0,1,_binary '',128),(4166,0,33,0,1,_binary '',128),(4167,0,34,0,1,_binary '',128),(4168,0,44,0,1,_binary '',128),(4169,0,51,0,1,_binary '',128),(4170,0,52,0,1,_binary '',128),(4171,0,54,0,1,_binary '',128),(4172,0,62,0,1,_binary '',128),(4173,0,63,0,1,_binary '',128),(4174,0,67,0,1,_binary '',128),(4175,0,75,0,1,_binary '',128),(4176,0,80,0,1,_binary '',128),(4177,0,86,0,1,_binary '',128),(4178,0,87,0,1,_binary '',128),(4179,0,89,0,1,_binary '',128),(4180,0,90,0,1,_binary '',128),(4181,0,95,0,1,_binary '',128),(4182,0,102,0,1,_binary '',128),(4183,0,109,0,1,_binary '',128),(4184,0,110,0,1,_binary '',128),(4185,0,113,0,1,_binary '',128),(4186,0,118,0,1,_binary '',128),(4187,0,129,0,1,_binary '',128),(4188,0,130,0,1,_binary '',128),(4189,0,134,0,1,_binary '',128),(4190,0,136,0,1,_binary '',128),(4191,0,139,0,1,_binary '',128),(4192,0,147,0,1,_binary '',128),(4193,0,149,0,1,_binary '',128),(4194,0,162,0,1,_binary '',128),(4195,0,164,0,1,_binary '',128),(4196,0,192,0,1,_binary '',128),(4197,0,193,0,1,_binary '',128),(4198,0,194,0,1,_binary '',128),(4199,0,204,0,1,_binary '',128),(4200,0,206,0,1,_binary '',128),(4201,0,155,0,1,_binary '',125),(4202,0,159,0,1,_binary '',125),(4203,0,161,0,1,_binary '',125),(4204,0,167,0,1,_binary '',125),(4205,0,168,0,1,_binary '',125),(4206,0,169,0,1,_binary '',125),(4207,0,172,0,1,_binary '',125),(4208,0,173,0,1,_binary '',125),(4209,0,175,0,1,_binary '',125),(4210,0,203,0,1,_binary '',125),(4211,0,225,0,2,_binary '',125),(4212,0,227,0,2,_binary '',125),(4213,0,228,0,2,_binary '',125),(4214,0,229,0,2,_binary '',125),(4215,0,230,0,2,_binary '',125),(4216,0,232,0,2,_binary '',125),(4217,0,235,0,2,_binary '',125),(4218,0,241,5,3,_binary '',125),(4219,0,242,5,3,_binary '',125),(4220,0,243,5,3,_binary '',125),(4221,0,245,5,3,_binary '',125),(4222,0,248,5,3,_binary '',125),(4223,0,249,5,3,_binary '',125),(4224,0,266,5,4,_binary '',125),(4225,0,267,5,4,_binary '',125),(4226,0,268,5,4,_binary '',125),(4227,0,269,5,4,_binary '',125),(4228,0,270,5,4,_binary '',125),(4229,0,271,5,4,_binary '',125),(4230,0,272,5,4,_binary '',125),(4231,0,273,5,4,_binary '',125),(4232,0,274,5,4,_binary '',125),(4233,0,275,5,4,_binary '',125),(4234,0,276,5,4,_binary '',125),(4235,0,277,5,4,_binary '',125),(4236,0,278,5,4,_binary '',125),(4237,0,279,5,4,_binary '',125),(4238,0,280,5,4,_binary '',125),(4239,0,254,0,4,_binary '',33),(4240,0,278,0,4,_binary '',33),(4241,0,15,0,1,_binary '',57),(4242,0,21,0,1,_binary '',57),(4243,0,25,0,1,_binary '',57),(4244,0,46,0,1,_binary '',57),(4245,0,47,0,1,_binary '',57),(4246,0,48,0,1,_binary '',57),(4247,0,49,0,1,_binary '',57),(4248,0,54,0,1,_binary '',57),(4249,0,73,0,1,_binary '',57),(4250,0,91,0,1,_binary '',57),(4251,0,111,0,1,_binary '',57),(4252,0,131,0,1,_binary '',57),(4253,0,136,0,1,_binary '',57),(4254,0,155,0,1,_binary '',57),(4255,0,156,0,1,_binary '',57),(4256,0,160,0,1,_binary '',57),(4257,0,161,0,1,_binary '',57),(4258,0,176,0,1,_binary '',57),(4259,0,178,0,1,_binary '',57),(4260,0,184,0,1,_binary '',57),(4261,0,197,0,1,_binary '',57),(4262,0,225,0,2,_binary '',57),(4263,0,234,0,2,_binary '',57),(4264,0,238,4,3,_binary '',57),(4265,0,239,5,3,_binary '',57),(4266,0,240,5,3,_binary '',57),(4267,0,247,4,3,_binary '',57),(4268,0,248,4,3,_binary '',57),(4269,0,266,5,4,_binary '',57),(4270,0,267,5,4,_binary '',57),(4271,0,268,5,4,_binary '',57),(4272,0,269,5,4,_binary '',57),(4273,0,270,4,4,_binary '',57),(4274,0,277,5,4,_binary '',57),(4275,0,278,5,4,_binary '',57),(4276,0,279,4,4,_binary '',57),(4277,0,280,4,4,_binary '',57),(4278,0,283,0,5,_binary '',33),(4279,0,295,0,5,_binary '',33),(4280,0,296,0,5,_binary '',33),(4281,0,300,0,5,_binary '',33),(4282,0,307,0,5,_binary '',33),(4283,0,315,0,5,_binary '',33),(4284,0,317,4,6,_binary '',33),(4285,0,318,4,6,_binary '',33),(4286,0,321,5,6,_binary '',33),(4287,0,322,5,6,_binary '',33),(4288,0,323,3,6,_binary '',33),(4289,0,324,3,6,_binary '',33),(4290,0,325,3,6,_binary '',33),(4291,0,327,4,6,_binary '',33),(4292,0,329,5,6,_binary '',33),(4293,0,1,0,1,_binary '',33),(4294,0,8,0,1,_binary '',33),(4295,0,18,0,1,_binary '',33),(4296,0,22,0,1,_binary '',33),(4297,0,26,0,1,_binary '',33),(4298,0,27,0,1,_binary '',33),(4299,0,33,0,1,_binary '',33),(4300,0,54,0,1,_binary '',33),(4301,0,62,0,1,_binary '',33),(4302,0,72,0,1,_binary '',33),(4303,0,75,0,1,_binary '',33),(4304,0,79,0,1,_binary '',33),(4305,0,84,0,1,_binary '',33),(4306,0,86,0,1,_binary '',33),(4307,0,89,0,1,_binary '',33),(4308,0,95,0,1,_binary '',33),(4309,0,102,0,1,_binary '',33),(4310,0,106,0,1,_binary '',33),(4311,0,113,0,1,_binary '',33),(4312,0,119,0,1,_binary '',33),(4313,0,134,0,1,_binary '',33),(4314,0,137,0,1,_binary '',33),(4315,0,145,0,1,_binary '',33),(4316,0,200,0,1,_binary '',33),(4317,0,201,0,1,_binary '',33),(4318,0,1,0,1,_binary '',124),(4319,0,2,0,1,_binary '',124),(4320,0,4,0,1,_binary '',124),(4321,0,6,0,1,_binary '',124),(4322,0,37,0,1,_binary '',124),(4323,0,56,0,1,_binary '',124),(4324,0,63,0,1,_binary '',124),(4325,0,65,0,1,_binary '',124),(4326,0,72,0,1,_binary '',124),(4327,0,91,0,1,_binary '',124),(4328,0,111,0,1,_binary '',124),(4329,0,131,0,1,_binary '',124),(4330,0,143,0,1,_binary '',124),(4331,0,153,0,1,_binary '',124),(4332,0,165,0,1,_binary '',124),(4333,0,198,0,1,_binary '',124),(4334,0,222,0,1,_binary '',124),(4335,0,224,0,2,_binary '',124),(4336,0,225,0,2,_binary '',124),(4337,0,227,0,2,_binary '',124),(4338,0,228,0,2,_binary '',124),(4339,0,230,0,2,_binary '',124),(4340,0,232,0,2,_binary '',124),(4341,0,235,0,2,_binary '',124),(4342,0,241,1,3,_binary '',124),(4343,0,247,5,3,_binary '',124),(4344,0,248,4,3,_binary '',124),(4345,0,249,2,3,_binary '',124),(4360,0,236,0,2,_binary '',113),(4361,0,256,0,4,_binary '',129),(4362,0,257,0,4,_binary '',129),(4363,0,260,0,4,_binary '',129),(4364,0,263,0,4,_binary '',129),(4365,0,270,0,4,_binary '',129),(4366,0,281,0,5,_binary '',129),(4367,0,283,0,5,_binary '',129),(4368,0,294,0,5,_binary '',129),(4369,0,295,0,5,_binary '',129),(4370,0,296,0,5,_binary '',129),(4371,0,300,0,5,_binary '',129),(4372,0,304,0,5,_binary '',129),(4373,0,314,0,5,_binary '',129),(4374,0,317,3,6,_binary '',129),(4375,0,318,5,6,_binary '',129),(4376,0,322,5,6,_binary '',129),(4377,0,324,3,6,_binary '',129),(4378,0,325,5,6,_binary '',129),(4379,0,329,3,6,_binary '',129),(4380,0,15,0,1,_binary '',129),(4381,0,18,0,1,_binary '',129),(4382,0,21,0,1,_binary '',129),(4383,0,26,0,1,_binary '',129),(4384,0,27,0,1,_binary '',129),(4385,0,30,0,1,_binary '',129),(4386,0,33,0,1,_binary '',129),(4387,0,34,0,1,_binary '',129),(4388,0,56,0,1,_binary '',129),(4389,0,73,0,1,_binary '',129),(4390,0,75,0,1,_binary '',129),(4391,0,85,0,1,_binary '',129),(4392,0,87,0,1,_binary '',129),(4393,0,89,0,1,_binary '',129),(4394,0,111,0,1,_binary '',129),(4395,0,131,0,1,_binary '',129),(4396,0,143,0,1,_binary '',129),(4397,0,153,0,1,_binary '',129),(4398,0,165,0,1,_binary '',129),(4399,0,198,0,1,_binary '',129),(4400,0,212,0,1,_binary '',129),(4401,0,252,0,4,_binary '',132),(4402,0,253,0,4,_binary '',132),(4403,0,255,0,4,_binary '',132),(4404,0,266,0,4,_binary '',132),(4405,0,288,0,5,_binary '',132),(4406,0,291,0,5,_binary '',132),(4407,0,296,0,5,_binary '',132),(4408,0,300,0,5,_binary '',132),(4409,0,310,0,5,_binary '',132),(4410,0,315,0,5,_binary '',132),(4411,0,318,5,6,_binary '',132),(4412,0,319,5,6,_binary '',132),(4413,0,320,3,6,_binary '',132),(4414,0,321,2,6,_binary '',132),(4415,0,322,1,6,_binary '',132),(4416,0,327,2,6,_binary '',132),(4417,0,329,5,6,_binary '',132),(4418,0,15,0,1,_binary '',132),(4419,0,37,0,1,_binary '',132),(4420,0,48,0,1,_binary '',132),(4421,0,49,0,1,_binary '',132),(4422,0,52,0,1,_binary '',132),(4423,0,54,0,1,_binary '',132),(4424,0,73,0,1,_binary '',132),(4425,0,91,0,1,_binary '',132),(4426,0,111,0,1,_binary '',132),(4427,0,131,0,1,_binary '',132),(4428,0,143,0,1,_binary '',132),(4429,0,153,0,1,_binary '',132),(4430,0,165,0,1,_binary '',132),(4431,0,168,0,1,_binary '',132),(4432,0,174,0,1,_binary '',132),(4433,0,180,0,1,_binary '',132),(4434,0,185,0,1,_binary '',132),(4435,0,191,0,1,_binary '',132),(4436,0,222,0,1,_binary '',132),(4437,0,258,0,4,_binary '',133),(4438,0,268,0,4,_binary '',133),(4439,0,288,0,5,_binary '',133),(4440,0,294,0,5,_binary '',133),(4441,0,295,0,5,_binary '',133),(4442,0,296,0,5,_binary '',133),(4443,0,300,0,5,_binary '',133),(4444,0,310,0,5,_binary '',133),(4445,0,317,4,6,_binary '',133),(4446,0,318,4,6,_binary '',133),(4447,0,319,3,6,_binary '',133),(4448,0,320,3,6,_binary '',133),(4449,0,321,4,6,_binary '',133),(4450,0,322,4,6,_binary '',133),(4451,0,323,2,6,_binary '',133),(4452,0,324,2,6,_binary '',133),(4453,0,325,4,6,_binary '',133),(4454,0,326,2,6,_binary '',133),(4455,0,327,2,6,_binary '',133),(4456,0,328,4,6,_binary '',133),(4457,0,329,4,6,_binary '',133),(4458,0,1,0,1,_binary '',133),(4459,0,3,0,1,_binary '',133),(4460,0,4,0,1,_binary '',133),(4461,0,10,0,1,_binary '',133),(4462,0,37,0,1,_binary '',133),(4463,0,56,0,1,_binary '',133),(4464,0,73,0,1,_binary '',133),(4465,0,81,0,1,_binary '',133),(4466,0,86,0,1,_binary '',133),(4467,0,87,0,1,_binary '',133),(4468,0,111,0,1,_binary '',133),(4469,0,115,0,1,_binary '',133),(4470,0,116,0,1,_binary '',133),(4471,0,117,0,1,_binary '',133),(4472,0,143,0,1,_binary '',133),(4473,0,153,0,1,_binary '',133),(4474,0,155,0,1,_binary '',133),(4475,0,162,0,1,_binary '',133),(4476,0,169,0,1,_binary '',133),(4477,0,175,0,1,_binary '',133),(4478,0,176,0,1,_binary '',133),(4479,0,186,0,1,_binary '',133),(4480,0,191,0,1,_binary '',133),(4481,0,195,0,1,_binary '',133),(4482,0,222,0,1,_binary '',133),(4491,0,258,0,4,_binary '',118),(4492,0,268,0,4,_binary '',118),(4493,0,285,0,5,_binary '',118),(4494,0,318,3,6,_binary '',118),(4495,0,319,5,6,_binary '',118),(4496,0,321,3,6,_binary '',118),(4497,0,322,5,6,_binary '',118),(4498,0,323,2,6,_binary '',118),(4499,0,324,2,6,_binary '',118),(4500,0,326,3,6,_binary '',118),(4501,0,3,0,1,_binary '',118),(4502,0,4,0,1,_binary '',118),(4503,0,5,0,1,_binary '',118),(4504,0,8,0,1,_binary '',118),(4505,0,12,0,1,_binary '',118),(4506,0,13,0,1,_binary '',118),(4507,0,14,0,1,_binary '',118),(4508,0,37,0,1,_binary '',118),(4509,0,39,0,1,_binary '',118),(4510,0,45,0,1,_binary '',118),(4511,0,46,0,1,_binary '',118),(4512,0,47,0,1,_binary '',118),(4513,0,48,0,1,_binary '',118),(4514,0,49,0,1,_binary '',118),(4515,0,50,0,1,_binary '',118),(4516,0,51,0,1,_binary '',118),(4517,0,52,0,1,_binary '',118),(4518,0,55,0,1,_binary '',118),(4519,0,84,0,1,_binary '',118),(4520,0,111,0,1,_binary '',118),(4521,0,131,0,1,_binary '',118),(4522,0,133,0,1,_binary '',118),(4523,0,137,0,1,_binary '',118),(4524,0,138,0,1,_binary '',118),(4525,0,139,0,1,_binary '',118),(4526,0,140,0,1,_binary '',118),(4527,0,141,0,1,_binary '',118),(4528,0,142,0,1,_binary '',118),(4529,0,165,0,1,_binary '',118),(4530,0,176,0,1,_binary '',118),(4531,0,180,0,1,_binary '',118),(4532,0,181,0,1,_binary '',118),(4533,0,185,0,1,_binary '',118),(4534,0,186,0,1,_binary '',118),(4535,0,187,0,1,_binary '',118),(4536,0,188,0,1,_binary '',118),(4537,0,189,0,1,_binary '',118),(4538,0,190,0,1,_binary '',118),(4539,0,191,0,1,_binary '',118),(4540,0,210,0,1,_binary '',118),(4541,0,211,0,1,_binary '',118),(4542,0,212,0,1,_binary '',118),(4543,0,215,0,1,_binary '',118),(4544,0,216,0,1,_binary '',118),(4545,0,76,0,1,_binary '',58),(4546,0,86,0,1,_binary '',58),(4547,0,110,0,1,_binary '',58),(4548,0,147,0,1,_binary '',58),(4549,0,155,0,1,_binary '',58),(4550,0,160,0,1,_binary '',58),(4551,0,161,0,1,_binary '',58),(4552,0,164,0,1,_binary '',58),(4553,0,172,0,1,_binary '',58),(4554,0,177,0,1,_binary '',58),(4555,0,178,0,1,_binary '',58),(4556,0,201,0,1,_binary '',58),(4557,0,224,0,2,_binary '',58),(4558,0,225,0,2,_binary '',58),(4559,0,226,0,2,_binary '',58),(4560,0,229,0,2,_binary '',58),(4561,0,235,0,2,_binary '',58),(4562,0,255,0,4,_binary '',113),(4563,0,266,0,4,_binary '',113),(4564,0,267,0,4,_binary '',113),(4565,0,268,0,4,_binary '',113),(4566,0,269,0,4,_binary '',113),(4567,0,291,0,5,_binary '',113),(4568,0,294,0,5,_binary '',113),(4569,0,300,0,5,_binary '',113),(4570,0,310,0,5,_binary '',113),(4571,0,315,0,5,_binary '',113),(4572,0,322,5,6,_binary '',113),(4573,0,15,0,1,_binary '',113),(4574,0,17,0,1,_binary '',113),(4575,0,56,0,1,_binary '',113),(4576,0,66,0,1,_binary '',113),(4577,0,73,0,1,_binary '',113),(4578,0,91,0,1,_binary '',113),(4579,0,111,0,1,_binary '',113),(4580,0,131,0,1,_binary '',113),(4581,0,143,0,1,_binary '',113),(4582,0,153,0,1,_binary '',113),(4583,0,165,0,1,_binary '',113),(4584,0,198,0,1,_binary '',113),(4585,0,201,0,1,_binary '',113),(4586,0,6,0,1,_binary '',134),(4587,0,7,0,1,_binary '',134),(4588,0,18,0,1,_binary '',134),(4589,0,20,0,1,_binary '',134),(4590,0,31,0,1,_binary '',134),(4591,0,96,0,1,_binary '',134),(4592,0,162,0,1,_binary '',134),(4593,0,167,0,1,_binary '',134),(4594,0,168,0,1,_binary '',134),(4595,0,169,0,1,_binary '',134),(4596,0,172,0,1,_binary '',134),(4597,0,174,0,1,_binary '',134),(4598,0,175,0,1,_binary '',134),(4599,0,177,0,1,_binary '',134),(4600,0,192,0,1,_binary '',134),(4601,0,196,0,1,_binary '',134),(4602,0,200,0,1,_binary '',134),(4603,0,201,0,1,_binary '',134),(4604,0,203,0,1,_binary '',134),(4605,0,212,0,1,_binary '',134),(4606,0,221,0,1,_binary '',134),(4607,0,224,0,2,_binary '',134),(4608,0,225,0,2,_binary '',134),(4609,0,227,0,2,_binary '',134),(4610,0,230,0,2,_binary '',134),(4611,0,234,0,2,_binary '',134),(4612,0,267,5,4,_binary '',134),(4613,0,238,5,3,_binary '',134),(4614,0,254,0,4,_binary '',131),(4615,0,263,0,4,_binary '',131),(4616,0,270,0,4,_binary '',131),(4617,0,281,0,5,_binary '',131),(4618,0,283,0,5,_binary '',131),(4619,0,286,0,5,_binary '',131),(4620,0,287,0,5,_binary '',131),(4621,0,291,0,5,_binary '',131),(4622,0,296,0,5,_binary '',131),(4623,0,299,0,5,_binary '',131),(4624,0,300,0,5,_binary '',131),(4625,0,304,0,5,_binary '',131),(4626,0,313,0,5,_binary '',131),(4627,0,318,5,6,_binary '',131),(4628,0,321,5,6,_binary '',131),(4629,0,322,5,6,_binary '',131),(4630,0,325,5,6,_binary '',131),(4631,0,329,5,6,_binary '',131),(4632,0,75,0,1,_binary '',131),(4633,0,80,0,1,_binary '',131),(4634,0,81,0,1,_binary '',131),(4635,0,89,0,1,_binary '',131),(4636,0,145,0,1,_binary '',131),(4637,0,149,0,1,_binary '',131),(4638,0,155,0,1,_binary '',131),(4639,0,162,0,1,_binary '',131),(4640,0,164,0,1,_binary '',131),(4641,0,168,0,1,_binary '',131),(4642,0,192,0,1,_binary '',131),(4643,0,193,0,1,_binary '',131),(4644,0,194,0,1,_binary '',131),(4645,0,195,0,1,_binary '',131),(4646,0,200,0,1,_binary '',131),(4647,0,5,0,1,_binary '',93),(4648,0,9,0,1,_binary '',93),(4649,0,37,0,1,_binary '',93),(4650,0,56,0,1,_binary '',93),(4651,0,73,0,1,_binary '',93),(4652,0,78,0,1,_binary '',93),(4653,0,79,0,1,_binary '',93),(4654,0,80,0,1,_binary '',93),(4655,0,111,0,1,_binary '',93),(4656,0,131,0,1,_binary '',93),(4657,0,134,0,1,_binary '',93),(4658,0,145,0,1,_binary '',93),(4659,0,149,0,1,_binary '',93),(4660,0,165,0,1,_binary '',93),(4661,0,168,0,1,_binary '',93),(4662,0,169,0,1,_binary '',93),(4663,0,170,0,1,_binary '',93),(4664,0,180,0,1,_binary '',93),(4665,0,181,0,1,_binary '',93),(4666,0,200,0,1,_binary '',93),(4667,0,204,0,1,_binary '',93),(4668,0,211,0,1,_binary '',93),(4669,0,212,0,1,_binary '',93),(4670,0,221,0,1,_binary '',93),(4671,0,1,0,1,_binary '',135),(4672,0,18,0,1,_binary '',135),(4673,0,21,0,1,_binary '',135),(4674,0,22,0,1,_binary '',135),(4675,0,25,0,1,_binary '',135),(4676,0,26,0,1,_binary '',135),(4677,0,31,0,1,_binary '',135),(4678,0,35,0,1,_binary '',135),(4679,0,41,0,1,_binary '',135),(4680,0,48,0,1,_binary '',135),(4681,0,49,0,1,_binary '',135),(4682,0,52,0,1,_binary '',135),(4683,0,65,0,1,_binary '',135),(4684,0,67,0,1,_binary '',135),(4685,0,114,0,1,_binary '',135),(4686,0,119,0,1,_binary '',135),(4687,0,120,0,1,_binary '',135),(4688,0,137,0,1,_binary '',135),(4689,0,156,0,1,_binary '',135),(4690,0,160,0,1,_binary '',135),(4691,0,168,0,1,_binary '',135),(4692,0,181,0,1,_binary '',135),(4693,0,184,0,1,_binary '',135),(4694,0,195,0,1,_binary '',135),(4695,0,224,0,2,_binary '',135),(4696,0,225,0,2,_binary '',135),(4697,0,228,0,2,_binary '',135),(4698,0,266,5,4,_binary '',135),(4699,0,267,5,4,_binary '',135),(4700,0,268,5,4,_binary '',135),(4701,0,269,5,4,_binary '',135),(5663,0,1,0,1,_binary '',17),(5664,0,2,0,1,_binary '',17),(5665,0,3,0,1,_binary '',17),(5666,0,4,0,1,_binary '',17),(5667,0,5,0,1,_binary '',17),(5668,0,6,0,1,_binary '',17),(5669,0,7,0,1,_binary '',17),(5670,0,8,0,1,_binary '',17),(5671,0,9,0,1,_binary '',17),(5672,0,10,0,1,_binary '',17),(5673,0,11,0,1,_binary '',17),(5674,0,12,0,1,_binary '',17),(5675,0,13,0,1,_binary '',17),(5676,0,14,0,1,_binary '',17),(5677,0,15,0,1,_binary '',17),(5678,0,17,0,1,_binary '',17),(5679,0,18,0,1,_binary '',17),(5680,0,19,0,1,_binary '',17),(5681,0,20,0,1,_binary '',17),(5682,0,21,0,1,_binary '',17),(5683,0,22,0,1,_binary '',17),(5684,0,23,0,1,_binary '',17),(5685,0,24,0,1,_binary '',17),(5686,0,25,0,1,_binary '',17),(5687,0,26,0,1,_binary '',17),(5688,0,27,0,1,_binary '',17),(5689,0,28,0,1,_binary '',17),(5690,0,29,0,1,_binary '',17),(5691,0,30,0,1,_binary '',17),(5692,0,31,0,1,_binary '',17),(5693,0,32,0,1,_binary '',17),(5694,0,33,0,1,_binary '',17),(5695,0,34,0,1,_binary '',17),(5696,0,35,0,1,_binary '',17),(5697,0,36,0,1,_binary '',17),(5698,0,37,0,1,_binary '',17),(5699,0,39,0,1,_binary '',17),(5700,0,40,0,1,_binary '',17),(5701,0,41,0,1,_binary '',17),(5702,0,42,0,1,_binary '',17),(5703,0,43,0,1,_binary '',17),(5704,0,44,0,1,_binary '',17),(5705,0,45,0,1,_binary '',17),(5706,0,46,0,1,_binary '',17),(5707,0,47,0,1,_binary '',17),(5708,0,48,0,1,_binary '',17),(5709,0,49,0,1,_binary '',17),(5710,0,50,0,1,_binary '',17),(5711,0,51,0,1,_binary '',17),(5712,0,52,0,1,_binary '',17),(5713,0,53,0,1,_binary '',17),(5714,0,54,0,1,_binary '',17),(5715,0,55,0,1,_binary '',17),(5716,0,56,0,1,_binary '',17),(5717,0,58,0,1,_binary '',17),(5718,0,59,0,1,_binary '',17),(5719,0,60,0,1,_binary '',17),(5720,0,61,0,1,_binary '',17),(5721,0,62,0,1,_binary '',17),(5722,0,63,0,1,_binary '',17),(5723,0,64,0,1,_binary '',17),(5724,0,65,0,1,_binary '',17),(5725,0,66,0,1,_binary '',17),(5726,0,67,0,1,_binary '',17),(5727,0,68,0,1,_binary '',17),(5728,0,69,0,1,_binary '',17),(5729,0,70,0,1,_binary '',17),(5730,0,71,0,1,_binary '',17),(5731,0,72,0,1,_binary '',17),(5732,0,73,0,1,_binary '',17),(5733,0,75,0,1,_binary '',17),(5734,0,76,0,1,_binary '',17),(5735,0,77,0,1,_binary '',17),(5736,0,78,0,1,_binary '',17),(5737,0,79,0,1,_binary '',17),(5738,0,80,0,1,_binary '',17),(5739,0,81,0,1,_binary '',17),(5740,0,82,0,1,_binary '',17),(5741,0,83,0,1,_binary '',17),(5742,0,84,0,1,_binary '',17),(5743,0,85,0,1,_binary '',17),(5744,0,86,0,1,_binary '',17),(5745,0,87,0,1,_binary '',17),(5746,0,88,0,1,_binary '',17),(5747,0,89,0,1,_binary '',17),(5748,0,90,0,1,_binary '',17),(5749,0,91,0,1,_binary '',17),(5750,0,93,0,1,_binary '',17),(5751,0,94,0,1,_binary '',17),(5752,0,95,0,1,_binary '',17),(5753,0,96,0,1,_binary '',17),(5754,0,97,0,1,_binary '',17),(5755,0,98,0,1,_binary '',17),(5756,0,99,0,1,_binary '',17),(5757,0,100,0,1,_binary '',17),(5758,0,101,0,1,_binary '',17),(5759,0,102,0,1,_binary '',17),(5760,0,103,0,1,_binary '',17),(5761,0,104,0,1,_binary '',17),(5762,0,105,0,1,_binary '',17),(5763,0,106,0,1,_binary '',17),(5764,0,107,0,1,_binary '',17),(5765,0,108,0,1,_binary '',17),(5766,0,109,0,1,_binary '',17),(5767,0,110,0,1,_binary '',17),(5768,0,111,0,1,_binary '',17),(5769,0,113,0,1,_binary '',17),(5770,0,114,0,1,_binary '',17),(5771,0,115,0,1,_binary '',17),(5772,0,116,0,1,_binary '',17),(5773,0,117,0,1,_binary '',17),(5774,0,118,0,1,_binary '',17),(5775,0,119,0,1,_binary '',17),(5776,0,120,0,1,_binary '',17),(5777,0,121,0,1,_binary '',17),(5778,0,122,0,1,_binary '',17),(5779,0,123,0,1,_binary '',17),(5780,0,124,0,1,_binary '',17),(5781,0,125,0,1,_binary '',17),(5782,0,126,0,1,_binary '',17),(5783,0,127,0,1,_binary '',17),(5784,0,128,0,1,_binary '',17),(5785,0,129,0,1,_binary '',17),(5786,0,130,0,1,_binary '',17),(5787,0,131,0,1,_binary '',17),(5788,0,133,0,1,_binary '',17),(5789,0,134,0,1,_binary '',17),(5790,0,135,0,1,_binary '',17),(5791,0,136,0,1,_binary '',17),(5792,0,137,0,1,_binary '',17),(5793,0,138,0,1,_binary '',17),(5794,0,139,0,1,_binary '',17),(5795,0,140,0,1,_binary '',17),(5796,0,141,0,1,_binary '',17),(5797,0,142,0,1,_binary '',17),(5798,0,143,0,1,_binary '',17),(5799,0,145,0,1,_binary '',17),(5800,0,146,0,1,_binary '',17),(5801,0,147,0,1,_binary '',17),(5802,0,148,0,1,_binary '',17),(5803,0,149,0,1,_binary '',17),(5804,0,150,0,1,_binary '',17),(5805,0,151,0,1,_binary '',17),(5806,0,152,0,1,_binary '',17),(5807,0,153,0,1,_binary '',17),(5808,0,155,0,1,_binary '',17),(5809,0,156,0,1,_binary '',17),(5810,0,157,0,1,_binary '',17),(5811,0,158,0,1,_binary '',17),(5812,0,159,0,1,_binary '',17),(5813,0,160,0,1,_binary '',17),(5814,0,161,0,1,_binary '',17),(5815,0,162,0,1,_binary '',17),(5816,0,163,0,1,_binary '',17),(5817,0,164,0,1,_binary '',17),(5818,0,165,0,1,_binary '',17),(5819,0,167,0,1,_binary '',17),(5820,0,168,0,1,_binary '',17),(5821,0,169,0,1,_binary '',17),(5822,0,170,0,1,_binary '',17),(5823,0,171,0,1,_binary '',17),(5824,0,172,0,1,_binary '',17),(5825,0,173,0,1,_binary '',17),(5826,0,174,0,1,_binary '',17),(5827,0,175,0,1,_binary '',17),(5828,0,176,0,1,_binary '',17),(5829,0,177,0,1,_binary '',17),(5830,0,178,0,1,_binary '',17),(5831,0,179,0,1,_binary '',17),(5832,0,180,0,1,_binary '',17),(5833,0,181,0,1,_binary '',17),(5834,0,182,0,1,_binary '',17),(5835,0,183,0,1,_binary '',17),(5836,0,184,0,1,_binary '',17),(5837,0,185,0,1,_binary '',17),(5838,0,186,0,1,_binary '',17),(5839,0,187,0,1,_binary '',17),(5840,0,188,0,1,_binary '',17),(5841,0,189,0,1,_binary '',17),(5842,0,190,0,1,_binary '',17),(5843,0,191,0,1,_binary '',17),(5844,0,192,0,1,_binary '',17),(5845,0,193,0,1,_binary '',17),(5846,0,194,0,1,_binary '',17),(5847,0,195,0,1,_binary '',17),(5848,0,196,0,1,_binary '',17),(5849,0,197,0,1,_binary '',17),(5850,0,198,0,1,_binary '',17),(5851,0,200,0,1,_binary '',17),(5852,0,201,0,1,_binary '',17),(5853,0,202,0,1,_binary '',17),(5854,0,203,0,1,_binary '',17),(5855,0,204,0,1,_binary '',17),(5856,0,205,0,1,_binary '',17),(5857,0,206,0,1,_binary '',17),(5858,0,207,0,1,_binary '',17),(5859,0,208,0,1,_binary '',17),(5860,0,209,0,1,_binary '',17),(5861,0,210,0,1,_binary '',17),(5862,0,211,0,1,_binary '',17),(5863,0,212,0,1,_binary '',17),(5864,0,213,0,1,_binary '',17),(5865,0,214,0,1,_binary '',17),(5866,0,215,0,1,_binary '',17),(5867,0,216,0,1,_binary '',17),(5868,0,217,0,1,_binary '',17),(5869,0,218,0,1,_binary '',17),(5870,0,219,0,1,_binary '',17),(5871,0,220,0,1,_binary '',17),(5872,0,221,0,1,_binary '',17),(5873,0,222,0,1,_binary '',17),(5902,0,281,0,5,_binary '',17),(5903,0,282,0,5,_binary '',17),(5904,0,283,0,5,_binary '',17),(5905,0,284,0,5,_binary '',17),(5906,0,285,0,5,_binary '',17),(5907,0,286,0,5,_binary '',17),(5908,0,287,0,5,_binary '',17),(5909,0,288,0,5,_binary '',17),(5910,0,289,0,5,_binary '',17),(5911,0,290,0,5,_binary '',17),(5912,0,291,0,5,_binary '',17),(5913,0,292,0,5,_binary '',17),(5914,0,293,0,5,_binary '',17),(5915,0,294,0,5,_binary '',17),(5916,0,295,0,5,_binary '',17),(5917,0,296,0,5,_binary '',17),(5918,0,301,0,5,_binary '',17),(5919,0,310,0,5,_binary '',17),(5920,0,315,0,5,_binary '',17),(5921,0,1,0,1,_binary '',16),(5922,0,2,0,1,_binary '',16),(5923,0,3,0,1,_binary '',16),(5924,0,4,0,1,_binary '',16),(5925,0,5,0,1,_binary '',16),(5926,0,6,0,1,_binary '',16),(5927,0,7,0,1,_binary '',16),(5928,0,8,0,1,_binary '',16),(5929,0,9,0,1,_binary '',16),(5930,0,10,0,1,_binary '',16),(5931,0,11,0,1,_binary '',16),(5932,0,12,0,1,_binary '',16),(5933,0,13,0,1,_binary '',16),(5934,0,14,0,1,_binary '',16),(5935,0,15,0,1,_binary '',16),(5936,0,17,0,1,_binary '',16),(5937,0,18,0,1,_binary '',16),(5938,0,19,0,1,_binary '',16),(5939,0,20,0,1,_binary '',16),(5940,0,21,0,1,_binary '',16),(5941,0,22,0,1,_binary '',16),(5942,0,23,0,1,_binary '',16),(5943,0,24,0,1,_binary '',16),(5944,0,25,0,1,_binary '',16),(5945,0,26,0,1,_binary '',16),(5946,0,27,0,1,_binary '',16),(5947,0,28,0,1,_binary '',16),(5948,0,29,0,1,_binary '',16),(5949,0,30,0,1,_binary '',16),(5950,0,31,0,1,_binary '',16),(5951,0,32,0,1,_binary '',16),(5952,0,33,0,1,_binary '',16),(5953,0,34,0,1,_binary '',16),(5954,0,35,0,1,_binary '',16),(5955,0,36,0,1,_binary '',16),(5956,0,37,0,1,_binary '',16),(5957,0,39,0,1,_binary '',16),(5958,0,40,0,1,_binary '',16),(5959,0,41,0,1,_binary '',16),(5960,0,42,0,1,_binary '',16),(5961,0,43,0,1,_binary '',16),(5962,0,44,0,1,_binary '',16),(5963,0,45,0,1,_binary '',16),(5964,0,46,0,1,_binary '',16),(5965,0,47,0,1,_binary '',16),(5966,0,48,0,1,_binary '',16),(5967,0,49,0,1,_binary '',16),(5968,0,50,0,1,_binary '',16),(5969,0,51,0,1,_binary '',16),(5970,0,52,0,1,_binary '',16),(5971,0,53,0,1,_binary '',16),(5972,0,54,0,1,_binary '',16),(5973,0,55,0,1,_binary '',16),(5974,0,56,0,1,_binary '',16),(5975,0,58,0,1,_binary '',16),(5976,0,59,0,1,_binary '',16),(5977,0,60,0,1,_binary '',16),(5978,0,61,0,1,_binary '',16),(5979,0,62,0,1,_binary '',16),(5980,0,63,0,1,_binary '',16),(5981,0,64,0,1,_binary '',16),(5982,0,65,0,1,_binary '',16),(5983,0,66,0,1,_binary '',16),(5984,0,67,0,1,_binary '',16),(5985,0,68,0,1,_binary '',16),(5986,0,69,0,1,_binary '',16),(5987,0,70,0,1,_binary '',16),(5988,0,71,0,1,_binary '',16),(5989,0,72,0,1,_binary '',16),(5990,0,73,0,1,_binary '',16),(5991,0,75,0,1,_binary '',16),(5992,0,76,0,1,_binary '',16),(5993,0,77,0,1,_binary '',16),(5994,0,78,0,1,_binary '',16),(5995,0,79,0,1,_binary '',16),(5996,0,80,0,1,_binary '',16),(5997,0,81,0,1,_binary '',16),(5998,0,82,0,1,_binary '',16),(5999,0,83,0,1,_binary '',16),(6000,0,84,0,1,_binary '',16),(6001,0,85,0,1,_binary '',16),(6002,0,86,0,1,_binary '',16),(6003,0,87,0,1,_binary '',16),(6004,0,88,0,1,_binary '',16),(6005,0,89,0,1,_binary '',16),(6006,0,90,0,1,_binary '',16),(6007,0,91,0,1,_binary '',16),(6008,0,93,0,1,_binary '',16),(6009,0,94,0,1,_binary '',16),(6010,0,95,0,1,_binary '',16),(6011,0,96,0,1,_binary '',16),(6012,0,97,0,1,_binary '',16),(6013,0,98,0,1,_binary '',16),(6014,0,99,0,1,_binary '',16),(6015,0,100,0,1,_binary '',16),(6016,0,101,0,1,_binary '',16),(6017,0,102,0,1,_binary '',16),(6018,0,103,0,1,_binary '',16),(6019,0,104,0,1,_binary '',16),(6020,0,105,0,1,_binary '',16),(6021,0,106,0,1,_binary '',16),(6022,0,107,0,1,_binary '',16),(6023,0,108,0,1,_binary '',16),(6024,0,109,0,1,_binary '',16),(6025,0,110,0,1,_binary '',16),(6026,0,111,0,1,_binary '',16),(6027,0,113,0,1,_binary '',16),(6028,0,114,0,1,_binary '',16),(6029,0,115,0,1,_binary '',16),(6030,0,116,0,1,_binary '',16),(6031,0,117,0,1,_binary '',16),(6032,0,118,0,1,_binary '',16),(6033,0,119,0,1,_binary '',16),(6034,0,120,0,1,_binary '',16),(6035,0,121,0,1,_binary '',16),(6036,0,122,0,1,_binary '',16),(6037,0,123,0,1,_binary '',16),(6038,0,124,0,1,_binary '',16),(6039,0,125,0,1,_binary '',16),(6040,0,126,0,1,_binary '',16),(6041,0,127,0,1,_binary '',16),(6042,0,128,0,1,_binary '',16),(6043,0,129,0,1,_binary '',16),(6044,0,130,0,1,_binary '',16),(6045,0,131,0,1,_binary '',16),(6046,0,133,0,1,_binary '',16),(6047,0,134,0,1,_binary '',16),(6048,0,135,0,1,_binary '',16),(6049,0,136,0,1,_binary '',16),(6050,0,137,0,1,_binary '',16),(6051,0,138,0,1,_binary '',16),(6052,0,139,0,1,_binary '',16),(6053,0,140,0,1,_binary '',16),(6054,0,141,0,1,_binary '',16),(6055,0,142,0,1,_binary '',16),(6056,0,143,0,1,_binary '',16),(6057,0,145,0,1,_binary '',16),(6058,0,146,0,1,_binary '',16),(6059,0,147,0,1,_binary '',16),(6060,0,148,0,1,_binary '',16),(6061,0,149,0,1,_binary '',16),(6062,0,150,0,1,_binary '',16),(6063,0,151,0,1,_binary '',16),(6064,0,152,0,1,_binary '',16),(6065,0,153,0,1,_binary '',16),(6066,0,155,0,1,_binary '',16),(6067,0,156,0,1,_binary '',16),(6068,0,157,0,1,_binary '',16),(6069,0,158,0,1,_binary '',16),(6070,0,159,0,1,_binary '',16),(6071,0,160,0,1,_binary '',16),(6072,0,161,0,1,_binary '',16),(6073,0,162,0,1,_binary '',16),(6074,0,163,0,1,_binary '',16),(6075,0,164,0,1,_binary '',16),(6076,0,165,0,1,_binary '',16),(6077,0,167,0,1,_binary '',16),(6078,0,168,0,1,_binary '',16),(6079,0,169,0,1,_binary '',16),(6080,0,170,0,1,_binary '',16),(6081,0,171,0,1,_binary '',16),(6082,0,172,0,1,_binary '',16),(6083,0,173,0,1,_binary '',16),(6084,0,174,0,1,_binary '',16),(6085,0,175,0,1,_binary '',16),(6086,0,176,0,1,_binary '',16),(6087,0,177,0,1,_binary '',16),(6088,0,178,0,1,_binary '',16),(6089,0,179,0,1,_binary '',16),(6090,0,180,0,1,_binary '',16),(6091,0,181,0,1,_binary '',16),(6092,0,182,0,1,_binary '',16),(6093,0,183,0,1,_binary '',16),(6094,0,184,0,1,_binary '',16),(6095,0,185,0,1,_binary '',16),(6096,0,186,0,1,_binary '',16),(6097,0,187,0,1,_binary '',16),(6098,0,188,0,1,_binary '',16),(6099,0,189,0,1,_binary '',16),(6100,0,190,0,1,_binary '',16),(6101,0,191,0,1,_binary '',16),(6102,0,192,0,1,_binary '',16),(6103,0,193,0,1,_binary '',16),(6104,0,194,0,1,_binary '',16),(6105,0,195,0,1,_binary '',16),(6106,0,196,0,1,_binary '',16),(6107,0,197,0,1,_binary '',16),(6108,0,198,0,1,_binary '',16),(6109,0,200,0,1,_binary '',16),(6110,0,201,0,1,_binary '',16),(6111,0,202,0,1,_binary '',16),(6112,0,203,0,1,_binary '',16),(6113,0,204,0,1,_binary '',16),(6114,0,205,0,1,_binary '',16),(6115,0,206,0,1,_binary '',16),(6116,0,207,0,1,_binary '',16),(6117,0,208,0,1,_binary '',16),(6118,0,209,0,1,_binary '',16),(6119,0,210,0,1,_binary '',16),(6120,0,211,0,1,_binary '',16),(6121,0,212,0,1,_binary '',16),(6122,0,213,0,1,_binary '',16),(6123,0,214,0,1,_binary '',16),(6124,0,215,0,1,_binary '',16),(6125,0,216,0,1,_binary '',16),(6126,0,217,0,1,_binary '',16),(6127,0,218,0,1,_binary '',16),(6128,0,219,0,1,_binary '',16),(6129,0,220,0,1,_binary '',16),(6130,0,221,0,1,_binary '',16),(6131,0,222,0,1,_binary '',16),(6132,0,224,0,2,_binary '',16),(6133,0,225,0,2,_binary '',16),(6134,0,226,0,2,_binary '',16),(6135,0,227,0,2,_binary '',16),(6136,0,228,0,2,_binary '',16),(6137,0,229,0,2,_binary '',16),(6138,0,230,0,2,_binary '',16),(6139,0,231,0,2,_binary '',16),(6140,0,232,0,2,_binary '',16),(6141,0,233,0,2,_binary '',16),(6142,0,234,0,2,_binary '',16),(6143,0,235,0,2,_binary '',16),(6144,0,236,0,2,_binary '',16),(6145,0,252,0,4,_binary '',17),(6146,0,253,0,4,_binary '',17),(6147,0,254,0,4,_binary '',17),(6148,0,255,0,4,_binary '',17),(6149,0,256,0,4,_binary '',17),(6150,0,257,0,4,_binary '',17),(6151,0,258,0,4,_binary '',17),(6152,0,259,0,4,_binary '',17),(6153,0,260,0,4,_binary '',17),(6154,0,261,0,4,_binary '',17),(6155,0,262,0,4,_binary '',17),(6156,0,263,0,4,_binary '',17),(6157,0,264,0,4,_binary '',17),(6158,0,266,0,4,_binary '',17),(6159,0,267,0,4,_binary '',17),(6160,0,268,0,4,_binary '',17),(6161,0,269,0,4,_binary '',17),(6162,0,270,0,4,_binary '',17),(6163,0,271,0,4,_binary '',17),(6164,0,272,0,4,_binary '',17),(6165,0,273,0,4,_binary '',17),(6166,0,274,0,4,_binary '',17),(6167,0,275,0,4,_binary '',17),(6168,0,276,0,4,_binary '',17),(6169,0,277,0,4,_binary '',17),(6170,0,278,0,4,_binary '',17),(6171,0,279,0,4,_binary '',17),(6172,0,280,0,4,_binary '',17),(6173,0,20,0,1,_binary '',26),(6174,0,140,0,1,_binary '',26),(6175,0,142,0,1,_binary '',26),(6176,0,159,0,1,_binary '',26),(6177,0,160,0,1,_binary '',26),(6178,0,228,0,2,_binary '',26),(6179,0,247,1,3,_binary '',16);
/*!40000 ALTER TABLE `answer` ENABLE KEYS */;
UNLOCK TABLES;

--
-- Table structure for table `answer_option`
--

DROP TABLE IF EXISTS `answer_option`;
/*!40101 SET @saved_cs_client     = @@character_set_client */;
/*!50503 SET character_set_client = utf8mb4 */;
CREATE TABLE `answer_option` (
  `id` bigint NOT NULL AUTO_INCREMENT,
  `version` bigint NOT NULL,
  `name` varchar(255) NOT NULL,
  `question_id` bigint NOT NULL,
  `answer_options_idx` int DEFAULT NULL,
  PRIMARY KEY (`id`),
  KEY `FK_h0ivpkqyij683w5mvq1h0r0s5` (`question_id`),
  CONSTRAINT `FK_h0ivpkqyij683w5mvq1h0r0s5` FOREIGN KEY (`question_id`) REFERENCES `question_old` (`id`)
) ENGINE=InnoDB AUTO_INCREMENT=355 DEFAULT CHARSET=utf8mb4 COLLATE=utf8mb4_0900_ai_ci;
/*!40101 SET character_set_client = @saved_cs_client */;

--
-- Dumping data for table `answer_option`
--

LOCK TABLES `answer_option` WRITE;
/*!40000 ALTER TABLE `answer_option` DISABLE KEYS */;
INSERT INTO `answer_option` VALUES (1,0,'Engineering/maintenance vehicles',1,0),(2,0,'Freight wagons',1,1),(3,0,'High-speed vehicles',1,2),(4,0,'Intermodal vehicles',1,3),(5,0,'Light rail & tram vehicles',1,4),(6,0,'Locomotives',1,5),(7,0,'Long-distance vehicles',1,6),(8,0,'Magnetic levitation vehicles',1,7),(9,0,'Metro vehicles',1,8),(10,0,'Multiple units',1,9),(11,0,'Narrow-gauge vehicles',1,10),(12,0,'Regional/commuter vehicles',1,11),(13,0,'Sleeping/catering vehicles',1,12),(14,0,'Unpowered passenger vehicles',1,13),(15,0,'Nothing from this section',1,14),(16,0,'Other',1,15),(17,0,'3D printing',2,0),(18,0,'Automation/control systems',2,1),(19,0,'Bogies and wheelsets',2,2),(20,0,'Braking systems',2,3),(21,0,'Cables, connecting materials and accessories',2,4),(22,0,'Converters',2,5),(23,0,'Door systems',2,6),(24,0,'Driving systems',2,7),(25,0,'Electromechanical components',2,8),(26,0,'Energy storage/batteries/chargers',2,9),(27,0,'Energy supply systems',2,10),(28,0,'Lighting systems',2,11),(29,0,'Motors & engines',2,12),(30,0,'Operating and control panels',2,13),(31,0,'Temperature sensors and control',2,14),(32,0,'Tilt system',2,15),(33,0,'Traction power system',2,16),(34,0,'Transmission',2,17),(35,0,'Windows and windscreen',2,18),(36,0,'Windscreen heating system',2,19),(37,0,'Nothing from this section',2,20),(38,0,'Other',2,21),(39,0,'Disabled access',3,0),(40,0,'Driver seats',3,1),(41,0,'Fire protection',3,2),(42,0,'Flooring & lining',3,3),(43,0,'Furninshing',3,4),(44,0,'Heating, ventilation & air conditioning',3,5),(45,0,'Interior design',3,6),(46,0,'Onboard entertainment system',3,7),(47,0,'Passenger alarm systems',3,8),(48,0,'Passenger counting systems',3,9),(49,0,'Passenger information and advertising',3,10),(50,0,'Passenger seats',3,11),(51,0,'Security systems',3,12),(52,0,'Smart window information/infotainment system',3,13),(53,0,'Toilet systems',3,14),(54,0,'Vehicle interiors condition monitoring/smart sensors',3,15),(55,0,'Vending machines',3,16),(56,0,'Nothing from this section',3,17),(57,0,'Other',3,18),(58,0,'Cleaning service',4,0),(59,0,'Cleaning systems',4,1),(60,0,'Driver simulators',4,2),(61,0,'Inspection equipment',4,3),(62,0,'Maintenance equipment',4,4),(63,0,'Maintenance service',4,5),(64,0,'Predictive vehicle maintenance',4,6),(65,0,'Refurbishment',4,7),(66,0,'Testing & certification',4,8),(67,0,'Vehicle condition monitoring/smart sensors',4,9),(68,0,'Vehicle consulting',4,10),(69,0,'Vehicle industrial design',4,11),(70,0,'Vehicle inspection equipment',4,12),(71,0,'Vehicle leasing',4,13),(72,0,'Vehicle maintenance cost reduction consulting',4,14),(73,0,'Nothing from this section',4,15),(74,0,'Other',4,16),(75,0,'Asset management',5,0),(76,0,'Communications systems',5,1),(77,0,'Construction (bridges)',5,2),(78,0,'Construction (buildings)',5,3),(79,0,'Construction (tracks)',5,4),(80,0,'Construction (tunnels and underground)',5,5),(81,0,'Drones',5,6),(82,0,'Earthworks',5,7),(83,0,'Fences & barriers',5,8),(84,0,'Health & safety equipment',5,9),(85,0,'Lighting systems',5,10),(86,0,'Maintenance machinery & equipment',5,11),(87,0,'Overhead lines',5,12),(88,0,'Personal protective equipment',5,13),(89,0,'Power distribution systems',5,14),(90,0,'Testing & certification',5,15),(91,0,'Nothing from this section',5,16),(92,0,'Other',5,17),(93,0,'Chemicals & lubricants',6,0),(94,0,'Plain line track',6,1),(95,0,'Predictive track maintenance',6,2),(96,0,'Rail',6,3),(97,0,'Rail fastening system',6,4),(98,0,'Sand mitigation',6,5),(99,0,'Slab track',6,6),(100,0,'Sleepers',6,7),(101,0,'Surfacing for level crossings',6,8),(102,0,'Switches & crossing units',6,9),(103,0,'Track and point heating',6,10),(104,0,'Track condition monitoring/smart sensors',6,11),(105,0,'Track drainage',6,12),(106,0,'Track inspection equipment',6,13),(107,0,'Track machinery and equipment',6,14),(108,0,'Track support materials',6,15),(109,0,'Trackside cables',6,16),(110,0,'Trackside equipment',6,17),(111,0,'Nothing from this section',6,18),(112,0,'Other',6,19),(113,0,'Automatic Train Control (ATC)',7,0),(114,0,'Autonomous driving',7,1),(115,0,'European Rail Traffic Management System (ERTMS)',7,2),(116,0,'European Train Control systems (ETCS)',7,3),(117,0,'Event logging & condition monitoring',7,4),(118,0,'Interlocking systems',7,5),(119,0,'Level crossing obstacle detection system',7,6),(120,0,'Level crossings',7,7),(121,0,'Lineside signals & indicators',7,8),(122,0,'Point machines',7,9),(123,0,'Signal control system',7,10),(124,0,'Signalling cables',7,11),(125,0,'Signalling consulting',7,12),(126,0,'Signalling transmission',7,13),(127,0,'Staff protection systems',7,14),(128,0,'Train describers',7,15),(129,0,'Train detection systems',7,16),(130,0,'Train protection systems',7,17),(131,0,'Nothing from this section',7,18),(132,0,'Other',7,19),(133,0,'Access gates',8,0),(134,0,'Building services',8,1),(135,0,'Flooring',8,2),(136,0,'Infotainment systems',8,3),(137,0,'Passenger counting systems',8,4),(138,0,'Passenger information display',8,5),(139,0,'Safety & security systems',8,6),(140,0,'Signage',8,7),(141,0,'Station furniture',8,8),(142,0,'Ticket vending systems',8,9),(143,0,'Nothing from this section',8,10),(144,0,'Other',8,11),(145,0,'Civil engineering consulting',9,0),(146,0,'Graffiti removal',9,1),(147,0,'Infrastructure maintenance service',9,2),(148,0,'Leaf and vegetation clearance',9,3),(149,0,'Noise and vibration reduction',9,4),(150,0,'Pest control',9,5),(151,0,'Planning & monitoring',9,6),(152,0,'Weed removal',9,7),(153,0,'Nothing from this section',9,8),(154,0,'Other',9,9),(155,0,'5G communication/FRMCS',10,0),(156,0,'CCTV systems',10,1),(157,0,'CIS systems',10,2),(158,0,'GSM-R',10,3),(159,0,'Location & navigation',10,4),(160,0,'Onboard wifi',10,5),(161,0,'Radio & wireless systems',10,6),(162,0,'SCADA',10,7),(163,0,'Telephone systems',10,8),(164,0,'Transmission systems',10,9),(165,0,'Nothing from this section',10,10),(166,0,'Other',10,11),(167,0,'Application development',11,0),(168,0,'Artificial intelligence',11,1),(169,0,'Big data & data management',11,2),(170,0,'Crowd management',11,3),(171,0,'Cyber security & audit',11,4),(172,0,'Data analytics',11,5),(173,0,'Depot/facility management',11,6),(174,0,'Digital documentation for train drivers and conductors',11,7),(175,0,'Freight logistics management',11,8),(176,0,'Infrastructure maintenance management',11,9),(177,0,'IT consulting',11,10),(178,0,'IT hardware',11,11),(179,0,'IT infrastructure management',11,12),(180,0,'Journey planning',11,13),(181,0,'Passenger data analysis',11,14),(182,0,'Personnel management',11,15),(183,0,'Revenue management',11,16),(184,0,'System integration',11,17),(185,0,'Ticketing (biometric)',11,18),(186,0,'Ticketing (contactless)',11,19),(187,0,'Ticketing (fare collection system)',11,20),(188,0,'Ticketing (mobile)',11,21),(189,0,'Ticketing (online)',11,22),(190,0,'Ticketing (reservation systems)',11,23),(191,0,'Ticketing (RFID)',11,24),(192,0,'Timetable planning',11,25),(193,0,'Traffic management',11,26),(194,0,'Train control & scheduling',11,27),(195,0,'Train location tracking',11,28),(196,0,'Vehicle maintenance management',11,29),(197,0,'Vehicle management',11,30),(198,0,'Nothing from this section',11,31),(199,0,'Other',11,32),(200,0,'Architectural design',12,0),(201,0,'Business consulting',12,1),(202,0,'Corporate identity',12,2),(203,0,'Enterprise asset management',12,3),(204,0,'Environmental services',12,4),(205,0,'Finance & investment',12,5),(206,0,'Health & safety management',12,6),(207,0,'Insurance & risk management',12,7),(208,0,'Legal services',12,8),(209,0,'Map design',12,9),(210,0,'Marketing & social media',12,10),(211,0,'Passenger experience management',12,11),(212,0,'Project management',12,12),(213,0,'Recruitment',12,13),(214,0,'Security',12,14),(215,0,'Station operational services',12,15),(216,0,'Ticket distribution',12,16),(217,0,'Time-lapse filming and promotional videos',12,17),(218,0,'Training (driving & railway skills)',12,18),(219,0,'Training (engineering)',12,19),(220,0,'Translation',12,20),(221,0,'Transport planning consulting',12,21),(222,0,'Nothing from this section',12,22),(223,0,'Other',12,23),(224,0,'Improving manufacturing/maintenance productivity',13,0),(225,0,'Improving operational efficiency',13,1),(226,0,'Improving passenger/customer experience',13,2),(227,0,'Improving punctuality',13,3),(228,0,'Improving safety',13,4),(229,0,'Improving social/economic/environmental sustainability',13,5),(230,0,'Increasing capacity/reducing overcrowding',13,6),(231,0,'Increasing network size',13,7),(232,0,'Managing asset and resources efficiently',13,8),(233,0,'Operating faster trains',13,9),(234,0,'Operating trains more frequently',13,10),(235,0,'Reducing operational cost',13,11),(236,0,'Receiving additional funding',13,12),(237,0,'Other',13,13),(238,0,'Long distance rail operators',14,0),(239,0,'Regional/commuter rail operators',14,1),(240,0,'Metro/urban rail operators',14,2),(241,0,'Freight rail operators',14,3),(242,0,'Rail infrastructure owners (long distance/regional)',14,4),(243,0,'Rail infrastructure owners (metro/urban)',14,5),(244,0,'International Organisation',14,6),(245,0,'National Government/s',14,7),(246,0,'Local/regional authorities (excl. urban public transport operators)',14,8),(247,0,'Rolling stock manufacturers',14,9),(248,0,'Rolling stock leasing companies',14,10),(249,0,'Operation & maintenance organisation',14,11),(250,0,'Construction company',14,12),(251,0,'Other',14,13),(252,0,'Long distance rail operators',15,0),(253,0,'Regional/commuter rail operators',15,1),(254,0,'Metro/urban rail operators',15,2),(255,0,'Freight rail operators',15,3),(256,0,'Rail infrastructure owners (long distance/regional)',15,4),(257,0,'Rail infrastructure owners (metro/urban)',15,5),(258,0,'International Organisation',15,6),(259,0,'National Government/s',15,7),(260,0,'Local/regional authorities (excl. urban public transport operators)',15,8),(261,0,'Rolling stock manufacturers',15,9),(262,0,'Rolling stock leasing companies',15,10),(263,0,'Operation & maintenance organisation',15,11),(264,0,'Construction company',15,12),(265,0,'Other',15,13),(266,0,'Western Europe',16,0),(267,0,'Central Europe',16,1),(268,0,'Eastern Europe',16,2),(269,0,'Southern Europe',16,3),(270,0,'Middle East',16,4),(271,0,'North Africa',16,5),(272,0,'South East Asia',16,6),(273,0,'East Asia',16,7),(274,0,'South Asia',16,8),(275,0,'Central Asia',16,9),(276,0,'Oceania',16,10),(277,0,'North America',16,11),(278,0,'South America',16,12),(279,0,'Central America',16,13),(280,0,'Latin America',16,14),(281,0,'Asset management',18,0),(282,0,'Commercial',18,1),(283,0,'Engineering',18,2),(284,0,'Finance',18,3),(285,0,'General management',18,4),(286,0,'Industrial Design',18,5),(287,0,'Infrastructure',18,6),(288,0,'IT',18,7),(289,0,'Marketing',18,8),(290,0,'Procurement',18,9),(291,0,'R&D',18,10),(292,0,'Rail operations',18,11),(293,0,'Rolling stock',18,12),(294,0,'Strategy',18,13),(295,0,'Sustainability',18,14),(296,0,'Technology',18,15),(297,0,'Other',18,16),(298,0,'I authorise purchase.',19,0),(299,0,'I specify solutions for purchase.',19,1),(300,0,'I recommend solutions for purchase.',19,2),(301,0,'I am not involved in purchasing.',19,3),(302,0,'Other',19,4),(303,0,'Over 1bn',20,0),(304,0,'500m-1bn',20,1),(305,0,'100m-500m',20,2),(306,0,'50m-100m',20,3),(307,0,'10m-50m',20,4),(308,0,'1m-10m',20,5),(309,0,'Less than 1m',20,6),(310,0,'No personal budget',20,7),(311,0,'Other',20,8),(312,0,'Yes I would be happy to give a 15-minute presentation and/or take part in a panel discussion.',21,0),(313,0,'I would be happy to take part in a panel discussion, but I would not give a full presentation.',21,1),(314,0,'I\'m not sure. It depends on the topic.',21,2),(315,0,'No, not this time. Maybe in the future.',21,3),(316,0,'Other',21,4),(317,0,'Improving manufacturing/maintenance productivity',22,0),(318,0,'Improving operational efficiency',22,1),(319,0,'Improving passenger/customer experience',22,2),(320,0,'Improving punctuality',22,3),(321,0,'Improving safety',22,4),(322,0,'Improving social/economic/environmental sustainability',22,5),(323,0,'Increasing capacity/reducing overcrowding',22,6),(324,0,'Increasing network size',22,7),(325,0,'Managing assets and resources efficiently',22,8),(326,0,'Operating faster trains',22,9),(327,0,'Operating trains more frequently',22,10),(328,0,'Receiving additional funding',22,11),(329,0,'Reducing operational cost',22,12),(330,0,'Other',22,13);
/*!40000 ALTER TABLE `answer_option` ENABLE KEYS */;
UNLOCK TABLES;

--
-- Table structure for table `buyer_content`
--

DROP TABLE IF EXISTS `buyer_content`;
/*!40101 SET @saved_cs_client     = @@character_set_client */;
/*!50503 SET character_set_client = utf8mb4 */;
CREATE TABLE `buyer_content` (
  `id` bigint NOT NULL AUTO_INCREMENT,
  `version` bigint NOT NULL,
  `bottom_button_text` varchar(255) NOT NULL,
  `bottom_title` varchar(1000) DEFAULT NULL,
  `buyer_step1_text` varchar(255) NOT NULL,
  `buyer_step2_text` varchar(255) NOT NULL,
  `buyer_step3_text` varchar(255) NOT NULL,
  `buyer_step4_text` varchar(255) NOT NULL,
  `buyer_step5_text` varchar(255) NOT NULL,
  `buyer_sub_title` varchar(255) NOT NULL,
  `buyer_title` varchar(255) NOT NULL,
  `step_button1_astrick` varchar(255) NOT NULL,
  `step_button2_astrick` varchar(255) NOT NULL,
  `step_button3_astrick` varchar(255) NOT NULL,
  `step_button4_astrick` varchar(255) NOT NULL,
  `step_button5_astrick` varchar(255) NOT NULL,
  `terms_content` varchar(255) NOT NULL,
  PRIMARY KEY (`id`)
) ENGINE=InnoDB AUTO_INCREMENT=2 DEFAULT CHARSET=utf8mb4 COLLATE=utf8mb4_0900_ai_ci;
/*!40101 SET character_set_client = @saved_cs_client */;

--
-- Dumping data for table `buyer_content`
--

LOCK TABLES `buyer_content` WRITE;
/*!40000 ALTER TABLE `buyer_content` DISABLE KEYS */;
INSERT INTO `buyer_content` VALUES (1,0,'Apply for a free Buyer Membership','Eligibility: Senior executives involved in general management, technology or procurement, representing rail operators, rail infrastructure owners, national and local governments and rolling stock manufacturers.','Complete a questionnaire about your company and your project requirements.','View recommended experts and shortlist experts you are interested in.','Select experts you would like to meet with at International Railway Summit.','We arrange your meetings.','Receive your individual meeting timetable, and you are ready to meet your matched experts.','Get free advice on the latest trends and best practice from the worlds rail technology experts.','Buyers','-','-','*','*','*','*Available to buyers who have registered for International Railway Summit only.');
/*!40000 ALTER TABLE `buyer_content` ENABLE KEYS */;
UNLOCK TABLES;

--
-- Table structure for table `buyer_final_answer`
--

DROP TABLE IF EXISTS `buyer_final_answer`;
/*!40101 SET @saved_cs_client     = @@character_set_client */;
/*!50503 SET character_set_client = utf8mb4 */;
CREATE TABLE `buyer_final_answer` (
  `id` bigint NOT NULL AUTO_INCREMENT,
  `version` bigint NOT NULL,
  `answer` varchar(255) NOT NULL,
  `question_id` int NOT NULL,
  `section` int NOT NULL,
  `user_id` bigint NOT NULL,
  PRIMARY KEY (`id`),
  KEY `FK_gbn7evb23xc4caclr9jsgwrhs` (`user_id`),
  CONSTRAINT `FK_gbn7evb23xc4caclr9jsgwrhs` FOREIGN KEY (`user_id`) REFERENCES `user` (`id`)
) ENGINE=InnoDB AUTO_INCREMENT=158 DEFAULT CHARSET=utf8mb4 COLLATE=utf8mb4_0900_ai_ci;
/*!40101 SET character_set_client = @saved_cs_client */;

--
-- Dumping data for table `buyer_final_answer`
--

LOCK TABLES `buyer_final_answer` WRITE;
/*!40000 ALTER TABLE `buyer_final_answer` DISABLE KEYS */;
INSERT INTO `buyer_final_answer` VALUES (1,0,'Entirely green anti-corrosion coating.',5,1,22),(29,0,'Technology Programs, Digitalisation, Portfolio Strategy',5,1,24),(30,0,'Signalling Programme Management',7,1,24),(31,0,'Infrastructure condition and cost reporting and reporting',11,1,24),(32,0,'Electromechanical components on board the train to ensure safe sequence of operation when lowering the pantograph and/ or putting the vehicle to earth/ rail, avoiding hazards for personnel working.',2,1,38),(33,0,'Depot Safety System certified upon machinery safety standards, based on electical and/ or key interlocking\r\nProviding risk analysis, design, equipment, installation and/ or supervision and T&C',5,1,38),(34,0,'Representing RB Rail which is the central coordinator for the Rail Baltica project.',12,1,47),(35,0,'Station placemaking by modular architecture',8,1,42),(36,0,'Improving feeling of safety\r\nDecreasing vandalism',13,2,42),(37,0,'Rail Baltic Estonia is the company who is responsible for Railway 1435 construction (client, future Infrastructure manager). Annual budget during construction period differs from 70 MEUR (2022) to 250-400 MEUR in 2023-2025 each year.',20,5,61),(38,0,'Predictive Maintenance System for S&C',5,1,81),(39,0,'Predictive Maintenance system for S&C (incl. Point Machine)',7,1,81),(42,0,'Strategic and operational consulting\r\nRailway digitalization\r\nBid management',1,1,40),(43,0,'Strategic and operational consulting\r\nRailway digitalization\r\nBid management',2,1,40),(44,0,'Strategic and operational consulting\r\nRailway digitalization\r\nBid management',3,1,40),(45,0,'Predictive maintenance\r\nRailway digitalization\r\nStrategic consulting',4,1,40),(46,0,'Predictive maintenance\r\nRailway digitalization\r\nStrategic consulting',10,1,40),(47,0,'Predictive maintenance\r\nRailway digitalization\r\nStrategic consulting',11,1,40),(48,0,'Independent Multimodal Investigation Authority. Transportation Safety Board of Argentina',15,4,86),(49,0,'President of the Board.',18,5,86),(50,0,'International Cooperation',18,5,97),(51,0,'Centralny Port Komunikacyjny (CPK) is one of the biggest infrastructure projects in Central and Eastern Europe. It is responisble for development of new high speed railway system in Poland and to connect it with neighbour countries',15,4,96),(52,0,'ADIF\'s international relation',18,5,98),(53,0,'Grandi Stazioni Retail manages the 14 major stations of Italy, of which we hold the exclusive exploitation rights for commercial and advertising purposes.',15,4,36),(54,0,'Managing of commercial units - Implementing an efficent wayfinding',8,1,36),(55,0,'I lead a team of project managers who purchase construction work',19,5,105),(56,0,'project management tools',11,1,105),(57,0,'Electric Vehicle Charging points',8,1,68),(58,0,'Railway Planners & Developers',15,4,60),(59,0,'Sustainability Policy Development and Implementation; Innovation new technologies for fuel, concrete steel to reduce carbon; biodiveristy gain and circular economy',18,5,60),(60,0,'I help to organize the UIC Zero Waste Workshop on 1st june',21,5,107),(61,0,'Investigamos accidentes de forma Proactiva.',1,1,121),(62,0,'Accident Investigation Authority',15,4,122),(63,0,'Safety',18,5,122),(64,0,'Implementer of the rail infrastructure project',15,4,114),(65,0,'Involvement of purchasing process as internal reviewer',19,5,114),(66,0,'NEOM\'s Transmision System Operator with an interst in operating NEOM\'s commuter, freight and high speed rail systen',15,4,128),(67,0,'Grid Owner and Operator',18,5,128),(68,0,'Network devices: Routers, Antennas, Band stop Filters, Switches, HF Cabel',2,1,57),(69,0,'WIFI and Portal Solution',8,1,57),(70,0,'Rail Baltica project delivery organisation',15,4,133),(71,0,'already taking part in a panel',21,5,133),(74,0,'Passenger Mobility, strategy, development and commercialization',19,5,118),(75,0,'Improving onboard communications',13,2,58),(130,0,'1',1,1,17),(131,0,'1',2,1,17),(132,0,'1',3,1,17),(133,0,'1',4,1,17),(134,0,'1',5,1,17),(135,0,'1',6,1,17),(136,0,'1',7,1,17),(137,0,'1',8,1,17),(138,0,'1',9,1,17),(139,0,'1',10,1,17),(140,0,'1',11,1,17),(141,0,'1',12,1,17),(143,0,'1',18,5,17),(144,0,'test',1,1,16),(145,0,'test',2,1,16),(146,0,'test',3,1,16),(147,0,'test',4,1,16),(148,0,'1',5,1,16),(149,0,'1',6,1,16),(150,0,'1',7,1,16),(151,0,'1',8,1,16),(152,0,'1',9,1,16),(153,0,'1',10,1,16),(154,0,'1',11,1,16),(155,0,'1',12,1,16),(156,0,'1',13,2,16),(157,0,'1',15,4,17);
/*!40000 ALTER TABLE `buyer_final_answer` ENABLE KEYS */;
UNLOCK TABLES;

--
-- Table structure for table `company`
--

DROP TABLE IF EXISTS `company`;
/*!40101 SET @saved_cs_client     = @@character_set_client */;
/*!50503 SET character_set_client = utf8mb4 */;
CREATE TABLE `company` (
  `id` bigint NOT NULL AUTO_INCREMENT,
  `version` bigint NOT NULL,
  `code` varchar(255) NOT NULL,
  `name` varchar(255) NOT NULL,
  PRIMARY KEY (`id`)
) ENGINE=InnoDB AUTO_INCREMENT=136 DEFAULT CHARSET=latin1;
/*!40101 SET character_set_client = @saved_cs_client */;

--
-- Dumping data for table `company`
--

LOCK TABLES `company` WRITE;
/*!40000 ALTER TABLE `company` DISABLE KEYS */;
INSERT INTO `company` VALUES (1,0,'AU','Australia, Aurizon'),(2,0,'AU','Australia, Pacific National'),(3,0,'AU','Austria, BB (Austrian Federal Railways)'),(4,0,'AU','Austria, BB-Infrastruktur (Austrian Federal Railways Infrastructure)'),(5,0,'AU','Austria, BB-Personenverkehr (Austrian Federal Railways Passenger Service)'),(6,0,'AU','Austria, Rail Cargo Group'),(7,0,'AU','Austria, Wiener Linien, Vienna'),(8,0,'BE','Belgium, Infrabel'),(9,0,'BE','Belgium, NMBS/SNCB (Belgian National Railway Company)'),(10,0,'CA','Canada, CN (Canadian National Railway)'),(11,0,'CA','Canada, CP (Canadian Pacific Railway)'),(12,0,'CA','Canada, Via Rail'),(13,0,'CN','China, China Railway (CR)'),(14,0,'CN','China, CRRC'),(15,0,'CZ','Czech Republic, CD (Czech Railways)'),(16,0,'CZ','Czech Republic, CD Cargo (Czech Railways Cargo)'),(17,0,'CZ','Czech Republic, DPP (Prague Public Transit)'),(18,0,'CZ','Czech Republic, koda Transportation'),(19,0,'CZ','Czech Republic, S (Czech Railway Administration)'),(20,0,'DK','Denmark, DSB (Danish State Railways)'),(21,0,'FI','Finland, VR Group'),(22,0,'FR','France, Alstom Transport'),(23,0,'FR','France, Getlink'),(24,0,'FR','France, DF Mobilits (le-de-France Transport Authority)'),(25,0,'FR','France, Keolis'),(26,0,'FR','France, Rail Logistics Europe'),(27,0,'FR','France, RATP Group'),(28,0,'FR','France, SNCF Gares & Connexions (French National Railways Stations)'),(29,0,'FR','France, SNCF Rseau (French National Railways Network)'),(30,0,'FR','France, SNCF Voyageurs (French National Railways Passenger Service)'),(31,0,'FR','France, Socit du Grand Paris (SGP)'),(32,0,'FR','France, Transdev'),(33,0,'DE','Germany, Deutsche Bahn - DB Cargo (German Railways Cargo Service)'),(34,0,'DE','Germany, Deutsche Bahn - DB Fernverkehr (German Railways Long-Distance Passenger Service)'),(35,0,'DE','Germany, Deutsche Bahn - DB International Operations (German Railways International Operations)'),(36,0,'DE','Germany, Deutsche Bahn - DB Netz (German Railway Network)'),(37,0,'DE','Germany, Deutsche Bahn - DB Regio (German Railways Regional Service)'),(38,0,'DE','Germany, Deutsche Bahn - DB Station&Service (German Railways Stations)'),(39,0,'DE','Germany, HHA (Hamburger Hochbahn, Hamburg Transport)'),(40,0,'DE','Germany, HVV (Hamburg Transport Association)'),(41,0,'DE','Germany, MVV (Munich Transport Association)'),(42,0,'DE','Germany, Siemens Mobility'),(43,0,'DE','Germany, VBB (Berlin-Brandenburg Transport Authority)'),(44,0,'HK','Hong Kong, MTR Corporation'),(45,0,'IN','India, Indian Railways'),(46,0,'IN','India, RVNL (Rail Vikas Nigam Limited)'),(47,0,'IT','Italy, ATAC (Rome Transport)'),(48,0,'IT','Italy, ATM (Milan Transport)'),(49,0,'IT','Italy, FNM (North Milan Railway)'),(50,0,'IT','Italy, FSI (Italian State Railways)'),(51,0,'IT','Italy, Hitachi Rail Italy'),(52,0,'IT','Italy, Italo-NTV'),(53,0,'IT','Italy, Mercitalia'),(54,0,'IT','Italy, RFI (Italian Railway Network)'),(55,0,'IT','Italy, Trenitalia'),(56,0,'IT','Italy, Trenord'),(57,0,'JP','Japan, Hankyu Hanshin, Osaka'),(58,0,'JP','Japan, JR Central (Central Japan Railway Company)'),(59,0,'JP','Japan, JR East (East Japan Railway Company)'),(60,0,'JP','Japan, JR Freight (Japan Freight Railway Company)'),(61,0,'JP','Japan, JR West (West Japan Railway Company)'),(62,0,'JP','Japan, Kawasaki Heavy Industries'),(63,0,'JP','Japan, Kintetsu Group, Osaka'),(64,0,'JP','Japan, Meitetsu (Nagoya Railroad)'),(65,0,'JP','Japan, Nishitetsu (Nishi-Nippon Railroad, Fukuoka)'),(66,0,'JP','Japan, Odakyu Electric Railway, Tokyo'),(67,0,'JP','Japan, Tobu Railway, Tokyo'),(68,0,'JP','Japan, Tokyo Metro'),(69,0,'JP','Japan, Tokyu Railways, Tokyo'),(70,0,'MX','Mexico, Ferromex'),(71,0,'NL','Netherlands, Abellio'),(72,0,'NL','Netherlands, NS (Dutch Railways)'),(73,0,'NL','Netherlands, ProRail'),(74,0,'NO','Norway, Vy (formerly NSB, Norwegian State Railways)'),(75,0,'PL','Poland, PKP Cargo'),(76,0,'PL','Poland, PKP Intercity (Polish State Railways Passenger Service)'),(77,0,'PL','Poland, PKP PLK (Polish State Railways Infrastructure)'),(78,0,'RU','Russia, Mosgortrans'),(79,0,'RU','Russia, RZD (Russian Railways)'),(80,0,'RU','Russia, TMH (Transmashholding)'),(81,0,'KR','South Korea, Hyundai Rotem'),(82,0,'KR','South Korea, KRNA (Korea Rail Network Authority)'),(83,0,'ES','Spain, ADIF (Spanish Rail Network Administration)'),(84,0,'ES','Spain, CAF'),(85,0,'ES','Spain, Renfe Mercancas (Spanish National Railways Freight Service)'),(86,0,'ES','Spain, Renfe Viajeros (Spanish National Railways Passenger Service)'),(87,0,'ES','Spain, Talgo'),(88,0,'SE','Sweden, MTR Nordic AB'),(89,0,'SE','Sweden, SJ (formerly Swedish State Railways)'),(90,0,'SE','Sweden, SL (Greater Stockholm Local Transport)'),(91,0,'CH','Switzerland, SBB/CFF/FFS (Swiss Federal Railways)'),(92,0,'CH','Switzerland, Stadler Rail'),(93,0,'TR','Turkey, Metro Istanbul'),(94,0,'TR','Turkey, TCDD (Turkish State Railways)'),(95,0,'AE','UAE, Etihad Rail'),(96,0,'AE','UAE, RTA (Dubai Roads and Transport Authority)'),(97,0,'GB','UK, Abellio UK'),(98,0,'GB','UK, Arriva UK Trains'),(99,0,'GB','UK, Beacon Rail Leasing'),(100,0,'GB','UK, Eurostar International'),(101,0,'GB','UK, First MTR South Western Trains'),(102,0,'GB','UK, FirstGroup'),(103,0,'GB','UK, Go-Ahead Group'),(104,0,'GB','UK, Govia'),(105,0,'GB','UK, Govia Thameslink Railway'),(106,0,'GB','UK, Great Western Railway'),(107,0,'GB','UK, Hitachi Rail Europe'),(108,0,'GB','UK, HS2 (High Speed Two)'),(109,0,'GB','UK, Keolis Group UK'),(110,0,'GB','UK, London & South Eastern Railway'),(111,0,'GB','UK, MTR Corporation UK'),(112,0,'GB','UK, Network Rail'),(113,0,'GB','UK, Serco Group'),(114,0,'GB','UK, Stagecoach Group'),(115,0,'GB','UK, TfL (Transport for London)'),(116,0,'GB','UK, Virgin Rail Group'),(117,0,'US','USA, Amtrak'),(118,0,'US','USA, BART (Bay Area Rapid Transit District, San Francisco)'),(119,0,'US','USA, BNSF Railway'),(120,0,'US','USA, CHSRA (California High-Speed Rail Authority)'),(121,0,'US','USA, CSX Corporation'),(122,0,'US','USA, CTA (Chicago Transit Authority)'),(123,0,'US','USA, G&W (Genesee & Wyoming)'),(124,0,'US','USA, Kansas City Southern Railway'),(125,0,'US','USA, LACMTA (Los Angeles County Metropolitan Transportation Authority)'),(126,0,'US','USA, MARTA (Metropolitan Atlanta Rapid Transit Authority, Atlanta)'),(127,0,'US','USA, MBTA (Massachusetts Bay Transportation Authority, Boston)'),(128,0,'US','USA, MTA (Metropolitan Transit Authority, New York)'),(129,0,'US','USA, MTA Metro-North Railroad, New York City'),(130,0,'US','USA, Norfolk Southern Railway'),(131,0,'US','USA, NYCTA (New York City Transit Authority)'),(132,0,'US','USA, PATH (Port Authority of New York and New Jersey)'),(133,0,'US','USA, SEPTA (Southeastern Pennsylvania Transportation Authority, Philadelphia)'),(134,0,'US','USA, Union Pacific'),(135,0,'US','USA, WMATA (Washington Metropolitan Area Transit Authority)');
/*!40000 ALTER TABLE `company` ENABLE KEYS */;
UNLOCK TABLES;

--
-- Table structure for table `company_old`
--

DROP TABLE IF EXISTS `company_old`;
/*!40101 SET @saved_cs_client     = @@character_set_client */;
/*!50503 SET character_set_client = utf8mb4 */;
CREATE TABLE `company_old` (
  `id` bigint NOT NULL AUTO_INCREMENT,
  `version` bigint NOT NULL,
  `code` varchar(255) NOT NULL,
  `name` varchar(255) NOT NULL,
  PRIMARY KEY (`id`)
) ENGINE=InnoDB AUTO_INCREMENT=509 DEFAULT CHARSET=utf8mb4 COLLATE=utf8mb4_0900_ai_ci;
/*!40101 SET character_set_client = @saved_cs_client */;

--
-- Dumping data for table `company_old`
--

LOCK TABLES `company_old` WRITE;
/*!40000 ALTER TABLE `company_old` DISABLE KEYS */;
INSERT INTO `company_old` VALUES (1,0,'UK','Network Rail'),(2,0,'DE','Deutsche Bahn AG'),(3,0,'DE','Bombardier Transportation'),(4,0,'UK','Department for Transport'),(5,0,'DE','Siemens'),(6,0,'DE','DB Vertrieb GmbH'),(7,0,'DE','DB Regio AG'),(8,0,'FR','SNCF'),(9,0,'FR','SNCF Mobilits'),(10,0,'FR','CTS'),(11,0,'DE','DB Netz AG'),(12,0,'DE','DB Cargo AG'),(13,0,'FR','Alstom Transport'),(14,0,'DE','DB Fernverkehr AG'),(15,0,'CH','SBB'),(16,0,'FR','Transdev SA'),(17,0,'UK','Arriva'),(18,0,'FR','Keolis'),(19,0,'FR','RATP Group'),(20,0,'FR','SGP'),(21,0,'FR','SNCF Rseau'),(22,0,'US','BNSF Railway Co'),(23,0,'UK','Stagecoach Group'),(24,0,'UK','TfL'),(25,0,'AT','BB AG'),(26,0,'CN','CR'),(27,0,'IT','FSI'),(28,0,'CN','CRRC Corporation'),(29,0,'UK','Hitachi Rail Europe'),(30,0,'UK','Beacon Rail Leasing'),(31,0,'UK','Go-Ahead Group'),(32,0,'US','MTA'),(33,0,'UK','FirstGroup Plc'),(34,0,'RU','RZD'),(35,0,'CH','Stadler Rail Group'),(36,0,'US','GE Transportation'),(37,0,'IT','Trenitalia SpA'),(38,0,'DE','VBB'),(39,0,'UK','Keolis Group UK'),(40,0,'US','MTA New York City Transit'),(41,0,'JP','JR East'),(42,0,'CA','CN'),(43,0,'UK','Govia Thameslink Railway'),(44,0,'US','Amtrak'),(45,0,'SE','SL'),(46,0,'AT','BB-Infrastruktur AG'),(47,0,'AT','Rail Cargo Group'),(48,0,'DE','DB Station&Service AG'),(49,0,'IN','Indian Railways'),(50,0,'AT','BB-Personenverkehr AG'),(51,0,'UK','First Great Western'),(52,0,'ES','Renfe Operadora'),(53,0,'UK','HS2'),(54,0,'UK','South West Trains'),(55,0,'ES','CAF'),(56,0,'IT','RFI'),(57,0,'RU','Mosgortrans'),(58,0,'NL','NS'),(59,0,'UK','Serco Group plc'),(60,0,'UK','Eurostar International Ltd'),(61,0,'DK','DSB'),(62,0,'DE','HHA'),(63,0,'AE','RTA'),(64,0,'FR','Groupe Eurotunnel'),(65,0,'PL','PKP SA'),(66,0,'ES','ADIF'),(67,0,'DE','MVV'),(68,0,'DE','HVV'),(69,0,'UK','Abellio ScotRail'),(70,0,'UK','Southeastern Railway'),(71,0,'US','CHSRA'),(72,0,'UK','Great Western Railway'),(73,0,'DE','Transdev GmbH'),(74,0,'ZA','Transnet'),(75,0,'CH','SBB Cargo'),(76,0,'CH','BLS AG'),(77,0,'UK','Greater Anglia'),(78,0,'RU','Moskovsky Metropoliten'),(79,0,'DE','S-Bahn Berlin GmbH'),(80,0,'SE','SJ AB'),(81,0,'NO','Jernbaneverket'),(82,0,'DE','BVG'),(83,0,'NL','Abellio Group'),(84,0,'DK','Banedanmark'),(85,0,'UK','Northern Rail'),(86,0,'ES','Metro de Madrid'),(87,0,'US','MTA Metro-North Railroad'),(88,0,'IT','ATM'),(89,0,'UK','Freightliner Group Ltd'),(90,0,'KR','Hyundai Rotem'),(91,0,'PL','PKP PLK'),(92,0,'ES','TMB'),(93,0,'FI','Liikennevirasto'),(94,0,'NL','ProRail'),(95,0,'UK','DB Schenker UK'),(96,0,'JP','Tokyo Metro Co., Ltd.'),(97,0,'JP','Kawasaki Rolling Stock Company'),(98,0,'DE','Stuttgarter Straenbahnen AG (SSB)'),(99,0,'KZ','KTZ (Kazakhstan Railways)'),(100,0,'UK','Angel Trains'),(101,0,'BE','Infrabel SA'),(102,0,'PL','PKP Cargo SA'),(103,0,'CZ','DPP (Dopravn podnik hlavnho msta Prahy, Prague Public Transit Company)'),(104,0,'UK','Virgin Trains East Coast (East Coast Main Line Company Ltd)'),(105,0,'UK','East Coast Main Line Company Ltd'),(106,0,'IT','ATAC'),(107,0,'KR','KORAIL (Korea Railroad Corp.)'),(108,0,'DE','Netinera Deutschland GmbH'),(109,0,'SE','Green Cargo AB'),(110,0,'HU','BKV (Budapest Transport Company)'),(111,0,'UK','Crossrail Ltd'),(112,0,'DE','Rheinbahn AG'),(113,0,'CZ','D (esk drhy, Czech Railways)'),(114,0,'EG','Egyptian National Railways (ENR)'),(115,0,'UA','Ukrzaliznytsia (Ukrainian Railways)'),(116,0,'AU','Australian Rail Track Corp (ARTC)'),(117,0,'DE','MVG (Munich Transport)'),(118,0,'DE','Stadtwerke Mnchen GmbH (SWM)'),(119,0,'UK','Arriva UK Trains'),(120,0,'IN','Delhi Metro Rail Corp'),(121,0,'AT','Wiener Linien GmbH'),(122,0,'SG','LTA (Land Transport Authority)'),(123,0,'UK','Porterbrook'),(124,0,'HU','MV (Hungarian State Railways)'),(125,0,'UK','East Midlands Trains Ltd'),(126,0,'UK','West Midlands Trains'),(127,0,'DE','Bochum-Gelsenkirchener Straenbahnen AG (Bogestra)'),(128,0,'HU','MV START Zrt'),(129,0,'CH','VBZ (Verkehrsbetriebe Zrich, Zurich Public Transport)'),(130,0,'DE','Stadtwerke Verkehrsgesellschaft Frankfurt am Main mbH (VGF)'),(131,0,'CZ','koda Transportation'),(132,0,'PL','Pesa Bydgoszcz'),(133,0,'IR','Iranian Islamic Republic Railways (RAI)'),(134,0,'DE','S-Bahn Hamburg GmbH'),(135,0,'AE','Etihad Rail'),(136,0,'CH','Hupac'),(137,0,'DE','Rhenus Veniro GmbH & Co KG'),(138,0,'HK','MTR Corporation'),(139,0,'SE','Trafikverket (Swedish Transport Administration)'),(140,0,'UK','First TransPennine Express'),(141,0,'TR','TCDD (Turkish State Railways)'),(142,0,'UA','Kiev Metro'),(143,0,'ES','Patentes Talgo'),(144,0,'PL','PKP Intercity'),(145,0,'IT','Metropolitana di Roma SpA'),(146,0,'UK','TfGM'),(147,0,'DE','Captrain Deutschland GmbH'),(148,0,'TR','Metro Istanbul (formerly Istanbul Ulasim)'),(149,0,'RU','Peterburgsky Metropoliten'),(150,0,'CZ','D Cargo'),(151,0,'SA','Saudi Railways Organization (SRO)'),(152,0,'MA','Office National des Chemins de Fer'),(153,0,'BE','Thalys International'),(154,0,'IT','Hitachi Rail Italy'),(155,0,'LU','CFL (Luxembourg National Railways)'),(156,0,'BY','BC (Belarusian Railway)'),(157,0,'SA','Saudi Railway Company (SAR)'),(158,0,'CA','Via Rail'),(159,0,'DE','KVB (Cologne Transport)'),(160,0,'CH','TPG (Transports publics genevois, Geneva Public Transport)'),(161,0,'FR','Europorte'),(162,0,'IN','Chennai Metro Rail Ltd (CMRL)'),(163,0,'IT','ARST SpA (Sardinia Regional Transport Company)'),(164,0,'EG','APTA(Alexandria Passenger Transport Authority)'),(165,0,'UK','Cross Country Trains'),(166,0,'UK','Chiltern Railways Co Ltd'),(167,0,'NO','Sporveien Oslo AS'),(168,0,'ES','Tramvia Metropolit, SA'),(169,0,'UA','Kiev Tramway'),(170,0,'DE','National Express Rail GmbH'),(171,0,'IQ','Iraqi Republic Railways Establishment (IRR)'),(172,0,'ZA','PRASA'),(173,0,'PL','Tramwaje lskie S.A'),(174,0,'UK','National Express'),(175,0,'DE','NordWestBahn GmbH'),(176,0,'ES','FGV (Ferrocarrils de la Generalitat Valenciana)'),(177,0,'FR','TCAR / Veolia Transport'),(178,0,'UK','Merseyrail'),(179,0,'HU','Gyr-Sopron-Ebenfurti Vast Zrt. (GYSEV, Raaberbahn)'),(180,0,'ES','FGC (Catalan Railways)'),(181,0,'RO','CFR Cltori'),(182,0,'UK','GB Railfreight'),(183,0,'NL','HTM'),(184,0,'MY','MRT'),(185,0,'DE','Abellio Deutschland GmbH'),(186,0,'JP','Japan Transport Engineering Company (J-TREC)'),(187,0,'CH','BLS Cargo AG'),(188,0,'LT','Lietuvos Geleinkeliai (LG, Lithuanian Railways)'),(189,0,'PT','Infraestruturas de Portugal'),(190,0,'FR','Groupe Voies Ferres Locales et Industrielles'),(191,0,'HR','Hrvatske eljeznice (H, Croatian Railways)'),(192,0,'RO','CFR Marf SA'),(193,0,'LV','LDz'),(194,0,'UK','Eversholt Rail Group'),(195,0,'IL','Israel Rail (IR)'),(196,0,'FR','Euro Cargo Rail SAS'),(197,0,'UZ','UTY (Uzbekistan Railways)'),(198,0,'GE','Georgian Railway LLC'),(199,0,'RO','CFR SA (CFR Infrastructure)'),(200,0,'DE','Albtal-Verkehrs-Gesellschaft (AVG)'),(201,0,'UK','Direct Rail Services'),(202,0,'DK','Odense Letbane P/S'),(203,0,'UK','London Midland'),(204,0,'FI','HKL (Helsinki City Transport)'),(205,0,'PT','Comboios de Portugal (CP)'),(206,0,'ES','Metro de Bilbao'),(207,0,'IE','Iarnrd ireann (Irish Rail)'),(208,0,'PL','Metro Warszawskie'),(209,0,'UK','Belmond Trains & Cruises'),(210,0,'MY','ERL Maintenance Support'),(211,0,'BY','Minsk Metro'),(212,0,'RO','Metrorex SA'),(213,0,'IT','Ferrovie Appulo Lucane'),(214,0,'SE','Hector Rail AB'),(215,0,'AT','GKB (Graz-Kflacher Bahn and Busbetrieb GmbH)'),(216,0,'AZ','Azerbaijan Railways'),(217,0,'MY','SPAD (Land Public Transport Commission)'),(218,0,'DK','DB Schenker Rail Scandinavia A/S'),(219,0,'HR','H Infrastruktura d.o.o. (Croatian Railways Infrastructure)'),(220,0,'UK','Macquarie European Rail'),(221,0,'DE','Havellndische Eisenbahn AG'),(222,0,'RO','RATB (Bucharest Transport)'),(223,0,'FR','Rseau des Chemins de Fer de la Corse'),(224,0,'HR','H Cargo d.o.o. (Croatian Railways Cargo)'),(225,0,'HR','H Putnicki Prijevoz d.o.o. (Croatian Railways Passengers)'),(226,0,'AU','PTV (Public Transport Victoria)'),(227,0,'BG','Balgarski darzhavni zheleznitsi (BDZ, Bulgarian State Railways)'),(228,0,'BG','Balgarski darzhavni zheleznitsi'),(229,0,'BG','Bulgarian State Railways'),(230,0,'AT','WLB (Wiener Lokalbahnen)'),(231,0,'MA','Casablanca Transports en site amnag SA (Casa Transports)'),(232,0,'TW','Mass Rapid Transit Bureau, Kaohsiung City'),(233,0,'CZ','METRANS Rail s.r.o.'),(234,0,'AT','Zillertalbahn'),(235,0,'MY','KTMB'),(236,0,'DE','Railpool'),(237,0,'EE','Eesti Raudtee (EVR)'),(238,0,'UK','Alpha Trains'),(239,0,'NL','RegioTram Utrecht'),(240,0,'DE','Harzer Schmalspurbahnen GmbH'),(241,0,'LU','Ascendos Rail Leasing (acquired by Beacon Rail Leasing)'),(242,0,'CZ','LEO Express a.s.'),(243,0,'DK','Nordjyske Jernbaner A/S (NJ)'),(244,0,'LK','Sri Lanka Railways (SLR)'),(245,0,'FR','Association des Rgions de France'),(246,0,'MK','MT'),(247,0,'FR','STIF'),(248,0,'UK','TfWM'),(249,0,'CH','ZVV (Zrcher Verkehrsverbund, Zurich Transport Network)'),(250,0,'CH','Zrcher Verkehrsverbund'),(251,0,'CH','Zurich Transport Network'),(252,0,'MK','MI'),(253,0,'FR','SYTRAL (Rhne department and Lyon metropolitan transport syndicate)'),(254,0,'UK','HS1'),(255,0,'ES','CRTM (Regional Consortium of Transportation for Madrid)'),(256,0,'DK','Metroselskabet I/S'),(257,0,'DK','HSL (Helsinki Regional Transport Authority)'),(258,0,'US','MARTA (Metropolitan Atlanta Rapid Transit Authority)'),(259,0,'US','Maryland Transit Administration'),(260,0,'US','MBTA (Massachusetts Bay Transportation Authority)'),(261,0,'US','CTA (Chicago Transit Authority)'),(262,0,'US','Metra'),(263,0,'US','RTD (Regional Transportation District), Denver'),(264,0,'US','Metropolitan Transit Authority of Harris County'),(265,0,'US','Los Angeles County Metropolitan Transportation Authority'),(266,0,'US','Metrolink'),(267,0,'US','Metropolitan Council'),(268,0,'US','NJ Transit (New Jersey Transit)'),(269,0,'US','New Jersey Transit'),(270,0,'US','SEPTA (Southeastern Pennsylvania Transportation Authority)'),(271,0,'US','Southeastern Pennsylvania Transportation Authority'),(272,0,'US','Valley Metro Rail, Inc.'),(273,0,'US','TriMet (Tri-County Metropolitan Transportation District of Oregon)'),(274,0,'US','Tri-County Metropolitan Transportation District of Oregon'),(275,0,'US','UTA (Utah Transit Authority)'),(276,0,'US','MTS (San Diego Metropolitan Transit System)'),(277,0,'US','BART (Bay Area Rapid Transit)'),(278,0,'US','SFMTA (San Francisco Municipal Transportation Agency)'),(279,0,'US','San Francisco Municipal Transportation Agency'),(280,0,'US','VTA (Santa Clara Valley Transportation Authority)'),(281,0,'US','Santa Clara Valley Transportation Authority'),(282,0,'US','Sound Transit'),(283,0,'US','Washington Metropolitan Area Transit Authority'),(284,0,'IT','FAS (Ferrovia Adriatico Sangritana)'),(285,0,'ES','Renfe Feve'),(286,0,'ES','EuskoTren'),(287,0,'NL','GE Capital Rail Services (bought up by Wells Fargo Rail)'),(288,0,'NL','Mitsui Rail Capital Europe BV'),(289,0,'IT','Roma Metropolitane S.r.l.'),(290,0,'IT','Ministry of Infrastructure & Transport'),(291,0,'CN','Beijing Infrastructure Investment Co., Ltd (formerly Beijing Subway Group Co., Ltd)'),(292,0,'CN','Beijing Mass Transit Railway Operation Corp. Ltd (formerly Beijing Municipal Subway Company)'),(293,0,'CN','Guangzhou Metro Corp.'),(294,0,'CN','Beijing MTR Corp. Ltd.'),(295,0,'RU','Aeroexpress Ltd'),(296,0,'CA','Exo (formerly RTM, Metropolitan Transportation Network)'),(297,0,'CA','STM (Socit de Transport de Montral, Montreal Transit Corp.)'),(298,0,'CA','Socit de Transport de Montral'),(299,0,'CA','Montreal Transit Corp.'),(300,0,'CA','OC Transpo'),(301,0,'CA','Metrolinx'),(302,0,'CA','TTC (Toronto Transit Commission)'),(303,0,'CA','TransLink (formerly South Coast British Columbia Transportation Authority)'),(304,0,'CA','Winnipeg Transit'),(305,0,'NL','GVB (Municipal Transport Company), Amsterdam'),(306,0,'QA','Qatar Rail (Qatar Railways Company)'),(307,0,'IN','BMRCL (Bangalore Metro Rail Corporation Ltd)'),(308,0,'IN','JMRCL (Jaipur Metro Rail Corp. Ltd)'),(309,0,'IN','LMRC (Lucknow Metro Rail Corp. Ltd)'),(310,0,'IN','MMRDA (Mumbai Metropolitan Region Development Authority)'),(311,0,'IN','NMRCL (Nagpur Metro Rail Corp. Ltd)'),(312,0,'IN','MOOPL (Metro One Operation Pvt. Ltd)'),(313,0,'IN','MMRC (Mumbai Metro Rail Corp.)'),(314,0,'IN','Mumbai Metro Rail Corp.'),(315,0,'OM','Oman Rail'),(316,0,'CN','Shanghai Shentong Metro Co'),(317,0,'SA','ADA (Arriyadh Development Authority)'),(318,0,'BE','De Lijn'),(319,0,'BE','STIB (Brussels Intercommunal Transport Company)'),(320,0,'AU','PTA (Public Transport Authority of Western Australia)'),(321,0,'AU','Public Transport Authority of Western Australia'),(322,0,'AU','TfNSW (Transport for New South Wales)'),(323,0,'AU','Transport for New South Wales'),(324,0,'AU','RPV (Rail Projects Victoria, formerly Melbourne Metro Rail Authority)'),(325,0,'SA','GCC (Gulf Cooperation Council)'),(326,0,'IL','NTA Metropolitan Mass Transit System Ltd'),(327,0,'IN','MAHA-METRO (Maharashtra Metro Rail Corp. Ltd)'),(328,0,'QA','Minister of Transport, Qatar'),(329,0,'NO','Ruter A.S.'),(330,0,'BR','MetrRio (Rio de Janeiro Metro)'),(331,0,'BR','Companhia do Metropolitano de So Paulo (So Paulo Metro)'),(332,0,'BR','Companhia Brasileira de Trens Urbanos'),(333,0,'BR','Brazilian Company of Urban Trains'),(334,0,'BR','CBTU (Companhia Brasileira de Trens Urbanos, Brazilian Company of Urban Trains)'),(335,0,'KR','Seoul Metro'),(336,0,'HU','BKK (Budapest Transport Authority)'),(337,0,'HU','MV-Gpszet Zrt'),(338,0,'HU','MV-Trakci Zrt'),(339,0,'SG','Ministry of Transport, Singapore'),(340,0,'ID','KCI (PT Kereta Commuter Indonesia, formerly KCJ)'),(341,0,'ID','MRT Jakarta (PT Mass Rapid Transit Jakarta)'),(342,0,'MX','STC (Sistema de Transporte Colectivo, Mexico City Metro)'),(343,0,'MX','Mexico City Metro'),(344,0,'MX','Sistema de Transporte Colectivo'),(345,0,'CL','Empresa de Transporte de Pasajeros Metro S.A. (Santiago Metro)'),(346,0,'TW','TRTC (Taipei Rapid Transit Corporation)'),(347,0,'NZ','KiwiRail'),(348,0,'TH','MRTA (Mass Rapid Transit Authority), Thailand'),(349,0,'IR','Tehran Urban and Suburban Railway Company'),(350,0,'BG','Metropoliten JSC'),(351,0,'IE','NTA (National Transport Authority)'),(352,0,'AR','SBASE (Subterrneos de Buenos Aires S.E., Buenos Aires Underground)'),(353,0,'AR','Buenos Aires Underground'),(354,0,'AR','Subterrneos de Buenos Aires S.E.'),(355,0,'EG','NAT (National Authority for Tunnels)'),(356,0,'NG','LAMATA (Lagos Metropolitan Area Transport Authority)'),(357,0,'KW','Kuwait Metro'),(358,0,'DZ','EMA (Algiers Metro Company, Entreprise Mtro d Alger)'),(359,0,'DZ','Entreprise Mtro d Alger'),(360,0,'DZ','Algiers Metro Company'),(361,0,'GR','Attiko Metro (Athens Metro)'),(362,0,'AZ','Baku Metropolitan CJSC'),(363,0,'ZA','Gautrain Management Agency'),(364,0,'PH','DOTr (Department of Transportation), the Philippines'),(365,0,'PH','LRTA (Light Rail Transit Authority)'),(366,0,'PE','AATE (Autoridad Autnoma del Sistema Elctrico de Transporte Masivo de Lima y Callao, Autonomous El'),(367,0,'BD','Dhaka Mass Transit Company Ltd'),(368,0,'PA','Secretara del Metro de Panam (Panama Metro)'),(369,0,'CO','Metro de Bogot (Bogot Metro)'),(370,0,'CO','Bogot Metro'),(371,0,'EC','MDQ (Empresa Publica Metropolitana Metro de Quito, Quito Metro)'),(372,0,'EC','Quito Metro'),(373,0,'EC','Empresa Publica Metropolitana Metro de Quito'),(374,0,'TM','Ministry of Railway Transport, Turkmenistan'),(375,0,'DE','DB'),(376,0,'DE','German Railways'),(377,0,'FR','French National Railways'),(378,0,'FR','DB Vertrieb'),(379,0,'FR','Strasbourg Transport'),(380,0,'CH','Swiss Federal Railways'),(381,0,'CN','China Railway Corp'),(382,0,'FR','Socit du Grand Paris'),(383,0,'US','Union Pacific Corp'),(384,0,'UK','Arriva UK Trains Ltd'),(385,0,'AT','Austrian Federal Railways'),(386,0,'US','CSX Corp'),(387,0,'UK','Beacon Rail Leasing Ltd'),(388,0,'US','Metropolitan Transit Authority'),(389,0,'IT','Ferrovie dello Stato Italiane SpA'),(390,0,'IT','Italian State Railways'),(391,0,'RU','Russian Railways'),(392,0,'CA','Canadian National Railway'),(393,0,'DE','Verkehrsverbund Berlin-Brandenburg GmbH'),(394,0,'DE','Berlin-Brandenburg Transport Network'),(395,0,'SE','Storstockholm Public Transport'),(396,0,'IT','Italian Railway Network'),(397,0,'ES','Construcciones y Auxiliar de Ferrocarriles'),(398,0,'MK','Makedonski eleznici Infrastruktura'),(399,0,'MK','Macedonian Railways Infrastructure'),(400,0,'AE','Roads & Transport Authority'),(401,0,'RU','Federal Passenger Company'),(402,0,'NL','Dutch Railways'),(403,0,'NL','Nederlandse Spoorwegen'),(404,0,'DK','Danish State Railways'),(405,0,'US','California High Speed Rail Authority'),(406,0,'PL','Polish State Railways'),(407,0,'ES','Spanish Railway Infrastructure Administrator'),(408,0,'KZ','Kazakhstan Railways'),(409,0,'RU','Moscow Metro'),(410,0,'DE','Hamburger Hochbahn AG'),(411,0,'DE','Hochbahn'),(412,0,'NO','Norwegian National Rail Administration'),(413,0,'DE','Hamburger Verkehrsverbund'),(414,0,'DE','Hamburg Transport Association'),(415,0,'DE','Mnchner Verkehrs- und Tarifverbund GmbH'),(416,0,'DE','Munich Transport and Tariff Association'),(417,0,'RU','Federal Freight Company'),(418,0,'FI','Finnish Transport Agency'),(419,0,'DE','Berlin Public Transport'),(420,0,'IT','Azienda Trasporti Milanesi'),(421,0,'IT','Milan Transport Company'),(422,0,'ES','Barcelona Transport'),(423,0,'UK','First Great Western Ltd'),(424,0,'SG','Land Transport Authority'),(425,0,'EG','Egyptian National Railways'),(426,0,'CZ','Dopravn podnik hlavnho msta Prahy'),(427,0,'CZ','Prague Public Transit Company'),(428,0,'AU','Australian Rail Track Corp.'),(429,0,'CZ','esk drhy'),(430,0,'CZ','Czech Railways'),(431,0,'UA','Ukrainian Railways'),(432,0,'IT','Azienda per i Trasporti Autoferrotranviari del Comune di Roma SpA'),(433,0,'IT','Transport Company of the Municipality of Rome'),(434,0,'UK','High Speed One Ltd'),(435,0,'HU','Hungarian State Railways'),(436,0,'CH','Verkehrsbetriebe Zrich'),(437,0,'CH','Zurich Public Transport'),(438,0,'DE','Munich Transport'),(439,0,'UZ','Uzbekistan Railways'),(440,0,'DE','Stadtwerke Mnchen GmbH'),(441,0,'UK','High Speed Two Ltd'),(442,0,'UK','Keolis (UK) Ltd'),(443,0,'LV','RB Rail AS'),(444,0,'SV','Swedish Transport Administration'),(445,0,'CH','Transports publics genevois'),(446,0,'CH','Geneva Public Transport'),(447,0,'RU','Saint Petersburg Metro'),(448,0,'TH','State Railway of Thailand'),(449,0,'IT','Sardinia Regional Transport Company'),(450,0,'MY','Mass Rapid Transit Corp. Sdn Bhd'),(451,0,'MY','MRT Corp'),(452,0,'IT','Nuovo Trasporto Viaggiatori'),(453,0,'JP','East Japan Railway Company'),(454,0,'HR','Croatian Railways'),(455,0,'RO','CFR Cltori S.A.'),(456,0,'RO','Romanian Railways Passenger Services'),(457,0,'NL','HTM Personenvervoer NV'),(458,0,'LT','Lithuanian Railways'),(459,0,'RU','United Transport and Logistics Company'),(460,0,'LV','Latvijas dzelzce'),(461,0,'LV','Latvian Railways'),(462,0,'MY','Romanian Railways Infrastructure'),(463,0,'MY','ERL Maintenance Support Sdn Bhd'),(464,0,'UK','London & South Eastern Railway Ltd'),(465,0,'HR','Croatian Railways Infrastructure'),(466,0,'UK','Transport for Greater Manchester'),(467,0,'HR','Croatian Railways Passengers'),(468,0,'HR','Croatian Railways Cargo'),(469,0,'PL','Warsaw Metro'),(470,0,'UK','Transport for London'),(471,0,'AT','Graz-Kflacher Bahn and Busbetrieb GmbH'),(472,0,'PE','Autoridad Autnoma del Sistema Elctrico de Transporte Masivo de Lima y Callao'),(473,0,'PL','Metro Warszawskie Sp zoo'),(474,0,'CL','Ferrocarril de Antofagasta a Bolivia'),(475,0,'CL','Antofagasta and Bolivia Railway'),(476,0,'PE','Autonomous Electric Train Authority of Lima and Callao'),(477,0,'UK','Transport for West Midlands'),(478,0,'GR','Athens Metro'),(479,0,'MY','Keretapi Tanah Melayu'),(480,0,'DE','Railpool GmbH'),(481,0,'Mk','Makedonski eleznici Transport'),(482,0,'MY','Malayan Railways'),(483,0,'MK','Macedonian Railways Transport'),(484,0,'UK','West Midlands Trains Ltd'),(485,0,'US','Regional Transportation District, Denver'),(486,0,'NL','Amsterdam Municipal Transport Company'),(487,0,'JP','Central Japan Railway Company'),(488,0,'JP','West Japan Railway Company'),(489,0,'JP','Tokyu Corp.'),(490,0,'JP','Hankyu Hanshin Holdings, Inc'),(491,0,'JP','Odakyu Electric Railway Co., Ltd.'),(492,0,'JP','Keio Corp.'),(493,0,'JP','Kintetsu Group Holdings Co., Ltd.'),(494,0,'JP','Seibu Railway Company, Ltd.'),(495,0,'JP','Kintetsu Railway Co., Ltd.'),(496,0,'JP','Hankyu Corporation'),(497,0,'JP','Hanshin Electric Railway Co., Ltd.'),(498,0,'JP','Tobu Railway Co., Ltd.'),(499,0,'JP','Keisei Electric Railway Co., Ltd.'),(500,0,'JP','Kyushu Railway Company'),(501,0,'JP','Keikyu Corporation.'),(502,0,'JP','Nagoya Railroad Co.,Ltd.'),(503,0,'JP','Keihan Electric Railway Co., Ltd.'),(504,0,'JP','Sagami Railway Co., Ltd.'),(505,0,'JP','Nishi-Nippon Railroad Co., Ltd., Ltd.'),(506,0,'PH','Philippine National Railway'),(507,0,'UK','Transport for Wales'),(508,0,'TH','Mass Rapid Transit Authority, Thailand');
/*!40000 ALTER TABLE `company_old` ENABLE KEYS */;
UNLOCK TABLES;

--
-- Table structure for table `country`
--

DROP TABLE IF EXISTS `country`;
/*!40101 SET @saved_cs_client     = @@character_set_client */;
/*!50503 SET character_set_client = utf8mb4 */;
CREATE TABLE `country` (
  `id` bigint NOT NULL AUTO_INCREMENT,
  `version` bigint NOT NULL,
  `code` varchar(255) NOT NULL,
  `name` varchar(255) NOT NULL,
  PRIMARY KEY (`id`)
) ENGINE=InnoDB AUTO_INCREMENT=198 DEFAULT CHARSET=utf8mb4 COLLATE=utf8mb4_0900_ai_ci;
/*!40101 SET character_set_client = @saved_cs_client */;

--
-- Dumping data for table `country`
--

LOCK TABLES `country` WRITE;
/*!40000 ALTER TABLE `country` DISABLE KEYS */;
INSERT INTO `country` VALUES (1,0,'AF','Afghanistan (AF)'),(2,0,'AL','Albania (AL)'),(3,0,'DZ','Algeria (DZ)'),(4,0,'AD','Andorra (AD)'),(5,0,'AO','Angola (AO)'),(6,0,'AG','Antigua and Barbuda (AG)'),(7,0,'AR','Argentina (AR)'),(8,0,'AM','Armenia (AM)'),(9,0,'AU','Australia (AU)'),(10,0,'AT','Austria (AT)'),(11,0,'AZ','Azerbaijan (AZ)'),(12,0,'BS','Bahamas (BS)'),(13,0,'BH','Bahrain (BH)'),(14,0,'BD','Bangladesh (BD)'),(15,0,'BB','Barbados (BB)'),(16,0,'BY','Belarus (BY)'),(17,0,'BE','Belgium (BE)'),(18,0,'BZ','Belize (BZ)'),(19,0,'BJ','Benin (BJ)'),(20,0,'BT','Bhutan (BT)'),(21,0,'BO','Bolivia (BO)'),(22,0,'BA','Bosnia and Herzegovina (BA)'),(23,0,'BW','Botswana (BW)'),(24,0,'BR','Brazil (BR)'),(25,0,'BN','Brunei (BN)'),(26,0,'BG','Bulgaria (BG)'),(27,0,'BF','Burkina Faso (BF)'),(28,0,'MM','Burma (MM)'),(29,0,'BI','Burundi (BI)'),(30,0,'KH','Cambodia (KH)'),(31,0,'CM','Cameroon (CM)'),(32,0,'CA','Canada (CA)'),(33,0,'CV','Cape Verde (CV)'),(34,0,'CF','Central African Republic (CF)'),(35,0,'TD','Chad (TD)'),(36,0,'CL','Chile (CL)'),(37,0,'CN','China (CN)'),(38,0,'CO','Colombia (CO)'),(39,0,'KM','Comoros (KM)'),(40,0,'CD','Congo, Democratic Republic of the (CD)'),(41,0,'CG','Congo, Republic of the (CG)'),(42,0,'CR','Costa Rica (CR)'),(43,0,'HR','Croatia (HR)'),(44,0,'CU','Cuba (CU)'),(45,0,'CY','Cyprus (CY)'),(46,0,'CZ','Czech Republic (CZ)'),(47,0,'DK','Denmark (DK)'),(48,0,'DJ','Djibouti (DJ)'),(49,0,'DM','Dominica (DM)'),(50,0,'DO','Dominican Republic (DO)'),(51,0,'TL','East Timor (TL)'),(52,0,'EC','Ecuador (EC)'),(53,0,'EG','Egypt (EG)'),(54,0,'SV','El Salvador (SV)'),(55,0,'GQ','Equatorial Guinea (GQ)'),(56,0,'ER','Eritrea (ER)'),(57,0,'EE','Estonia (EE)'),(58,0,'ET','Ethiopia (ET)'),(59,0,'FJ','Fiji (FJ)'),(60,0,'FI','Finland (FI)'),(61,0,'FR','France (FR)'),(62,0,'GA','Gabon (GA)'),(63,0,'GM','Gambia (GM)'),(64,0,'GE','Georgia (GE)'),(65,0,'DE','Germany (DE)'),(66,0,'GH','Ghana (GH)'),(67,0,'GR','Greece (GR)'),(68,0,'GD','Grenada (GD)'),(69,0,'GT','Guatemala (GT)'),(70,0,'GN','Guinea (GN)'),(71,0,'GW','Guinea-Bissau (GW)'),(72,0,'GY','Guyana (GY)'),(73,0,'HT','Haiti (HT)'),(74,0,'HN','Honduras (HN)'),(75,0,'HU','Hungary (HU)'),(76,0,'IS','Iceland (IS)'),(77,0,'IN','India (IN)'),(78,0,'ID','Indonesia (ID)'),(79,0,'IR','Iran (IR)'),(80,0,'IQ','Iraq (IQ)'),(81,0,'IE','Ireland (IE)'),(82,0,'IL','Israel (IL)'),(83,0,'IT','Italy (IT)'),(84,0,'CI','Ivory Coast (CI)'),(85,0,'JM','Jamaica (JM)'),(86,0,'JP','Japan (JP)'),(87,0,'JO','Jordan (JO)'),(88,0,'KZ','Kazakhstan (KZ)'),(89,0,'KE','Kenya (KE)'),(90,0,'KI','Kiribati (KI)'),(91,0,'XK','Kosovo (XK)'),(92,0,'KW','Kuwait (KW)'),(93,0,'KG','Kyrgyzstan (KG)'),(94,0,'LA','Laos (LA)'),(95,0,'LV','Latvia (LV)'),(96,0,'LB','Lebanon (LB)'),(97,0,'LS','Lesotho (LS)'),(98,0,'LR','Liberia (LS)'),(99,0,'LY','Libya (LY)'),(100,0,'LI','Liechtenstein (LI)'),(101,0,'LT','Lithuania (LT)'),(102,0,'LU','Luxembourg (LU)'),(103,0,'MK','Macedonia (MK)'),(104,0,'MG','Madagascar (MG)'),(105,0,'MW','Malawi (MW)'),(106,0,'MY','Malaysia (MY)'),(107,0,'MV','Maldives (MV)'),(108,0,'ML','Mali (ML)'),(109,0,'MT','Malta (MT)'),(110,0,'MH','Marshall Islands (MH)'),(111,0,'MR','Mauritania (MR)'),(112,0,'MU','Mauritius (MU)'),(113,0,'MX','Mexico (MX)'),(114,0,'FM','Micronesia, Federated States of (FM)'),(115,0,'MD','Moldova (MD)'),(116,0,'MC','Monaco (MC)'),(117,0,'MN','Mongolia (MN)'),(118,0,'ME','Montenegro (ME)'),(119,0,'MA','Morocco (MA)'),(120,0,'MZ','Mozambique (MZ)'),(121,0,'NA','Namibia (NA)'),(122,0,'NR','Nauru (NR)'),(123,0,'NP','Nepal (NP)'),(124,0,'NL','Netherlands (NL)'),(125,0,'NZ','New Zealand (NZ)'),(126,0,'NI','Nicaragua (NI)'),(127,0,'NE','Niger (NE)'),(128,0,'NG','Nigeria (NG)'),(129,0,'KP','North Korea (KP)'),(130,0,'NO','Norway (NO)'),(131,0,'OM','Oman (OM)'),(132,0,'PK','Pakistan (PK)'),(133,0,'PW','Palau (PW)'),(134,0,'PS','Palestine (PS)'),(135,0,'PA','Panama (PA)'),(136,0,'PG','Papua New Guinea (PG)'),(137,0,'PY','Paraguay (PY)'),(138,0,'PE','Peru (PE)'),(139,0,'PH','Philippines (PH)'),(140,0,'PL','Poland (PL)'),(141,0,'PT','Portugal (PT)'),(142,0,'QA','Qatar (QA)'),(143,0,'RO','Romania (RO)'),(144,0,'RU','Russia (RU)'),(145,0,'RW','Rwanda (RW)'),(146,0,'KN','Saint Kitts and Nevis (KN)'),(147,0,'LC','Saint Lucia (LC)'),(148,0,'VC','Saint Vincent and the Grenadines (VC)'),(149,0,'WS','Samoa (WS)'),(150,0,'SM','San Marino (SM)'),(151,0,'ST','So Tom and Prncipe (ST)'),(152,0,'SA','Saudi Arabia (SA)'),(153,0,'SN','Senegal (SN)'),(154,0,'RS','Serbia (RS)'),(155,0,'SC','Seychelles (SC)'),(156,0,'SL','Sierra Leone (SL)'),(157,0,'SG','Singapore (SG)'),(158,0,'SK','Slovakia (SK)'),(159,0,'SI','Slovenia (SI)'),(160,0,'SB','Solomon Islands (SB)'),(161,0,'SO','Somalia (SO)'),(162,0,'ZA','South Africa (ZA)'),(163,0,'KR','South Korea (KR)'),(164,0,'SS','South Sudan (SS)'),(165,0,'ES','Spain (ES)'),(166,0,'LK','Sri Lanka (LK)'),(167,0,'SD','Sudan (SD)'),(168,0,'SR','Suriname (SR)'),(169,0,'SZ','Swaziland (SZ)'),(170,0,'SE','Sweden (SE)'),(171,0,'CH','Switzerland (CH)'),(172,0,'SY','Syria (SY)'),(173,0,'TW','Taiwan (TW)'),(174,0,'TJ','Tajikistan (TJ)'),(175,0,'TZ','Tanzania (TZ)'),(176,0,'TH','Thailand (TH)'),(177,0,'TG','Togo (TG)'),(178,0,'TO','Tonga (TO)'),(179,0,'TT','Trinidad and Tobago (TT)'),(180,0,'TN','Tunisia (TN)'),(181,0,'TR','Turkey (TR)'),(182,0,'TM','Turkmenistan (TM)'),(183,0,'TV','Tuvalu (TV)'),(184,0,'UG','Uganda (UG)'),(185,0,'UA','Ukraine (UA)'),(186,0,'AE','United Arab Emirates (AE)'),(187,0,'UK','United Kingdom (UK)'),(188,0,'US','United States (US)'),(189,0,'UY','Uruguay (UY)'),(190,0,'UZ','Uzbekistan (UZ)'),(191,0,'VU','Vanuatu (VU)'),(192,0,'VA','Vatican City (VA)'),(193,0,'VE','Venezuela (VE)'),(194,0,'VN','Vietnam (VN)'),(195,0,'YE','Yemen (YE)'),(196,0,'ZM','Zambia (ZM)'),(197,0,'ZW','Zimbabwe (ZW)');
/*!40000 ALTER TABLE `country` ENABLE KEYS */;
UNLOCK TABLES;

--
-- Table structure for table `country_company`
--

DROP TABLE IF EXISTS `country_company`;
/*!40101 SET @saved_cs_client     = @@character_set_client */;
/*!50503 SET character_set_client = utf8mb4 */;
CREATE TABLE `country_company` (
  `id` bigint NOT NULL AUTO_INCREMENT,
  `version` bigint NOT NULL,
  `company_id` bigint NOT NULL,
  `country_id` bigint NOT NULL,
  `user_id` bigint NOT NULL,
  PRIMARY KEY (`id`)
) ENGINE=InnoDB DEFAULT CHARSET=utf8mb4 COLLATE=utf8mb4_0900_ai_ci;
/*!40101 SET character_set_client = @saved_cs_client */;

--
-- Dumping data for table `country_company`
--

LOCK TABLES `country_company` WRITE;
/*!40000 ALTER TABLE `country_company` DISABLE KEYS */;
/*!40000 ALTER TABLE `country_company` ENABLE KEYS */;
UNLOCK TABLES;

--
-- Table structure for table `event`
--

DROP TABLE IF EXISTS `event`;
/*!40101 SET @saved_cs_client     = @@character_set_client */;
/*!50503 SET character_set_client = utf8mb4 */;
CREATE TABLE `event` (
  `id` bigint NOT NULL AUTO_INCREMENT,
  `version` bigint NOT NULL,
  `active` bit(1) NOT NULL,
  `description` varchar(255) NOT NULL,
  `name` varchar(255) NOT NULL,
  `next` bit(1) NOT NULL,
  `request_meetings_open` bit(1) NOT NULL,
  `step3buyer` longtext,
  `step3expert_part1interviews0` longtext,
  `step3expert_part1interviews1` longtext,
  `step3expert_part1interviews10` longtext,
  `step3expert_part1interviews12` longtext,
  `step3expert_part1interviews15` longtext,
  `step3expert_part1interviews2` longtext,
  `step3expert_part1interviews3` longtext,
  `step3expert_part1interviews5` longtext,
  `step3expert_part2` longtext,
  PRIMARY KEY (`id`)
) ENGINE=InnoDB AUTO_INCREMENT=5 DEFAULT CHARSET=utf8mb4 COLLATE=utf8mb4_0900_ai_ci;
/*!40101 SET character_set_client = @saved_cs_client */;

--
-- Dumping data for table `event`
--

LOCK TABLES `event` WRITE;
/*!40000 ALTER TABLE `event` DISABLE KEYS */;
INSERT INTO `event` VALUES (1,1,_binary '\0','A Test event 2','Test event 2',_binary '\0',_binary '\0',NULL,NULL,NULL,NULL,NULL,NULL,NULL,NULL,NULL,NULL),(2,0,_binary '\0','A Test event 1','Test event 1',_binary '\0',_binary '\0',NULL,NULL,NULL,NULL,NULL,NULL,NULL,NULL,NULL,NULL),(3,9,_binary '','Test','11th International Railway Summit',_binary '\0',_binary '',NULL,NULL,'test',NULL,NULL,NULL,NULL,NULL,NULL,NULL),(4,0,_binary '','Test','12th International Railway Summit',_binary '',_binary '\0',NULL,NULL,NULL,NULL,NULL,NULL,NULL,NULL,NULL,NULL);
/*!40000 ALTER TABLE `event` ENABLE KEYS */;
UNLOCK TABLES;

--
-- Table structure for table `expert_content`
--

DROP TABLE IF EXISTS `expert_content`;
/*!40101 SET @saved_cs_client     = @@character_set_client */;
/*!50503 SET character_set_client = utf8mb4 */;
CREATE TABLE `expert_content` (
  `id` bigint NOT NULL AUTO_INCREMENT,
  `version` bigint NOT NULL,
  `bottom_button_text` varchar(255) NOT NULL,
  `bottom_text` varchar(255) NOT NULL,
  `bottom_title` varchar(1000) DEFAULT NULL,
  `expert_step1_text` varchar(255) NOT NULL,
  `expert_step2_text` varchar(255) NOT NULL,
  `expert_step3_text` varchar(255) NOT NULL,
  `expert_step4_text` varchar(255) NOT NULL,
  `expert_step5_text` varchar(255) NOT NULL,
  `expert_sub_title` varchar(255) NOT NULL,
  `expert_title` varchar(255) NOT NULL,
  `step_button1_astrick` varchar(255) NOT NULL,
  `step_button2_astrick` varchar(255) NOT NULL,
  `step_button3_astrick` varchar(255) NOT NULL,
  `step_button4_astrick` varchar(255) NOT NULL,
  `step_button5_astrick` varchar(255) NOT NULL,
  `terms_content` varchar(255) NOT NULL,
  PRIMARY KEY (`id`)
) ENGINE=InnoDB AUTO_INCREMENT=2 DEFAULT CHARSET=utf8mb4 COLLATE=utf8mb4_0900_ai_ci;
/*!40101 SET character_set_client = @saved_cs_client */;

--
-- Dumping data for table `expert_content`
--

LOCK TABLES `expert_content` WRITE;
/*!40000 ALTER TABLE `expert_content` DISABLE KEYS */;
INSERT INTO `expert_content` VALUES (1,0,'Apply for a free Expert Membership','* Experts who have not registered for International Railway Summit will not be able to see the full identities of matched buyers.','Eligibility: Representatives of solution providers to the railway sector, including rolling stock manufacturers, component manufacturers, contractors, signalling and communications experts, IT solution providers, consultancies, and other service providers.','Complete a questionnaire about your products and your target customers.','View recommended and matched buyers interested in your solutions, and get notified by email as new buyers register.','Select buyers you would like to meet with at International Railway Summit.','We arrange your meetings.','Receive your individual meeting timetable, and you are ready to meet your matched buyers.','Meet potential customers informally and learn about their project requirements.','Experts','-','*','**','**','**','** Available to experts who have registered for International Railway Summit only.');
/*!40000 ALTER TABLE `expert_content` ENABLE KEYS */;
UNLOCK TABLES;

--
-- Table structure for table `footer_content`
--

DROP TABLE IF EXISTS `footer_content`;
/*!40101 SET @saved_cs_client     = @@character_set_client */;
/*!50503 SET character_set_client = utf8mb4 */;
CREATE TABLE `footer_content` (
  `id` bigint NOT NULL AUTO_INCREMENT,
  `version` bigint NOT NULL,
  `about_us_link` varchar(255) NOT NULL,
  `about_us_text` varchar(255) NOT NULL,
  `blog_link` varchar(255) NOT NULL,
  `blog_text` varchar(255) NOT NULL,
  `career_link` varchar(255) NOT NULL,
  `career_text` varchar(255) NOT NULL,
  `contact_us_link` varchar(255) NOT NULL,
  `contact_us_text` varchar(255) NOT NULL,
  `disclaimer_link` varchar(255) NOT NULL,
  `disclaimer_text` varchar(255) NOT NULL,
  `email_link` varchar(255) NOT NULL,
  `email_text` varchar(255) NOT NULL,
  `faq_link` varchar(255) NOT NULL,
  `faq_text` varchar(255) NOT NULL,
  `home_link` varchar(255) NOT NULL,
  `home_text` varchar(255) NOT NULL,
  `news_link` varchar(255) NOT NULL,
  `news_text` varchar(255) NOT NULL,
  `phone_num` varchar(255) NOT NULL,
  `privacy_policy_link` varchar(255) NOT NULL,
  `privacy_policy_text` varchar(255) NOT NULL,
  `up_coming_event_link` varchar(255) NOT NULL,
  `up_coming_event_text` varchar(255) NOT NULL,
  PRIMARY KEY (`id`)
) ENGINE=InnoDB AUTO_INCREMENT=2 DEFAULT CHARSET=utf8mb4 COLLATE=utf8mb4_0900_ai_ci;
/*!40101 SET character_set_client = @saved_cs_client */;

--
-- Dumping data for table `footer_content`
--

LOCK TABLES `footer_content` WRITE;
/*!40000 ALTER TABLE `footer_content` DISABLE KEYS */;
INSERT INTO `footer_content` VALUES (1,5,'http://www.irits.org/about-us/about-irs/','About Us','http://www.irits.org/category/blog/','Blog','http://www.irits.org/careers/','Careers','http://www.irits.org/contact-us/','Contact Us','http://www.irits.org/disclaimer/','Disclaimer','mailto:hello@irits.org','hello@irits.org','http://www.irits.org/faq/','FAQs','https://www.irits.org/','Home','http://www.irits.org/news/','News','+44 20 7112 5357','http://www.irits.org/privacy-policy/','Privacy Policy','https://www.irits.org/irs12/','Upcoming Events');
/*!40000 ALTER TABLE `footer_content` ENABLE KEYS */;
UNLOCK TABLES;

--
-- Table structure for table `header_content`
--

DROP TABLE IF EXISTS `header_content`;
/*!40101 SET @saved_cs_client     = @@character_set_client */;
/*!50503 SET character_set_client = utf8mb4 */;
CREATE TABLE `header_content` (
  `id` bigint NOT NULL AUTO_INCREMENT,
  `version` bigint NOT NULL,
  `blog` varchar(255) NOT NULL,
  `blog_link` varchar(255) NOT NULL,
  `irs` varchar(255) NOT NULL,
  `irs_link` varchar(255) NOT NULL,
  `login` varchar(255) NOT NULL,
  `register` varchar(255) NOT NULL,
  `register_link` varchar(255) NOT NULL,
  `supported_by` varchar(255) NOT NULL,
  PRIMARY KEY (`id`)
) ENGINE=InnoDB AUTO_INCREMENT=2 DEFAULT CHARSET=utf8mb4 COLLATE=utf8mb4_0900_ai_ci;
/*!40101 SET character_set_client = @saved_cs_client */;

--
-- Dumping data for table `header_content`
--

LOCK TABLES `header_content` WRITE;
/*!40000 ALTER TABLE `header_content` DISABLE KEYS */;
INSERT INTO `header_content` VALUES (1,4,'Blog','http://www.irits.org/category/blog/','IRS12','https://www.irits.org/irs12/','Log in','Register','https://www.irits.org/irs12/register/','Supported by');
/*!40000 ALTER TABLE `header_content` ENABLE KEYS */;
UNLOCK TABLES;

--
-- Table structure for table `image_content`
--

DROP TABLE IF EXISTS `image_content`;
/*!40101 SET @saved_cs_client     = @@character_set_client */;
/*!50503 SET character_set_client = utf8mb4 */;
CREATE TABLE `image_content` (
  `id` bigint NOT NULL AUTO_INCREMENT,
  `version` bigint NOT NULL,
  `background_image` varchar(255) NOT NULL,
  `body_image` varchar(255) NOT NULL,
  `buyer_image` varchar(255) NOT NULL,
  `expert_image` varchar(255) NOT NULL,
  `irs_logo` varchar(255) NOT NULL,
  `supportedBy_image` varchar(255) NOT NULL,
  PRIMARY KEY (`id`)
) ENGINE=InnoDB AUTO_INCREMENT=2 DEFAULT CHARSET=utf8mb4 COLLATE=utf8mb4_0900_ai_ci;
/*!40101 SET character_set_client = @saved_cs_client */;

--
-- Dumping data for table `image_content`
--

LOCK TABLES `image_content` WRITE;
/*!40000 ALTER TABLE `image_content` DISABLE KEYS */;
INSERT INTO `image_content` VALUES (1,0,'/assets/banner-img.jpg','/assets/irs6-img.jpg','/assets/buyers-wrapper-img.jpg','/assets/experts-wrapper-img.jpg','/assets/irs-logo.png','/assets/uic-logo.png');
/*!40000 ALTER TABLE `image_content` ENABLE KEYS */;
UNLOCK TABLES;

--
-- Table structure for table `prefer_to_share`
--

DROP TABLE IF EXISTS `prefer_to_share`;
/*!40101 SET @saved_cs_client     = @@character_set_client */;
/*!50503 SET character_set_client = utf8mb4 */;
CREATE TABLE `prefer_to_share` (
  `id` bigint NOT NULL AUTO_INCREMENT,
  `version` bigint NOT NULL,
  `is_prefered` bit(1) NOT NULL,
  `question_id` int NOT NULL,
  `section` int NOT NULL,
  `user_id` bigint NOT NULL,
  PRIMARY KEY (`id`),
  KEY `FK_ippcq0uccbax16wpvvmxbeoi7` (`user_id`),
  CONSTRAINT `FK_ippcq0uccbax16wpvvmxbeoi7` FOREIGN KEY (`user_id`) REFERENCES `user` (`id`)
) ENGINE=InnoDB AUTO_INCREMENT=1479 DEFAULT CHARSET=utf8mb4 COLLATE=utf8mb4_0900_ai_ci;
/*!40101 SET character_set_client = @saved_cs_client */;

--
-- Dumping data for table `prefer_to_share`
--

LOCK TABLES `prefer_to_share` WRITE;
/*!40000 ALTER TABLE `prefer_to_share` DISABLE KEYS */;
INSERT INTO `prefer_to_share` VALUES (99,0,_binary '',321,6,11),(100,0,_binary '',322,6,11),(101,0,_binary '',323,6,11),(102,0,_binary '',324,6,11),(103,0,_binary '',325,6,11),(104,0,_binary '',326,6,11),(105,0,_binary '',327,6,11),(106,0,_binary '',328,6,11),(107,0,_binary '',329,6,11),(108,0,_binary '',238,3,6),(109,0,_binary '',245,3,6),(110,0,_binary '',249,3,6),(111,0,_binary '',250,3,6),(112,0,_binary '',266,4,6),(113,0,_binary '',271,4,6),(114,0,_binary '',317,6,14),(115,0,_binary '',328,6,14),(116,0,_binary '',329,6,14),(117,0,_binary '',238,3,15),(118,0,_binary '',240,3,15),(119,0,_binary '',266,4,15),(120,0,_binary '',318,6,10),(121,0,_binary '',320,6,10),(122,0,_binary '',321,6,10),(123,0,_binary '',322,6,10),(124,0,_binary '',323,6,10),(125,0,_binary '',324,6,10),(126,0,_binary '',325,6,10),(127,0,_binary '',326,6,10),(128,0,_binary '',327,6,10),(129,0,_binary '',328,6,10),(130,0,_binary '',329,6,10),(136,0,_binary '',238,3,22),(137,0,_binary '',239,3,22),(138,0,_binary '',240,3,22),(139,0,_binary '',242,3,22),(140,0,_binary '',247,3,22),(141,0,_binary '',249,3,22),(142,0,_binary '',250,3,22),(143,0,_binary '',266,4,22),(144,0,_binary '',267,4,22),(145,0,_binary '',268,4,22),(146,0,_binary '',269,4,22),(147,0,_binary '',273,4,22),(148,0,_binary '',238,3,25),(149,0,_binary '',239,3,25),(150,0,_binary '',240,3,25),(151,0,_binary '',266,4,25),(152,0,_binary '',267,4,25),(153,0,_binary '',268,4,25),(175,0,_binary '',323,6,28),(176,0,_binary '',324,6,28),(177,0,_binary '',328,6,28),(178,0,_binary '',238,3,29),(179,0,_binary '',239,3,29),(180,0,_binary '',240,3,29),(181,0,_binary '',241,3,29),(182,0,_binary '',242,3,29),(183,0,_binary '',243,3,29),(184,0,_binary '',249,3,29),(189,0,_binary '',238,3,20),(190,0,_binary '',239,3,20),(191,0,_binary '',240,3,20),(192,0,_binary '',241,3,20),(193,0,_binary '',242,3,20),(194,0,_binary '',243,3,20),(195,0,_binary '',245,3,20),(196,0,_binary '',247,3,20),(197,0,_binary '',266,4,20),(198,0,_binary '',267,4,20),(199,0,_binary '',268,4,20),(200,0,_binary '',269,4,20),(201,0,_binary '',270,4,20),(202,0,_binary '',275,4,20),(203,0,_binary '',277,4,20),(204,0,_binary '',278,4,20),(205,0,_binary '',279,4,20),(206,0,_binary '',317,6,5),(207,0,_binary '',318,6,5),(208,0,_binary '',319,6,5),(209,0,_binary '',320,6,5),(210,0,_binary '',321,6,5),(211,0,_binary '',322,6,5),(212,0,_binary '',323,6,5),(213,0,_binary '',326,6,5),(214,0,_binary '',327,6,5),(215,0,_binary '',328,6,5),(216,0,_binary '',329,6,5),(232,0,_binary '',238,3,30),(233,0,_binary '',239,3,30),(234,0,_binary '',240,3,30),(235,0,_binary '',241,3,30),(236,0,_binary '',245,3,30),(237,0,_binary '',248,3,30),(238,0,_binary '',266,4,30),(239,0,_binary '',267,4,30),(240,0,_binary '',268,4,30),(241,0,_binary '',269,4,30),(288,0,_binary '',238,3,24),(289,0,_binary '',239,3,24),(290,0,_binary '',240,3,24),(291,0,_binary '',241,3,24),(292,0,_binary '',242,3,24),(293,0,_binary '',243,3,24),(294,0,_binary '',245,3,24),(295,0,_binary '',246,3,24),(296,0,_binary '',249,3,24),(308,0,_binary '',266,4,24),(309,0,_binary '',267,4,24),(310,0,_binary '',268,4,24),(311,0,_binary '',269,4,24),(312,0,_binary '',270,4,24),(313,0,_binary '',272,4,24),(314,0,_binary '',273,4,24),(315,0,_binary '',274,4,24),(316,0,_binary '',275,4,24),(317,0,_binary '',277,4,24),(318,0,_binary '',278,4,24),(335,0,_binary '',238,3,31),(336,0,_binary '',239,3,31),(337,0,_binary '',240,3,31),(338,0,_binary '',241,3,31),(339,0,_binary '',242,3,31),(340,0,_binary '',243,3,31),(341,0,_binary '',246,3,31),(342,0,_binary '',248,3,31),(343,0,_binary '',249,3,31),(344,0,_binary '',266,4,31),(345,0,_binary '',267,4,31),(346,0,_binary '',268,4,31),(347,0,_binary '',269,4,31),(348,0,_binary '',270,4,31),(349,0,_binary '',271,4,31),(350,0,_binary '',272,4,31),(351,0,_binary '',273,4,31),(352,0,_binary '',274,4,31),(353,0,_binary '',275,4,31),(354,0,_binary '',276,4,31),(355,0,_binary '',277,4,31),(356,0,_binary '',278,4,31),(357,0,_binary '',279,4,31),(358,0,_binary '',280,4,31),(359,0,_binary '',238,3,39),(360,0,_binary '',239,3,39),(361,0,_binary '',240,3,39),(362,0,_binary '',242,3,39),(363,0,_binary '',243,3,39),(364,0,_binary '',247,3,39),(365,0,_binary '',249,3,39),(366,0,_binary '',266,4,39),(367,0,_binary '',267,4,39),(368,0,_binary '',268,4,39),(369,0,_binary '',269,4,39),(370,0,_binary '',270,4,39),(371,0,_binary '',271,4,39),(372,0,_binary '',272,4,39),(373,0,_binary '',273,4,39),(374,0,_binary '',274,4,39),(375,0,_binary '',275,4,39),(376,0,_binary '',276,4,39),(377,0,_binary '',277,4,39),(378,0,_binary '',278,4,39),(379,0,_binary '',279,4,39),(380,0,_binary '',280,4,39),(385,0,_binary '',238,3,44),(386,0,_binary '',239,3,44),(387,0,_binary '',240,3,44),(388,0,_binary '',241,3,44),(389,0,_binary '',242,3,44),(390,0,_binary '',243,3,44),(391,0,_binary '',244,3,44),(392,0,_binary '',245,3,44),(393,0,_binary '',246,3,44),(394,0,_binary '',247,3,44),(395,0,_binary '',248,3,44),(396,0,_binary '',249,3,44),(397,0,_binary '',250,3,44),(398,0,_binary '',266,4,44),(399,0,_binary '',267,4,44),(400,0,_binary '',268,4,44),(401,0,_binary '',269,4,44),(402,0,_binary '',270,4,44),(403,0,_binary '',277,4,44),(404,0,_binary '',278,4,44),(405,0,_binary '',279,4,44),(406,0,_binary '',241,3,47),(407,0,_binary '',242,3,47),(408,0,_binary '',244,3,47),(409,0,_binary '',247,3,47),(410,0,_binary '',250,3,47),(411,0,_binary '',266,4,47),(412,0,_binary '',267,4,47),(413,0,_binary '',268,4,47),(414,0,_binary '',269,4,47),(415,0,_binary '',317,6,50),(416,0,_binary '',318,6,50),(417,0,_binary '',320,6,50),(418,0,_binary '',321,6,50),(419,0,_binary '',323,6,50),(420,0,_binary '',324,6,50),(421,0,_binary '',325,6,50),(422,0,_binary '',326,6,50),(423,0,_binary '',238,3,51),(424,0,_binary '',239,3,51),(425,0,_binary '',241,3,51),(426,0,_binary '',242,3,51),(427,0,_binary '',244,3,51),(428,0,_binary '',245,3,51),(429,0,_binary '',266,4,51),(430,0,_binary '',267,4,51),(431,0,_binary '',268,4,51),(432,0,_binary '',269,4,51),(433,0,_binary '',270,4,51),(434,0,_binary '',320,6,48),(435,0,_binary '',321,6,48),(436,0,_binary '',326,6,48),(437,0,_binary '',327,6,48),(438,0,_binary '',328,6,48),(439,0,_binary '',238,3,42),(440,0,_binary '',239,3,42),(441,0,_binary '',240,3,42),(442,0,_binary '',266,4,42),(443,0,_binary '',267,4,42),(444,0,_binary '',268,4,42),(445,0,_binary '',269,4,42),(446,0,_binary '',270,4,42),(447,0,_binary '',271,4,42),(448,0,_binary '',272,4,42),(449,0,_binary '',273,4,42),(450,0,_binary '',274,4,42),(451,0,_binary '',275,4,42),(452,0,_binary '',276,4,42),(453,0,_binary '',277,4,42),(454,0,_binary '',278,4,42),(455,0,_binary '',279,4,42),(456,0,_binary '',280,4,42),(457,0,_binary '',317,6,61),(458,0,_binary '',318,6,61),(459,0,_binary '',319,6,61),(460,0,_binary '',320,6,61),(461,0,_binary '',321,6,61),(462,0,_binary '',322,6,61),(463,0,_binary '',323,6,61),(464,0,_binary '',324,6,61),(465,0,_binary '',327,6,61),(466,0,_binary '',328,6,61),(467,0,_binary '',321,6,45),(468,0,_binary '',326,6,45),(469,0,_binary '',239,3,56),(470,0,_binary '',240,3,56),(471,0,_binary '',243,3,56),(472,0,_binary '',245,3,56),(473,0,_binary '',246,3,56),(474,0,_binary '',270,4,56),(475,0,_binary '',317,6,70),(476,0,_binary '',319,6,70),(477,0,_binary '',320,6,70),(478,0,_binary '',326,6,70),(479,0,_binary '',327,6,70),(486,0,_binary '',238,3,71),(487,0,_binary '',239,3,71),(488,0,_binary '',240,3,71),(489,0,_binary '',241,3,71),(490,0,_binary '',242,3,71),(491,0,_binary '',243,3,71),(492,0,_binary '',247,3,71),(493,0,_binary '',266,4,71),(494,0,_binary '',267,4,71),(495,0,_binary '',268,4,71),(496,0,_binary '',269,4,71),(497,0,_binary '',270,4,71),(507,0,_binary '',238,3,73),(508,0,_binary '',239,3,73),(509,0,_binary '',240,3,73),(510,0,_binary '',241,3,73),(511,0,_binary '',242,3,73),(512,0,_binary '',243,3,73),(513,0,_binary '',244,3,73),(514,0,_binary '',245,3,73),(515,0,_binary '',246,3,73),(516,0,_binary '',247,3,73),(517,0,_binary '',248,3,73),(518,0,_binary '',249,3,73),(519,0,_binary '',250,3,73),(535,0,_binary '',266,4,73),(536,0,_binary '',267,4,73),(537,0,_binary '',268,4,73),(538,0,_binary '',269,4,73),(539,0,_binary '',270,4,73),(540,0,_binary '',271,4,73),(541,0,_binary '',272,4,73),(542,0,_binary '',273,4,73),(543,0,_binary '',274,4,73),(544,0,_binary '',275,4,73),(545,0,_binary '',276,4,73),(546,0,_binary '',277,4,73),(547,0,_binary '',278,4,73),(548,0,_binary '',279,4,73),(549,0,_binary '',280,4,73),(550,0,_binary '',238,3,74),(551,0,_binary '',239,3,74),(552,0,_binary '',240,3,74),(553,0,_binary '',241,3,74),(554,0,_binary '',247,3,74),(555,0,_binary '',248,3,74),(556,0,_binary '',266,4,74),(557,0,_binary '',267,4,74),(558,0,_binary '',268,4,74),(559,0,_binary '',269,4,74),(560,0,_binary '',270,4,74),(561,0,_binary '',276,4,74),(562,0,_binary '',277,4,74),(563,0,_binary '',238,3,82),(564,0,_binary '',239,3,82),(565,0,_binary '',240,3,82),(566,0,_binary '',242,3,82),(567,0,_binary '',243,3,82),(568,0,_binary '',246,3,82),(569,0,_binary '',247,3,82),(570,0,_binary '',248,3,82),(571,0,_binary '',250,3,82),(572,0,_binary '',266,4,82),(573,0,_binary '',267,4,82),(574,0,_binary '',268,4,82),(575,0,_binary '',269,4,82),(576,0,_binary '',270,4,82),(577,0,_binary '',271,4,82),(578,0,_binary '',272,4,82),(579,0,_binary '',273,4,82),(580,0,_binary '',274,4,82),(581,0,_binary '',275,4,82),(582,0,_binary '',276,4,82),(583,0,_binary '',277,4,82),(584,0,_binary '',278,4,82),(585,0,_binary '',279,4,82),(586,0,_binary '',280,4,82),(587,0,_binary '',238,3,75),(588,0,_binary '',239,3,75),(589,0,_binary '',240,3,75),(590,0,_binary '',242,3,75),(591,0,_binary '',243,3,75),(592,0,_binary '',245,3,75),(593,0,_binary '',246,3,75),(594,0,_binary '',266,4,75),(595,0,_binary '',267,4,75),(596,0,_binary '',268,4,75),(597,0,_binary '',269,4,75),(598,0,_binary '',270,4,75),(599,0,_binary '',271,4,75),(600,0,_binary '',272,4,75),(601,0,_binary '',273,4,75),(602,0,_binary '',274,4,75),(603,0,_binary '',275,4,75),(604,0,_binary '',276,4,75),(605,0,_binary '',277,4,75),(606,0,_binary '',278,4,75),(607,0,_binary '',279,4,75),(608,0,_binary '',280,4,75),(609,0,_binary '',242,3,81),(610,0,_binary '',244,3,81),(611,0,_binary '',245,3,81),(612,0,_binary '',249,3,81),(613,0,_binary '',266,4,81),(614,0,_binary '',267,4,81),(615,0,_binary '',269,4,81),(616,0,_binary '',272,4,81),(617,0,_binary '',273,4,81),(618,0,_binary '',274,4,81),(619,0,_binary '',277,4,81),(633,0,_binary '',238,3,89),(634,0,_binary '',239,3,89),(635,0,_binary '',240,3,89),(636,0,_binary '',241,3,89),(637,0,_binary '',244,3,89),(638,0,_binary '',245,3,89),(639,0,_binary '',246,3,89),(640,0,_binary '',249,3,89),(641,0,_binary '',250,3,89),(642,0,_binary '',266,4,89),(643,0,_binary '',267,4,89),(644,0,_binary '',268,4,89),(645,0,_binary '',269,4,89),(646,0,_binary '',270,4,89),(647,0,_binary '',271,4,89),(648,0,_binary '',272,4,89),(649,0,_binary '',273,4,89),(650,0,_binary '',274,4,89),(651,0,_binary '',275,4,89),(652,0,_binary '',276,4,89),(653,0,_binary '',277,4,89),(654,0,_binary '',278,4,89),(655,0,_binary '',279,4,89),(656,0,_binary '',280,4,89),(672,0,_binary '',239,3,40),(673,0,_binary '',240,3,40),(674,0,_binary '',246,3,40),(675,0,_binary '',247,3,40),(676,0,_binary '',249,3,40),(677,0,_binary '',266,4,40),(678,0,_binary '',267,4,40),(679,0,_binary '',268,4,40),(680,0,_binary '',269,4,40),(681,0,_binary '',277,4,40),(682,0,_binary '',317,6,86),(683,0,_binary '',324,6,86),(684,0,_binary '',325,6,86),(685,0,_binary '',326,6,86),(686,0,_binary '',327,6,86),(687,0,_binary '',241,3,41),(688,0,_binary '',242,3,41),(689,0,_binary '',244,3,41),(690,0,_binary '',245,3,41),(691,0,_binary '',246,3,41),(692,0,_binary '',250,3,41),(693,0,_binary '',266,4,41),(694,0,_binary '',267,4,41),(695,0,_binary '',268,4,41),(696,0,_binary '',270,4,41),(697,0,_binary '',317,6,53),(698,0,_binary '',318,6,53),(699,0,_binary '',319,6,53),(700,0,_binary '',320,6,53),(701,0,_binary '',321,6,53),(702,0,_binary '',323,6,53),(703,0,_binary '',324,6,53),(704,0,_binary '',326,6,53),(705,0,_binary '',327,6,53),(706,0,_binary '',328,6,53),(707,0,_binary '',317,6,94),(708,0,_binary '',318,6,94),(709,0,_binary '',321,6,94),(710,0,_binary '',324,6,94),(711,0,_binary '',326,6,94),(712,0,_binary '',327,6,94),(713,0,_binary '',328,6,94),(714,0,_binary '',329,6,94),(715,0,_binary '',317,6,46),(716,0,_binary '',319,6,46),(717,0,_binary '',320,6,46),(718,0,_binary '',323,6,46),(719,0,_binary '',324,6,46),(720,0,_binary '',325,6,46),(721,0,_binary '',326,6,46),(722,0,_binary '',327,6,46),(723,0,_binary '',328,6,46),(724,0,_binary '',318,6,97),(725,0,_binary '',325,6,97),(750,0,_binary '',317,6,99),(751,0,_binary '',318,6,99),(752,0,_binary '',319,6,99),(753,0,_binary '',320,6,99),(754,0,_binary '',321,6,99),(755,0,_binary '',323,6,99),(756,0,_binary '',325,6,99),(757,0,_binary '',327,6,99),(758,0,_binary '',329,6,99),(774,0,_binary '',238,3,64),(775,0,_binary '',239,3,64),(776,0,_binary '',240,3,64),(777,0,_binary '',247,3,64),(778,0,_binary '',248,3,64),(779,0,_binary '',266,4,64),(780,0,_binary '',267,4,64),(781,0,_binary '',268,4,64),(782,0,_binary '',269,4,64),(783,0,_binary '',270,4,64),(784,0,_binary '',271,4,64),(785,0,_binary '',272,4,64),(786,0,_binary '',273,4,64),(787,0,_binary '',274,4,64),(788,0,_binary '',275,4,64),(789,0,_binary '',276,4,64),(790,0,_binary '',277,4,64),(791,0,_binary '',278,4,64),(792,0,_binary '',279,4,64),(793,0,_binary '',280,4,64),(794,0,_binary '',318,6,96),(795,0,_binary '',319,6,96),(796,0,_binary '',320,6,96),(797,0,_binary '',321,6,96),(798,0,_binary '',323,6,96),(799,0,_binary '',324,6,96),(800,0,_binary '',326,6,96),(801,0,_binary '',327,6,96),(802,0,_binary '',329,6,96),(803,0,_binary '',317,6,104),(804,0,_binary '',319,6,104),(805,0,_binary '',321,6,104),(806,0,_binary '',322,6,104),(807,0,_binary '',328,6,104),(821,0,_binary '',242,3,23),(822,0,_binary '',243,3,23),(823,0,_binary '',245,3,23),(824,0,_binary '',246,3,23),(825,0,_binary '',250,3,23),(826,0,_binary '',266,4,29),(827,0,_binary '',267,4,29),(828,0,_binary '',268,4,29),(829,0,_binary '',269,4,29),(830,0,_binary '',276,4,29),(831,0,_binary '',277,4,29),(832,0,_binary '',278,4,29),(833,0,_binary '',279,4,29),(834,0,_binary '',266,4,23),(835,0,_binary '',267,4,23),(836,0,_binary '',268,4,23),(837,0,_binary '',269,4,23),(838,0,_binary '',272,4,23),(839,0,_binary '',273,4,23),(840,0,_binary '',317,6,36),(841,0,_binary '',323,6,36),(842,0,_binary '',326,6,36),(843,0,_binary '',327,6,36),(844,0,_binary '',328,6,36),(845,0,_binary '',329,6,36),(846,0,_binary '',317,6,105),(847,0,_binary '',319,6,105),(848,0,_binary '',323,6,105),(849,0,_binary '',324,6,105),(850,0,_binary '',325,6,105),(851,0,_binary '',326,6,105),(852,0,_binary '',327,6,105),(853,0,_binary '',328,6,105),(854,0,_binary '',329,6,105),(865,0,_binary '',238,3,87),(866,0,_binary '',239,3,87),(867,0,_binary '',240,3,87),(868,0,_binary '',242,3,87),(869,0,_binary '',243,3,87),(870,0,_binary '',244,3,87),(871,0,_binary '',245,3,87),(872,0,_binary '',246,3,87),(873,0,_binary '',249,3,87),(874,0,_binary '',250,3,87),(875,0,_binary '',266,4,87),(876,0,_binary '',267,4,87),(877,0,_binary '',268,4,87),(878,0,_binary '',269,4,87),(879,0,_binary '',270,4,87),(880,0,_binary '',272,4,87),(881,0,_binary '',273,4,87),(882,0,_binary '',274,4,87),(883,0,_binary '',275,4,87),(884,0,_binary '',276,4,87),(885,0,_binary '',277,4,87),(886,0,_binary '',278,4,87),(887,0,_binary '',279,4,87),(888,0,_binary '',280,4,87),(915,0,_binary '',238,3,27),(916,0,_binary '',239,3,27),(917,0,_binary '',240,3,27),(918,0,_binary '',245,3,27),(919,0,_binary '',246,3,27),(920,0,_binary '',247,3,27),(921,0,_binary '',248,3,27),(931,0,_binary '',317,6,68),(932,0,_binary '',318,6,68),(933,0,_binary '',320,6,68),(934,0,_binary '',323,6,68),(935,0,_binary '',324,6,68),(936,0,_binary '',326,6,68),(937,0,_binary '',327,6,68),(938,0,_binary '',328,6,68),(939,0,_binary '',329,6,68),(940,0,_binary '',266,4,27),(941,0,_binary '',267,4,27),(942,0,_binary '',268,4,27),(943,0,_binary '',269,4,27),(944,0,_binary '',270,4,27),(945,0,_binary '',271,4,27),(946,0,_binary '',272,4,27),(947,0,_binary '',273,4,27),(948,0,_binary '',274,4,27),(949,0,_binary '',275,4,27),(950,0,_binary '',276,4,27),(951,0,_binary '',277,4,27),(952,0,_binary '',278,4,27),(953,0,_binary '',279,4,27),(954,0,_binary '',280,4,27),(955,0,_binary '',318,6,77),(956,0,_binary '',319,6,77),(957,0,_binary '',320,6,77),(958,0,_binary '',321,6,77),(959,0,_binary '',322,6,77),(960,0,_binary '',323,6,77),(961,0,_binary '',324,6,77),(962,0,_binary '',325,6,77),(963,0,_binary '',326,6,77),(964,0,_binary '',327,6,77),(965,0,_binary '',328,6,77),(966,0,_binary '',329,6,77),(973,0,_binary '',318,6,67),(974,0,_binary '',320,6,67),(975,0,_binary '',323,6,67),(976,0,_binary '',324,6,67),(977,0,_binary '',326,6,67),(978,0,_binary '',327,6,67),(979,0,_binary '',318,6,60),(980,0,_binary '',319,6,60),(981,0,_binary '',320,6,60),(982,0,_binary '',323,6,60),(983,0,_binary '',324,6,60),(984,0,_binary '',326,6,60),(985,0,_binary '',327,6,60),(986,0,_binary '',317,6,93),(987,0,_binary '',325,6,93),(988,0,_binary '',326,6,93),(989,0,_binary '',327,6,93),(990,0,_binary '',238,3,80),(991,0,_binary '',239,3,80),(992,0,_binary '',240,3,80),(993,0,_binary '',241,3,80),(994,0,_binary '',242,3,80),(995,0,_binary '',243,3,80),(996,0,_binary '',244,3,80),(997,0,_binary '',246,3,80),(998,0,_binary '',247,3,80),(999,0,_binary '',249,3,80),(1000,0,_binary '',266,4,80),(1001,0,_binary '',267,4,80),(1002,0,_binary '',268,4,80),(1003,0,_binary '',269,4,80),(1004,0,_binary '',270,4,80),(1005,0,_binary '',276,4,80),(1006,0,_binary '',277,4,80),(1007,0,_binary '',239,3,85),(1008,0,_binary '',240,3,85),(1009,0,_binary '',241,3,85),(1010,0,_binary '',242,3,85),(1011,0,_binary '',243,3,85),(1012,0,_binary '',249,3,85),(1013,0,_binary '',250,3,85),(1014,0,_binary '',266,4,85),(1015,0,_binary '',267,4,85),(1016,0,_binary '',268,4,85),(1017,0,_binary '',269,4,85),(1018,0,_binary '',270,4,85),(1019,0,_binary '',272,4,85),(1020,0,_binary '',273,4,85),(1021,0,_binary '',274,4,85),(1022,0,_binary '',275,4,85),(1023,0,_binary '',277,4,85),(1024,0,_binary '',278,4,85),(1025,0,_binary '',279,4,85),(1026,0,_binary '',280,4,85),(1027,0,_binary '',317,6,52),(1028,0,_binary '',318,6,52),(1029,0,_binary '',320,6,52),(1030,0,_binary '',323,6,52),(1031,0,_binary '',324,6,52),(1032,0,_binary '',326,6,52),(1033,0,_binary '',327,6,52),(1053,0,_binary '',238,3,109),(1054,0,_binary '',239,3,109),(1055,0,_binary '',240,3,109),(1056,0,_binary '',241,3,109),(1057,0,_binary '',242,3,109),(1058,0,_binary '',243,3,109),(1059,0,_binary '',245,3,109),(1060,0,_binary '',246,3,109),(1061,0,_binary '',247,3,109),(1062,0,_binary '',249,3,109),(1078,0,_binary '',266,4,109),(1079,0,_binary '',267,4,109),(1080,0,_binary '',268,4,109),(1081,0,_binary '',269,4,109),(1082,0,_binary '',270,4,109),(1083,0,_binary '',272,4,109),(1084,0,_binary '',273,4,109),(1085,0,_binary '',274,4,109),(1086,0,_binary '',275,4,109),(1087,0,_binary '',277,4,109),(1088,0,_binary '',317,6,107),(1089,0,_binary '',318,6,107),(1090,0,_binary '',320,6,107),(1091,0,_binary '',321,6,107),(1092,0,_binary '',324,6,107),(1093,0,_binary '',326,6,107),(1094,0,_binary '',327,6,107),(1095,0,_binary '',329,6,107),(1096,0,_binary '',317,6,112),(1097,0,_binary '',318,6,112),(1098,0,_binary '',319,6,112),(1099,0,_binary '',320,6,112),(1100,0,_binary '',321,6,112),(1101,0,_binary '',323,6,112),(1102,0,_binary '',324,6,112),(1103,0,_binary '',325,6,112),(1104,0,_binary '',326,6,112),(1105,0,_binary '',327,6,112),(1106,0,_binary '',328,6,112),(1107,0,_binary '',329,6,112),(1108,0,_binary '',317,6,115),(1109,0,_binary '',318,6,115),(1110,0,_binary '',320,6,115),(1111,0,_binary '',321,6,115),(1112,0,_binary '',323,6,115),(1113,0,_binary '',324,6,115),(1114,0,_binary '',325,6,115),(1115,0,_binary '',326,6,115),(1116,0,_binary '',327,6,115),(1117,0,_binary '',328,6,115),(1118,0,_binary '',329,6,115),(1119,0,_binary '',238,3,106),(1120,0,_binary '',239,3,106),(1121,0,_binary '',240,3,106),(1122,0,_binary '',241,3,106),(1123,0,_binary '',247,3,106),(1124,0,_binary '',248,3,106),(1125,0,_binary '',249,3,106),(1126,0,_binary '',266,4,106),(1127,0,_binary '',267,4,106),(1128,0,_binary '',268,4,106),(1129,0,_binary '',269,4,106),(1130,0,_binary '',270,4,106),(1131,0,_binary '',271,4,106),(1132,0,_binary '',272,4,106),(1133,0,_binary '',273,4,106),(1134,0,_binary '',274,4,106),(1135,0,_binary '',275,4,106),(1136,0,_binary '',276,4,106),(1137,0,_binary '',277,4,106),(1138,0,_binary '',278,4,106),(1139,0,_binary '',279,4,106),(1140,0,_binary '',280,4,106),(1141,0,_binary '',317,6,116),(1142,0,_binary '',320,6,116),(1143,0,_binary '',326,6,116),(1144,0,_binary '',327,6,116),(1145,0,_binary '',239,3,84),(1146,0,_binary '',240,3,84),(1147,0,_binary '',241,3,84),(1148,0,_binary '',242,3,84),(1149,0,_binary '',243,3,84),(1150,0,_binary '',244,3,84),(1151,0,_binary '',245,3,84),(1152,0,_binary '',246,3,84),(1153,0,_binary '',249,3,84),(1154,0,_binary '',266,4,84),(1155,0,_binary '',267,4,84),(1156,0,_binary '',269,4,84),(1157,0,_binary '',318,6,102),(1158,0,_binary '',320,6,102),(1159,0,_binary '',327,6,102),(1160,0,_binary '',317,6,121),(1161,0,_binary '',323,6,121),(1162,0,_binary '',329,6,121),(1178,0,_binary '',317,6,103),(1179,0,_binary '',318,6,108),(1180,0,_binary '',319,6,108),(1181,0,_binary '',320,6,108),(1182,0,_binary '',321,6,108),(1183,0,_binary '',322,6,108),(1184,0,_binary '',323,6,108),(1185,0,_binary '',324,6,108),(1186,0,_binary '',325,6,108),(1187,0,_binary '',326,6,108),(1188,0,_binary '',327,6,108),(1189,0,_binary '',328,6,108),(1190,0,_binary '',329,6,108),(1191,0,_binary '',317,6,123),(1192,0,_binary '',318,6,123),(1193,0,_binary '',321,6,123),(1194,0,_binary '',324,6,123),(1195,0,_binary '',325,6,123),(1196,0,_binary '',328,6,123),(1197,0,_binary '',317,6,114),(1198,0,_binary '',318,6,114),(1199,0,_binary '',320,6,114),(1200,0,_binary '',323,6,114),(1201,0,_binary '',326,6,114),(1202,0,_binary '',327,6,114),(1203,0,_binary '',238,3,38),(1204,0,_binary '',239,3,38),(1205,0,_binary '',240,3,38),(1206,0,_binary '',242,3,38),(1207,0,_binary '',247,3,38),(1208,0,_binary '',249,3,38),(1209,0,_binary '',250,3,38),(1210,0,_binary '',266,4,38),(1211,0,_binary '',267,4,38),(1212,0,_binary '',268,4,38),(1213,0,_binary '',269,4,38),(1214,0,_binary '',270,4,38),(1219,0,_binary '',238,3,88),(1220,0,_binary '',239,3,88),(1221,0,_binary '',240,3,88),(1222,0,_binary '',245,3,88),(1223,0,_binary '',247,3,88),(1224,0,_binary '',250,3,88),(1225,0,_binary '',266,4,88),(1226,0,_binary '',267,4,88),(1227,0,_binary '',268,4,88),(1228,0,_binary '',269,4,88),(1229,0,_binary '',270,4,88),(1230,0,_binary '',277,4,88),(1231,0,_binary '',279,4,88),(1232,0,_binary '',242,3,127),(1233,0,_binary '',243,3,127),(1234,0,_binary '',266,4,127),(1235,0,_binary '',267,4,127),(1236,0,_binary '',268,4,127),(1237,0,_binary '',269,4,127),(1238,0,_binary '',270,4,127),(1239,0,_binary '',271,4,127),(1240,0,_binary '',272,4,127),(1241,0,_binary '',273,4,127),(1242,0,_binary '',274,4,127),(1243,0,_binary '',275,4,127),(1244,0,_binary '',276,4,127),(1245,0,_binary '',277,4,127),(1246,0,_binary '',278,4,127),(1247,0,_binary '',279,4,127),(1248,0,_binary '',280,4,127),(1249,0,_binary '',323,6,128),(1250,0,_binary '',327,6,128),(1251,0,_binary '',328,6,128),(1252,0,_binary '',241,3,125),(1253,0,_binary '',242,3,125),(1254,0,_binary '',243,3,125),(1255,0,_binary '',245,3,125),(1256,0,_binary '',248,3,125),(1257,0,_binary '',249,3,125),(1258,0,_binary '',266,4,125),(1259,0,_binary '',267,4,125),(1260,0,_binary '',268,4,125),(1261,0,_binary '',269,4,125),(1262,0,_binary '',270,4,125),(1263,0,_binary '',271,4,125),(1264,0,_binary '',272,4,125),(1265,0,_binary '',273,4,125),(1266,0,_binary '',274,4,125),(1267,0,_binary '',275,4,125),(1268,0,_binary '',276,4,125),(1269,0,_binary '',277,4,125),(1270,0,_binary '',278,4,125),(1271,0,_binary '',279,4,125),(1272,0,_binary '',280,4,125),(1273,0,_binary '',238,3,57),(1274,0,_binary '',239,3,57),(1275,0,_binary '',240,3,57),(1276,0,_binary '',247,3,57),(1277,0,_binary '',248,3,57),(1278,0,_binary '',266,4,57),(1279,0,_binary '',267,4,57),(1280,0,_binary '',268,4,57),(1281,0,_binary '',269,4,57),(1282,0,_binary '',270,4,57),(1283,0,_binary '',277,4,57),(1284,0,_binary '',278,4,57),(1285,0,_binary '',279,4,57),(1286,0,_binary '',280,4,57),(1287,0,_binary '',319,6,33),(1288,0,_binary '',320,6,33),(1289,0,_binary '',326,6,33),(1290,0,_binary '',328,6,33),(1295,0,_binary '',241,3,124),(1296,0,_binary '',247,3,124),(1297,0,_binary '',248,3,124),(1298,0,_binary '',249,3,124),(1299,0,_binary '',266,4,124),(1300,0,_binary '',267,4,124),(1301,0,_binary '',268,4,124),(1302,0,_binary '',269,4,124),(1303,0,_binary '',319,6,129),(1304,0,_binary '',320,6,129),(1305,0,_binary '',321,6,129),(1306,0,_binary '',323,6,129),(1307,0,_binary '',326,6,129),(1308,0,_binary '',327,6,129),(1309,0,_binary '',328,6,129),(1310,0,_binary '',317,6,132),(1311,0,_binary '',323,6,132),(1312,0,_binary '',324,6,132),(1313,0,_binary '',325,6,132),(1314,0,_binary '',326,6,132),(1315,0,_binary '',328,6,132),(1316,0,_binary '',317,6,118),(1317,0,_binary '',320,6,118),(1318,0,_binary '',325,6,118),(1319,0,_binary '',327,6,118),(1320,0,_binary '',328,6,118),(1321,0,_binary '',329,6,118),(1322,0,_binary '',238,3,58),(1323,0,_binary '',239,3,58),(1324,0,_binary '',240,3,58),(1325,0,_binary '',241,3,58),(1326,0,_binary '',242,3,58),(1327,0,_binary '',243,3,58),(1328,0,_binary '',244,3,58),(1329,0,_binary '',245,3,58),(1330,0,_binary '',246,3,58),(1331,0,_binary '',247,3,58),(1332,0,_binary '',248,3,58),(1333,0,_binary '',249,3,58),(1334,0,_binary '',250,3,58),(1335,0,_binary '',266,4,58),(1336,0,_binary '',267,4,58),(1337,0,_binary '',268,4,58),(1338,0,_binary '',269,4,58),(1339,0,_binary '',270,4,58),(1340,0,_binary '',271,4,58),(1341,0,_binary '',272,4,58),(1342,0,_binary '',273,4,58),(1343,0,_binary '',274,4,58),(1344,0,_binary '',275,4,58),(1345,0,_binary '',276,4,58),(1346,0,_binary '',277,4,58),(1347,0,_binary '',278,4,58),(1348,0,_binary '',279,4,58),(1349,0,_binary '',280,4,58),(1350,0,_binary '',317,6,113),(1351,0,_binary '',318,6,113),(1352,0,_binary '',319,6,113),(1353,0,_binary '',320,6,113),(1354,0,_binary '',321,6,113),(1355,0,_binary '',323,6,113),(1356,0,_binary '',324,6,113),(1357,0,_binary '',325,6,113),(1358,0,_binary '',326,6,113),(1359,0,_binary '',327,6,113),(1360,0,_binary '',328,6,113),(1361,0,_binary '',329,6,113),(1364,0,_binary '',238,3,134),(1365,0,_binary '',267,4,134),(1366,0,_binary '',317,6,131),(1367,0,_binary '',319,6,131),(1368,0,_binary '',320,6,131),(1369,0,_binary '',323,6,131),(1370,0,_binary '',324,6,131),(1371,0,_binary '',326,6,131),(1372,0,_binary '',327,6,131),(1373,0,_binary '',328,6,131),(1374,0,_binary '',266,4,135),(1375,0,_binary '',267,4,135),(1376,0,_binary '',268,4,135),(1377,0,_binary '',269,4,135),(1444,0,_binary '',266,4,16),(1445,0,_binary '',267,4,16),(1446,0,_binary '',268,4,16),(1447,0,_binary '',269,4,16),(1464,0,_binary '',238,3,26),(1465,0,_binary '',240,3,26),(1466,0,_binary '',242,3,26),(1467,0,_binary '',266,4,26),(1468,0,_binary '',267,4,26),(1469,0,_binary '',268,4,26),(1470,0,_binary '',238,3,16),(1471,0,_binary '',239,3,16),(1472,0,_binary '',240,3,16),(1473,0,_binary '',241,3,16),(1474,0,_binary '',242,3,16),(1475,0,_binary '',243,3,16),(1476,0,_binary '',244,3,16),(1477,0,_binary '',245,3,16),(1478,0,_binary '',246,3,16);
/*!40000 ALTER TABLE `prefer_to_share` ENABLE KEYS */;
UNLOCK TABLES;

--
-- Table structure for table `question`
--

DROP TABLE IF EXISTS `question`;
/*!40101 SET @saved_cs_client     = @@character_set_client */;
/*!50503 SET character_set_client = utf8mb4 */;
CREATE TABLE `question` (
  `id` bigint NOT NULL AUTO_INCREMENT,
  `version` bigint NOT NULL,
  `name` varchar(255) NOT NULL,
  `section` int NOT NULL,
  PRIMARY KEY (`id`)
) ENGINE=InnoDB AUTO_INCREMENT=25 DEFAULT CHARSET=latin1;
/*!40101 SET character_set_client = @saved_cs_client */;

--
-- Dumping data for table `question`
--

LOCK TABLES `question` WRITE;
/*!40000 ALTER TABLE `question` DISABLE KEYS */;
INSERT INTO `question` VALUES (1,2,'Rolling Stock',1),(2,2,'Vehicle Components',1),(3,2,'Vehicle Interiors',1),(4,2,'Vehicle Services',1),(5,2,'Infrastructure',1),(6,2,'Track',1),(7,2,'Signalling',1),(8,2,'Station',1),(9,2,'Infrastructure Services',1),(10,2,'Communications',1),(11,2,'Data & IT',1),(12,2,'Services',1),(13,1,'Requirements you are able to advise your direct/indirect clients on:',2),(14,1,'Please choose up to 5 categories of customers that you would like to meet with:',3),(15,1,'1. Which of the following best describes your organisation?*',4),(16,1,'2. In which region/s does your organisation operate (or provide services)?*',4),(17,0,'3. In which country/countries does your organisation operate (or provide services)?*',4),(18,1,'1. Which areas of operation best describe your responsibilities?*',5),(19,1,'2. Please select an appropriate option regarding your purchasing role within your organisation?*',5),(20,1,'3. What is the annual procurement budget that you personally authorise, specify and/or recommend?*',5),(21,1,'4. At International Railway Summit, you will enjoy a wide range of conference sessions provided by industry colleagues and experts. Other participants may also be interested in hearing about your story. Will you be happy to consider sharing your expertise',5),(22,1,'1. Which of the following benefits are you interested in learning about?*',6),(23,1,'4. Which organisation do you work for?*',4),(24,0,'Please select up to 10 organisations who are your target customers.',3);
/*!40000 ALTER TABLE `question` ENABLE KEYS */;
UNLOCK TABLES;

--
-- Table structure for table `question_old`
--

DROP TABLE IF EXISTS `question_old`;
/*!40101 SET @saved_cs_client     = @@character_set_client */;
/*!50503 SET character_set_client = utf8mb4 */;
CREATE TABLE `question_old` (
  `id` bigint NOT NULL AUTO_INCREMENT,
  `version` bigint NOT NULL,
  `name` varchar(1000) DEFAULT NULL,
  `section` int NOT NULL,
  PRIMARY KEY (`id`)
) ENGINE=InnoDB AUTO_INCREMENT=23 DEFAULT CHARSET=utf8mb4 COLLATE=utf8mb4_0900_ai_ci;
/*!40101 SET character_set_client = @saved_cs_client */;

--
-- Dumping data for table `question_old`
--

LOCK TABLES `question_old` WRITE;
/*!40000 ALTER TABLE `question_old` DISABLE KEYS */;
INSERT INTO `question_old` VALUES (1,2,'Rolling Stock',1),(2,2,'Vehicle Components',1),(3,2,'Vehicle Interiors',1),(4,2,'Vehicle Services',1),(5,2,'Infrastructure',1),(6,2,'Track',1),(7,2,'Signalling',1),(8,2,'Station',1),(9,2,'Infrastructure Services',1),(10,2,'Communications',1),(11,2,'Data & IT',1),(12,2,'Services',1),(13,1,'Requirements you are able to advise your direct/indirect clients on:',2),(14,1,'Please choose up to 5 categories of customers that you would like to meet with:',3),(15,1,'1. Which of the following best describes your organisation?*',4),(16,1,'2. In which region/s does your organisation operate (or provide services)?*',4),(17,0,'3. In which country/countries does your organisation operate (or provide services)?*',4),(18,1,'1. Which areas of operation best describe your responsibilities?*',5),(19,1,'2. Please select an appropriate option regarding your purchasing role within your organisation?*',5),(20,1,'3. What is the annual procurement budget that you personally authorise, specify and/or recommend?*',5),(21,1,'4. At International Railway Summit, you will enjoy a wide range of conference sessions provided by industry colleagues and experts. Other participants may also be interested in hearing about your story. Will you be happy to consider sharing your expertise at International Railway Summit if invited?*',5),(22,1,'1. Which of the following benefits are you interested in learning about?*',6);
/*!40000 ALTER TABLE `question_old` ENABLE KEYS */;
UNLOCK TABLES;

--
-- Table structure for table `registration_code`
--

DROP TABLE IF EXISTS `registration_code`;
/*!40101 SET @saved_cs_client     = @@character_set_client */;
/*!50503 SET character_set_client = utf8mb4 */;
CREATE TABLE `registration_code` (
  `id` bigint NOT NULL AUTO_INCREMENT,
  `date_created` datetime NOT NULL,
  `token` varchar(255) NOT NULL,
  `username` varchar(255) NOT NULL,
  PRIMARY KEY (`id`)
) ENGINE=InnoDB AUTO_INCREMENT=169 DEFAULT CHARSET=utf8mb4 COLLATE=utf8mb4_0900_ai_ci;
/*!40101 SET character_set_client = @saved_cs_client */;

--
-- Dumping data for table `registration_code`
--

LOCK TABLES `registration_code` WRITE;
/*!40000 ALTER TABLE `registration_code` DISABLE KEYS */;
INSERT INTO `registration_code` VALUES (1,'2022-01-05 01:41:08','ad617ac2af06497cbabfb6a9242c27a4','sunil.ku@cisinlabs.com'),(2,'2022-01-05 01:44:19','0c90a8e56fc745a3932e869e336360fe','ku@mailinator.com'),(3,'2022-01-06 11:25:42','04aca2c982a047cbac814085e4c0b456','8yashu@gmail.com'),(4,'2022-01-06 11:31:40','439a31e55e2e49a6baa30faef0b98548','yashashree.irits@gmail.com'),(5,'2022-01-07 07:16:06','c81e16cbe55a403a9a68d7fb1e884803','sunil.ku@cisinlabs.com'),(6,'2022-01-07 07:42:37','22f2106ec3fb42ee887446f2e2700466','sunil.ku@cisinlabs.com'),(7,'2022-01-07 08:15:34','8d87fbfed5fd4f858f115dd833056d5d','sunil.ku@cisinlabs.com'),(8,'2022-01-10 01:17:43','4439c09e6bcb4e07b1adac4f9356ca7e','8yashu@gmail.com'),(9,'2022-01-10 02:02:12','66120129db134654a13e001da2cd91e9','sunil.ku@cisinlabs.com'),(12,'2022-01-10 04:49:06','5b49c68d8dfe457e8e45ac92231da2ec','8yashu@gmail.com'),(13,'2022-01-13 00:41:38','57ba01b84c07498bbace750774e01448','sajani.kochunny@irits.org'),(21,'2022-02-08 09:40:47','5bd511bc0ef54ab18befb3007203ebbf','pierrick@otiv.ai'),(24,'2022-03-02 01:14:28','ae0e6d0a614e44488b0fdc4234a295f4','chandini.saikia@irits.org'),(27,'2022-03-08 13:26:15','e3b66486302048b994e76cf60227e8df','acarbonell@worldsensing.com'),(28,'2022-03-09 18:41:20','cf4fb61dce714baa8e52dfccf3720570','hermann.orth@afry.com'),(30,'2022-03-10 01:20:06','a1f0cf494af1481e9fb70d25feb9e2c8','yash.pednekar@irits.org'),(34,'2022-03-15 07:47:32','bdf4984f9e2341f5961dad709855b3bf','yining.yu@crrczelc-europe.com'),(45,'2022-04-21 03:27:53','e086c71d7ec64422af8f2a0bf857db50','benjamin.goebelshagen@goetzpartners.com'),(48,'2022-04-22 03:46:29','8cc9d20575a54992b508cd99cdda0e83','ulrich.jannert@greenfurnitureconcept.com'),(58,'2022-04-25 14:32:26','7f8f73b92bea4692aab2b43ce447d415','katy.beardsworth@networkrail.co.uk'),(60,'2022-04-26 01:07:01','75d0380042624e619aaec9a348135b50','gezmezcihan@gmail.com'),(61,'2022-04-26 01:34:20','ef6eb5239a6c4c06b8b32d5f718b723e','cihagezmez@aselsan.com.tr'),(62,'2022-04-26 02:23:12','f0e259543be84787ad3b989669bc99d9','florian.buiting@unwirednetworks.com'),(64,'2022-04-26 09:33:55','a81ed4f14ea94944b8c09de1c03697a4','antonio.muniesa@evo-rail.com'),(65,'2022-04-26 09:46:21','689595f4d5be4f988304aeef143dd845','bs@tallano.eu'),(66,'2022-04-26 10:00:48','6a5a02bd814440419724002c3d776fa1','peter.miller@hs2.org.uk'),(70,'2022-04-27 02:37:26','8852f0e10afb41c48b0d97bc8dc2332e','marcel.ujfalusi@ghh-bonatrans.com'),(71,'2022-04-27 04:37:06','3f2fe36efaad4921baae083838aa2c6c','krzysztof.bubrowski@cpk.pl'),(73,'2022-04-27 10:03:49','f9ef210bbda546f4aaed1af99f9565db','mark.tarry@networkrail.co.uk'),(74,'2022-04-27 10:12:04','64b6115a8fe64ded8ae7b06847a1d31d','Justin.davis@networkrail.co.uk'),(80,'2022-04-29 05:02:04','e064810a52a44eb7b9a9d5a208dadd50','nikolai.kolesnikov@atos.net'),(86,'2022-05-02 07:13:30','df3c47ce93fc49679e590fa1743fccfc','virginie.giraud@bayer.com'),(87,'2022-05-02 09:00:58','a1dcad1760ec4123a2547669b4bc2195','aakanksha.pasrija@irdeto.com'),(90,'2022-05-03 04:34:22','d701f1c27b444bed80f2ec46fb841d99','loic.lerhun@acorel.com'),(95,'2022-05-04 02:35:26','b6ac2657baf843a49f8723dda0e72942','hkloiber@osg.co.il'),(98,'2022-05-04 10:44:27','64d1927fd1f44bc38db0a2ce04c500dd','sunil.kutest@example.com'),(99,'2022-05-04 11:23:16','696a55c91ef6496da0234e17a4c96b03','expertstep3@gmail.com'),(103,'2022-05-05 08:15:57','9d99fb8bcf2640828a6b1a5495ce9763','wielgo.bartosz@gmail.com'),(107,'2022-05-06 08:42:22','58f8ea9462394b4cb90c27d4a4a30034','aleksander.wolowiec@cpk.pl'),(111,'2022-05-09 07:23:23','8eb8bc66304943efb5946fd595dd062f','richard.vandongen@bentley.com'),(113,'2022-05-09 08:10:46','fa8f7c1bdb3049a19a22e424300d7179','michal.jasiak@cpk.pl'),(118,'2022-05-12 08:35:05','73732f7ea6c04539a894a366e093c632','ilse.devosvaneekeren@ns.nl'),(123,'2022-05-12 15:11:41','19c93e1511564774b11ff2ca12d0b26c','radebenjabulo@yahoo.com'),(127,'2022-05-16 01:57:16','37bfec49500e49cc8a27bcdc92320f56','vaiko.eggert@rbe.ee'),(129,'2022-05-16 02:12:36','0e1ca619ed1a41dc8800c121d0080d7f','kristine.malnaca@railbaltica.org'),(130,'2022-05-16 06:37:57','6aa463a6333f41dabb2215f1635daa2a','shubh@gmail.com'),(134,'2022-05-16 10:30:40','4572dac673de4a5a854577bd50eda311','ak@greenfc.com'),(149,'2022-05-24 03:40:10','a5f3884ca7d348af96d2cb7b2f18ee6a','florian.buiting@unwirednetworks.com'),(153,'2022-05-24 12:49:06','01be8ea106c74dcfad980c45c3780fff','grain.adam@neom.com'),(166,'2022-11-07 05:14:55','6764464da39b4bc9aba507de13e1ca19','ralf.marxen@deutschebahn.com'),(167,'2022-11-16 02:13:34','9dc95978451a421c8eab9f77de4cb8c7','yashashree.irits@gmail.com'),(168,'2022-12-01 05:31:37','409b63362eea40c98d4e5fb8a6ecd3a8','testingcis@gmail.com');
/*!40000 ALTER TABLE `registration_code` ENABLE KEYS */;
UNLOCK TABLES;

--
-- Table structure for table `role`
--

DROP TABLE IF EXISTS `role`;
/*!40101 SET @saved_cs_client     = @@character_set_client */;
/*!50503 SET character_set_client = utf8mb4 */;
CREATE TABLE `role` (
  `id` bigint NOT NULL AUTO_INCREMENT,
  `version` bigint NOT NULL,
  `authority` varchar(255) NOT NULL,
  PRIMARY KEY (`id`),
  UNIQUE KEY `UK_irsamgnera6angm0prq1kemt2` (`authority`)
) ENGINE=InnoDB AUTO_INCREMENT=4 DEFAULT CHARSET=utf8mb4 COLLATE=utf8mb4_0900_ai_ci;
/*!40101 SET character_set_client = @saved_cs_client */;

--
-- Dumping data for table `role`
--

LOCK TABLES `role` WRITE;
/*!40000 ALTER TABLE `role` DISABLE KEYS */;
INSERT INTO `role` VALUES (1,0,'ROLE_ADMIN'),(2,0,'ROLE_USER'),(3,0,'ROLE_BUYER');
/*!40000 ALTER TABLE `role` ENABLE KEYS */;
UNLOCK TABLES;

--
-- Table structure for table `slider_content`
--

DROP TABLE IF EXISTS `slider_content`;
/*!40101 SET @saved_cs_client     = @@character_set_client */;
/*!50503 SET character_set_client = utf8mb4 */;
CREATE TABLE `slider_content` (
  `id` bigint NOT NULL AUTO_INCREMENT,
  `version` bigint NOT NULL,
  `bottom_issue_link` varchar(255) NOT NULL,
  `bottom_issue_link_text` varchar(255) NOT NULL,
  `bottom_issue_text` varchar(255) NOT NULL,
  `bottom_login_link_text` varchar(255) NOT NULL,
  `bottom_login_text` varchar(255) NOT NULL,
  `bottom_title` varchar(1000) DEFAULT NULL,
  `button_text1` varchar(255) NOT NULL,
  `button_text2` varchar(255) NOT NULL,
  `buyer_button` varchar(255) NOT NULL,
  `date_place` varchar(255) NOT NULL,
  `event_number` varchar(255) NOT NULL,
  `expert_button` varchar(255) NOT NULL,
  `head_title` varchar(255) NOT NULL,
  `login_button` varchar(255) NOT NULL,
  `sub_title1` varchar(255) NOT NULL,
  `sub_title2` varchar(255) NOT NULL,
  `superscript` varchar(255) NOT NULL,
  `text_link1_button` varchar(255) NOT NULL,
  `text_link2_button` varchar(255) NOT NULL,
  `title` varchar(255) NOT NULL,
  PRIMARY KEY (`id`)
) ENGINE=InnoDB AUTO_INCREMENT=2 DEFAULT CHARSET=utf8mb4 COLLATE=utf8mb4_0900_ai_ci;
/*!40101 SET character_set_client = @saved_cs_client */;

--
-- Dumping data for table `slider_content`
--

LOCK TABLES `slider_content` WRITE;
/*!40000 ALTER TABLE `slider_content` DISABLE KEYS */;
INSERT INTO `slider_content` VALUES (1,8,'mailto: yashashree.falnikar@irits.org','yashashree.falnikar@irits.org','If you have encountered a technical issue with The Waiting Lounge, please report it to Yashashree (','Log in here','Already a member of The Waiting Lounge?','Please note that not all summit participants have joined The Waiting Lounge and that not all Waiting Lounge members are summit participants. The nature of a buyers/experts participation will be made clear when you view your matches.','View buyers attending IRS12','View experts attending IRS12','Join as a Buyer','21 Feb -23 Feb 2023, Rome','12','Join as an Expert','Next one-to-one meetings will take place at:','Log in','A business matchmaking portal for the railway sector','Identify potential business partners to meet with at the next International Railway Summit','th','http://www.irits.org/irs12/participants/buyers/','http://www.irits.org/irs12/participants/sponsors/','The Waiting Lounge');
/*!40000 ALTER TABLE `slider_content` ENABLE KEYS */;
UNLOCK TABLES;

--
-- Table structure for table `todo`
--

DROP TABLE IF EXISTS `todo`;
/*!40101 SET @saved_cs_client     = @@character_set_client */;
/*!50503 SET character_set_client = utf8mb4 */;
CREATE TABLE `todo` (
  `id` bigint NOT NULL AUTO_INCREMENT,
  `version` bigint NOT NULL,
  `deadline` datetime NOT NULL,
  `description` longtext,
  `display_name` varchar(255) NOT NULL,
  `event_id` bigint NOT NULL,
  `name` varchar(255) NOT NULL,
  `urgency` varchar(255) DEFAULT NULL,
  PRIMARY KEY (`id`),
  KEY `FK_bg91mkdl0wwsvo2h3webpsn17` (`event_id`),
  CONSTRAINT `FK_bg91mkdl0wwsvo2h3webpsn17` FOREIGN KEY (`event_id`) REFERENCES `event` (`id`)
) ENGINE=InnoDB AUTO_INCREMENT=3 DEFAULT CHARSET=utf8mb4 COLLATE=utf8mb4_0900_ai_ci;
/*!40101 SET character_set_client = @saved_cs_client */;

--
-- Dumping data for table `todo`
--

LOCK TABLES `todo` WRITE;
/*!40000 ALTER TABLE `todo` DISABLE KEYS */;
INSERT INTO `todo` VALUES (1,0,'2022-11-30 00:00:00','test test test','Submit photo',3,'Submit photo',NULL),(2,0,'2022-08-18 00:00:00','test test test','Submit profile',3,'Submit profile',NULL);
/*!40000 ALTER TABLE `todo` ENABLE KEYS */;
UNLOCK TABLES;

--
-- Table structure for table `todo_types`
--

DROP TABLE IF EXISTS `todo_types`;
/*!40101 SET @saved_cs_client     = @@character_set_client */;
/*!50503 SET character_set_client = utf8mb4 */;
CREATE TABLE `todo_types` (
  `todo_id` bigint DEFAULT NULL,
  `types_string` varchar(255) DEFAULT NULL,
  `types_idx` int DEFAULT NULL
) ENGINE=InnoDB DEFAULT CHARSET=utf8mb4 COLLATE=utf8mb4_0900_ai_ci;
/*!40101 SET character_set_client = @saved_cs_client */;

--
-- Dumping data for table `todo_types`
--

LOCK TABLES `todo_types` WRITE;
/*!40000 ALTER TABLE `todo_types` DISABLE KEYS */;
INSERT INTO `todo_types` VALUES (1,'Buyer',0),(1,'Buyer/Speaker',1),(2,'Buyer',0),(2,'Buyer/Speaker',1);
/*!40000 ALTER TABLE `todo_types` ENABLE KEYS */;
UNLOCK TABLES;

--
-- Table structure for table `user`
--

DROP TABLE IF EXISTS `user`;
/*!40101 SET @saved_cs_client     = @@character_set_client */;
/*!50503 SET character_set_client = utf8mb4 */;
CREATE TABLE `user` (
  `id` bigint NOT NULL AUTO_INCREMENT,
  `version` bigint NOT NULL,
  `account_expired` bit(1) NOT NULL,
  `account_locked` bit(1) NOT NULL,
  `budget` varchar(255) DEFAULT NULL,
  `company` varchar(255) NOT NULL,
  `email` varchar(255) NOT NULL,
  `enabled` bit(1) NOT NULL,
  `first_name` varchar(255) NOT NULL,
  `interviews` varchar(255) DEFAULT NULL,
  `job_title` varchar(255) NOT NULL,
  `last_name` varchar(255) NOT NULL,
  `password` varchar(255) NOT NULL,
  `password_expired` bit(1) NOT NULL,
  `phone` varchar(255) DEFAULT NULL,
  `purchasing_authority` varchar(255) DEFAULT NULL,
  `receive_notifications` bit(1) NOT NULL,
  `step1complete` bit(1) NOT NULL,
  `step2complete` bit(1) NOT NULL,
  `step3complete` bit(1) NOT NULL,
  `step4complete` bit(1) NOT NULL,
  `step5complete` bit(1) NOT NULL,
  `unlisted` bit(1) NOT NULL,
  PRIMARY KEY (`id`),
  UNIQUE KEY `UK_ob8kqyqqgmefl0aco34akdtpe` (`email`)
) ENGINE=InnoDB AUTO_INCREMENT=141 DEFAULT CHARSET=utf8mb4 COLLATE=utf8mb4_0900_ai_ci;
/*!40101 SET character_set_client = @saved_cs_client */;

--
-- Dumping data for table `user`
--

LOCK TABLES `user` WRITE;
/*!40000 ALTER TABLE `user` DISABLE KEYS */;
INSERT INTO `user` VALUES (1,3,_binary '\0',_binary '\0',NULL,'IRITS','lounge@irits.org',_binary '','admin','0','Administrator','admin','$2a$10$jAlel1hEj6ccvZG/nA7AguXDm1cx3yPegOQwZQcei4O.S/OrDTulC',_binary '\0','000000',NULL,_binary '',_binary '\0',_binary '\0',_binary '\0',_binary '\0',_binary '\0',_binary ''),(2,2,_binary '\0',_binary '\0',NULL,'Pentatonix','tim@pentatonix.com',_binary '','Tim','0','Tester','Corrigan','$2a$10$aCdXXJ2H5TX9EmMkcsOpmOSZIT.Tg3am.OqeoT1VBYN.SFkPFlNd2',_binary '\0','000000',NULL,_binary '',_binary '\0',_binary '\0',_binary '\0',_binary '\0',_binary '\0',_binary '\0'),(5,21,_binary '\0',_binary '\0',NULL,'XYZ ltd.','8yashu@gmail.com',_binary '','Buyer Test','0','Manager','1','$2a$10$ll0L0W6ovrQNooWp.jYd5uyU75o63m2sGM/6x7Um5ICEVaWRJ.Xk2',_binary '\0','398207591',NULL,_binary '',_binary '',_binary '',_binary '\0',_binary '\0',_binary '\0',_binary '\0'),(6,21,_binary '\0',_binary '\0',NULL,'ABC Ltd','test23@gmail.com',_binary '','Expert Test','5','Managing director','1','$2a$10$IUZfza134pGkIf0KLjFU/OYQKAHv1eUd4EsiyVUKRmLDhV8SFkwH6',_binary '\0','850327083',NULL,_binary '',_binary '',_binary '',_binary '',_binary '\0',_binary '\0',_binary ''),(10,7,_binary '\0',_binary '\0',NULL,'Irits Events','rahul.talreja@irits.org',_binary '','Rahul','0','XXX','Talreja','$2a$10$vqmbrH5weIyBnPT1/6OBc.ubwhBPkdF..BuR07OMwy0kVNxcvD9Gy',_binary '\0','8169278745',NULL,_binary '',_binary '\0',_binary '\0',_binary '\0',_binary '\0',_binary '\0',_binary ''),(11,9,_binary '\0',_binary '\0',NULL,'IRITS','sajani.kochunny@irits.org',_binary '','Test Buyer','0','Production co-ordinator','2','$2a$10$.fzWkQf/zrSSipiE6f1ubu/igF/KXtoLQWOTY8fQ0Qqta/p/AupY.',_binary '\0','4937107057',NULL,_binary '',_binary '\0',_binary '\0',_binary '\0',_binary '\0',_binary '\0',_binary ''),(13,5,_binary '\0',_binary '\0',NULL,'M&M company','test7@gmail.com',_binary '','Soniya','0','test','Chaudhary','$2a$10$pZd1x0KHa/EH2ybcHJOeMuTSwbv/gO7ysevfrWSmLMXJz/CJFw8z.',_binary '\0','+442071833465',NULL,_binary '',_binary '\0',_binary '\0',_binary '\0',_binary '\0',_binary '\0',_binary ''),(14,7,_binary '\0',_binary '\0',NULL,'IRITS Events','Akshata.kamath@irits.org',_binary '','Akshata','0','Operations','Test','$2a$10$7kzZeRol/4f91aUJthuLze/ZRAKCiTh01bSkY3WZUBuAuVNjDLMzW',_binary '\0','1234567',NULL,_binary '',_binary '\0',_binary '\0',_binary '\0',_binary '\0',_binary '\0',_binary ''),(15,8,_binary '\0',_binary '\0',NULL,'IRITS Events','akshata1809@gmail.com',_binary '','Akshata','0','Technology lead','Expert','$2a$10$3p1rxD1bof.XwaBPZ.DYium8yQ8.PR94YuV4PiV3QS.TCPcjDBo/q',_binary '\0','1234567',NULL,_binary '',_binary '\0',_binary '\0',_binary '\0',_binary '\0',_binary '\0',_binary ''),(16,16,_binary '\0',_binary '\0',NULL,'M&M company','test8@gmail.com',_binary '','Soniya','5','Manager','Test','$2a$10$Y.u0m1nVtEzdiXpzO.PQmuv.t8fIDnxyhHv3l8pOq8kYF3y/elhbW',_binary '\0','+442071833465',NULL,_binary '',_binary '\0',_binary '\0',_binary '',_binary '\0',_binary '\0',_binary ''),(17,18,_binary '\0',_binary '\0',NULL,'CSE','test9@gmail.com',_binary '','Martin','0','CEO','Buyer test','$2a$10$QTO95WkfNSt7Kx4HhfVFpe1a6NnRoIHIQvzPRbU0bein7WCXrRdwG',_binary '\0','590340286',NULL,_binary '',_binary '\0',_binary '',_binary '',_binary '\0',_binary '\0',_binary ''),(18,8,_binary '\0',_binary '\0',NULL,'GOAL SYSTEMS','gcalderon@goalsystems.com',_binary '','Guillermo','0','Eastern Europe Sales Director','Caldern','$2a$10$VaCFMBWzXZ1WU9bZeajupewAyKyvQXkJrvHDFoHpCAGG8eTzGaNoa',_binary '\0','+34627303776',NULL,_binary '',_binary '\0',_binary '\0',_binary '\0',_binary '\0',_binary '\0',_binary '\0'),(19,3,_binary '\0',_binary '\0',NULL,'OTIV','pierrick@otiv.ai',_binary '','Pierrick','0','Business Development','Servais','$2a$10$oFvndmB4AhH12CojNpPQr.snXtMwfg44R/pMAuDsFePt8n8aK2Qre',_binary '\0','+32491936504',NULL,_binary '',_binary '\0',_binary '\0',_binary '\0',_binary '\0',_binary '\0',_binary '\0'),(20,9,_binary '\0',_binary '\0',NULL,'IRITS','vishalaxi.murthy@irits.org',_binary '','Vishalaxi','0','Account Manager','Murthy','$2a$10$WRjMHtLqYymLtsDvAv3.5OuPbmAn5EFjNAv/XIRIg.jx7SXNAnYJ6',_binary '\0','+44 2071833738',NULL,_binary '',_binary '\0',_binary '\0',_binary '\0',_binary '\0',_binary '\0',_binary ''),(21,4,_binary '\0',_binary '\0',NULL,'IRITS','chandini.saikia@irits.org',_binary '','Chandini','0','VIP relations manager','Saikia','$2a$10$FoQPPaU3z1ESJvft2395veqLjkOJOnYq.zCMs3YeXHkr8oyTurQFa',_binary '\0','8450961401',NULL,_binary '',_binary '\0',_binary '\0',_binary '\0',_binary '\0',_binary '\0',_binary ''),(22,8,_binary '\0',_binary '\0',NULL,'Distek Ltd.','moshes@distekgroup.com',_binary '','Moshe','0','Global Marketing Manager','Shmidov','$2a$10$woUW6mrl60LQrd8dEt4kLO6zsAksyyTeKnN2olpv33TVlXf8Qofhq',_binary '\0','+972 528 778 275',NULL,_binary '',_binary '\0',_binary '\0',_binary '\0',_binary '\0',_binary '\0',_binary '\0'),(23,11,_binary '\0',_binary '',NULL,'Worldsensing','acarbonell@worldsensing.com',_binary '','Arnau','5','Area Sales Manager','Carbonell','$2a$10$9BNKJvqSVUCFJLhVh4rDm.rLSivEdMGZhrTJmWRaAAQ8VuNCVzxbm',_binary '\0','+34635053510',NULL,_binary '',_binary '\0',_binary '\0',_binary '\0',_binary '\0',_binary '\0',_binary ''),(24,11,_binary '\0',_binary '\0',NULL,'AFRY','hermann.orth@afry.com',_binary '','Hermann','15','Manager Strategic Asset Management','Orth','$2a$10$ie8SJvWBRvm21T.yZ3A4t.mjon19QNjYImJc21cOxutbvvAACEFSK',_binary '\0','+41774745899',NULL,_binary '',_binary '\0',_binary '',_binary '',_binary '\0',_binary '\0',_binary '\0'),(25,8,_binary '\0',_binary '\0',NULL,'IRITS','anuja.raut@irits.org',_binary '','Anuja','0','Marketing','Raut','$2a$10$r23NVacMlB507Ersp2OOrukLqxxTqHbYP4JApviHT9Fyx4C4haAwm',_binary '\0','+919987854461',NULL,_binary '',_binary '\0',_binary '',_binary '\0',_binary '\0',_binary '\0',_binary ''),(26,5,_binary '\0',_binary '\0',NULL,'IRITS','yash.pednekar@irits.org',_binary '','Yash','0','NA','Pednekar','$2a$10$MWzXDbLA9wkLZxhHnSgwD.edAD.pLmnvLM13XZxVkAoxG5gmMA9uK',_binary '\0','NA',NULL,_binary '',_binary '\0',_binary '\0',_binary '\0',_binary '\0',_binary '\0',_binary ''),(27,7,_binary '\0',_binary '\0',NULL,'iris GmbH','fabian.knorr@iris-sensing.com',_binary '','Fabian','5','Regional Director Nortern Europe and Middle East','Knorr','$2a$10$CGRQWYSFwWmPg7iBVeG.IeVVYM9Id7k1gk5a/Wu2gAUmh0jFW76zu',_binary '\0','+4916096036300',NULL,_binary '',_binary '\0',_binary '\0',_binary '',_binary '\0',_binary '\0',_binary '\0'),(28,7,_binary '\0',_binary '\0',NULL,'East Japan Railway Company Paris Office','hirato@japanrail.fr',_binary '','Misho','0','Deputy Director','Hirato','$2a$10$fIS8uEZl8VzepyKfxBOH/uAEHLgAcP0eWPTaGpzxRCiOoB./AAR5C',_binary '\0','0145226048',NULL,_binary '',_binary '\0',_binary '',_binary '',_binary '\0',_binary '\0',_binary '\0'),(29,16,_binary '\0',_binary '\0',NULL,'World Sensing','rcardoso@worldsensing.com',_binary '','Ricardo','5','Product Sales Manager','Cardoso','$2a$10$xpovGDEwFiggzFjfMI4UJewn9DQ5wVTCpumhS84jv1nT5oaDLYMJq',_binary '\0',NULL,NULL,_binary '',_binary '\0',_binary '',_binary '',_binary '\0',_binary '\0',_binary '\0'),(30,4,_binary '\0',_binary '\0',NULL,'CRRC ZELC Verkehrstechnik GmbH (CRRC ZELC EUROPE)','yining.yu@crrczelc-europe.com',_binary '','Yining','5','Commercial Specialist','Yu','$2a$10$gw7eB/eHZg.dSHHPZx02UOT0GbOmApz.aPNjr.BVDkCJXTKN/b8ky',_binary '\0','+43 676 3100 380',NULL,_binary '',_binary '\0',_binary '',_binary '',_binary '\0',_binary '\0',_binary '\0'),(31,12,_binary '\0',_binary '\0',NULL,'Hitachi Rail','robert.mulder.ext@hitachirail.com',_binary '','Robert','5','Sales Europe','Mulder','$2a$10$OcVZ6V5OTadzaIBo8h/Xueuhu3fquJdKtnZx4L2qShUziONPCkV0O',_binary '\0','+31611417622',NULL,_binary '',_binary '\0',_binary '',_binary '',_binary '\0',_binary '\0',_binary '\0'),(32,4,_binary '\0',_binary '\0',NULL,'SNCF','benjamin.huteau@sncf.fr',_binary '','Benjamin','0','TGV Industrial Director','Huteau','$2a$10$0ioac6fmIGiP2KVrUGRLeOVLNAWMqr7bVzzzWVwNq4PLtn6F2tyRS',_binary '\0','+33664004496',NULL,_binary '',_binary '\0',_binary '\0',_binary '',_binary '\0',_binary '\0',_binary '\0'),(33,7,_binary '\0',_binary '\0',NULL,'METR SAO PAULO','glopes@metrosp.com.br',_binary '','Glauco','0','Head of Civil and Permanent Way Department','Fernandes Lopes','$2a$10$axKYthFQiAg6WkHg3SujIe3vD6KFr2rttG/m3rWsF4MMb1Rtf.ZzO',_binary '\0','+55 11 95540 6774',NULL,_binary '',_binary '\0',_binary '',_binary '',_binary '\0',_binary '\0',_binary '\0'),(34,3,_binary '\0',_binary '\0',NULL,'Philippine National Railways','pnr.ogm@gmail.com',_binary '','JUNN','0','General Manager/ CEO','MAGNO','$2a$10$Y4/FcbdI2fRE01QNaLy3h.oPlvQA2U4KnUw5CAw1Ikyjw/ZqTW24W',_binary '\0','+63 9175355004',NULL,_binary '',_binary '\0',_binary '\0',_binary '\0',_binary '\0',_binary '\0',_binary '\0'),(35,5,_binary '\0',_binary '\0',NULL,'Philippine National Railways','attylauta26@gmail.com',_binary '','CELESTE','0','ASSISTANT GENERAL MANAGER','LAUTA','$2a$10$7l8FiKRNH/vY/gD2CnfYZOu5YWvWx6gIPISeebTPJKGOD7axbQ1F2',_binary '\0','+63 5319 0168',NULL,_binary '',_binary '\0',_binary '\0',_binary '\0',_binary '\0',_binary '\0',_binary '\0'),(36,9,_binary '\0',_binary '\0',NULL,'Grandi Stazioni Retail','giulia.ravelli@gsretail.it',_binary '','Sbastien','0','COO','De Rose','$2a$10$bgdhE3Y6HjdMApIwYFCxrO4kThdDuxWEHwLQo6irc8Kb2UjQC3NNa',_binary '\0','+393492926934',NULL,_binary '',_binary '\0',_binary '',_binary '',_binary '\0',_binary '\0',_binary '\0'),(37,3,_binary '\0',_binary '\0',NULL,'Phononic Vibes','giovanni.capellari@phononicvibes.com',_binary '','Giovanni','0','Co-founder','Capellari','$2a$10$Bhxwy5iILHJLA9NAk1XPOOob1R0Mm0pMr4FWnLVDTsGr2QLXnuRMG',_binary '\0','+393392532652',NULL,_binary '',_binary '\0',_binary '\0',_binary '\0',_binary '\0',_binary '\0',_binary '\0'),(38,11,_binary '\0',_binary '\0',NULL,'STI SA','a.dronet@servtrayvou.com',_binary '','ANNE','1','Expert  on Personnel Safety','DRONET','$2a$10$dP6m0YVbYH96t0RPwX7F2uROqwEghopls.lI704s1RkZdkklnenmK',_binary '\0','0678878378',NULL,_binary '',_binary '\0',_binary '',_binary '',_binary '\0',_binary '\0',_binary '\0'),(39,6,_binary '\0',_binary '\0',NULL,'Luminator Technology Group','markus.papke@luminator.com',_binary '','Markus','0','Global Key Account Manager Rail','Papke','$2a$10$9aY7G5pPRVqR3Om8vOlHauNXg.AswFC8PuA5hn2I/GeG10/2I.mRm',_binary '\0','+49 176 15 296 120',NULL,_binary '',_binary '\0',_binary '',_binary '\0',_binary '\0',_binary '\0',_binary '\0'),(40,5,_binary '\0',_binary '\0',NULL,'goetzpartners Management Consultants GmbH','benjamin.goebelshagen@goetzpartners.com',_binary '','Benjamin','0','Management Consultant','Gbelshagen','$2a$10$KvVYiGe0eIwp5u1Rwzu/K.NODoYRvM9JPp7ArXXaS52B91vMUXSXi',_binary '\0','+4915117141004',NULL,_binary '',_binary '\0',_binary '',_binary '\0',_binary '\0',_binary '\0',_binary '\0'),(41,13,_binary '\0',_binary '\0',NULL,'Thales Deutschland GmbH','nicole.schumacher@thalesgroup.com',_binary '','Nicole','1','Sales Manager International Business','Schumacher','$2a$10$mai50Uk8etihEAhHE026Q.X6jGeBfxb7ofqryG1JOTTRDVyqb9TuO',_binary '\0','+491728281525',NULL,_binary '',_binary '\0',_binary '',_binary '',_binary '\0',_binary '\0',_binary '\0'),(42,8,_binary '\0',_binary '\0',NULL,'Green Furniture Concept  AB','jb@greenfc.com',_binary '','Johan','10','designer & founder','Berhin','$2a$10$e5o7jNEud3d8zu.YAruFTu1X4WRVk4uEQDQmevQnmnIiytJDsN7WG',_binary '\0','+46707321608',NULL,_binary '',_binary '\0',_binary '',_binary '',_binary '\0',_binary '\0',_binary '\0'),(43,1,_binary '\0',_binary '',NULL,'Green Furniture Concept','ulrich.jannert@greenfurnitureconcept.com',_binary '','Ulrich','0','Sales Manager','Jannert','$2a$10$ymOzUpXVMYS5ZCQ.Futq4OAyjmQxHaFumfXtFaV6bGT9eSUDxvx9i',_binary '\0',NULL,NULL,_binary '',_binary '\0',_binary '\0',_binary '\0',_binary '\0',_binary '\0',_binary '\0'),(44,8,_binary '\0',_binary '\0',NULL,'Boom Software AG','railexperts@boomsoftware.com',_binary '','Andreas','5','CEO','Schaller','$2a$10$aH.UxGCq4yW56xBUQBWJtuRFJfEVFdUF21kCTIj276bjEiYQqkyA2',_binary '\0','+433452762160',NULL,_binary '',_binary '\0',_binary '',_binary '',_binary '\0',_binary '\0',_binary '\0'),(45,5,_binary '\0',_binary '\0',NULL,'DB Cargo','andre.kalvelage@deutschebahn.com',_binary '','Andr','0','Head of Corporate Development','Kalvelage','$2a$10$0Yh0dG./JhDIdGO1NSEcNepYHLhEVNSGMdXrhUDN9CjZgKBl6iBoK',_binary '\0','+4916097474107',NULL,_binary '',_binary '\0',_binary '',_binary '',_binary '\0',_binary '\0',_binary '\0'),(46,7,_binary '\0',_binary '\0',NULL,'DB Cargo Polska S.A.','katarzyna.marciniak@deutschebahn.com',_binary '','Katarzyna','0','CFO','Marciniak','$2a$10$MjyKdptI3/NK.KGechNC9uqDrxorakI.ZaNdqDCa81wICJOY9.NiO',_binary '\0','0048 693400044',NULL,_binary '',_binary '\0',_binary '',_binary '',_binary '\0',_binary '\0',_binary '\0'),(47,5,_binary '\0',_binary '\0',NULL,'RB Rail AS','ieva.strausa@railbaltica.org',_binary '','Ieva','0','Business Relationship Manager','Strausa','$2a$10$KehsFNNMEg2IQJBVhBzP7evkFL3mNP2EZFNhjC0Ua1yu3cs/oRPhW',_binary '\0','+37125491212',NULL,_binary '',_binary '\0',_binary '\0',_binary '',_binary '\0',_binary '\0',_binary '\0'),(48,5,_binary '\0',_binary '\0',NULL,'Rete Ferroviaria Italiana','c.bonomisavignon@rfi.it',_binary '','Claudio','0','Manager - Asset Advisoring','Bonomi Savignon','$2a$10$uV05rmKZ9v48/RnauIDGw.GHjKY/R2p0pqIfPN17KYtV7XKcWuMP6',_binary '\0','+393920015245',NULL,_binary '',_binary '\0',_binary '',_binary '',_binary '\0',_binary '\0',_binary '\0'),(49,4,_binary '\0',_binary '\0',NULL,'DB Cargo AG / EDDP','andreas.lipka@deutschebahn.com',_binary '','Andreas','0','Head of DAC Migration','Lipka','$2a$10$G.WE5d1mu4UFJTB5kbEogOunY8og0Q3knZDfKy9HBJ5E2E8S/V/ja',_binary '\0','+4916097467270',NULL,_binary '',_binary '\0',_binary '\0',_binary '',_binary '\0',_binary '\0',_binary '\0'),(50,7,_binary '\0',_binary '\0',NULL,'HS1 Ltd','edmund.butcher@highspeed1.co.uk',_binary '','Edmund','0','Head of Business Development','Butcher','$2a$10$Egr6oCQ/nX3N7U.n8DFwhe5eh4Fz1aDUYzqJmjzI3NWPFLv0JP5AG',_binary '\0','+447885467955',NULL,_binary '',_binary '\0',_binary '',_binary '',_binary '\0',_binary '\0',_binary '\0'),(51,14,_binary '\0',_binary '',NULL,'Thales Deutschland GmbH','amine.arezki@thalesgroup.com',_binary '','Amine','0','Director Marketing and communications','Arezki','$2a$10$TBns0snQeycOoHN9lR9OI.nLv883qTxxZDsh934MFuuDObbOSDXHW',_binary '\0','+491728281689',NULL,_binary '',_binary '\0',_binary '\0',_binary '\0',_binary '\0',_binary '\0',_binary ''),(52,7,_binary '\0',_binary '\0',NULL,'Network Rail','neil.strong@networkrail.co.uk',_binary '','Neil','0','Biodiversity strategy manager','Strong','$2a$10$St7Rs6.giVvPs/M0v/MXz.E6tDTmptGG0AHlytGKLGTXHSio.2o9S',_binary '\0','+447876578848',NULL,_binary '',_binary '\0',_binary '',_binary '',_binary '\0',_binary '\0',_binary '\0'),(53,4,_binary '\0',_binary '\0',NULL,'Network Rail','katy.beardsworth@networkrail.co.uk',_binary '','Katy','0','Environmental Strategy Manager','Beardsworth','$2a$10$HiS88WZZjHOSnb9QW5Ew9OXBTJJovbyCLm2LjDzab2GY5FAS3sqLq',_binary '\0','07515628711',NULL,_binary '',_binary '\0',_binary '',_binary '',_binary '\0',_binary '\0',_binary '\0'),(54,3,_binary '\0',_binary '\0',NULL,'DB Cargo AG','sergiu-matei.burciu@deutschebahn.com',_binary '','Sergiu-Matei','0','Head of Innovation & Transformation','Burciu','$2a$10$EW621YcVKAR6Xq/VQTzOouTbunsnfv05I.OD.aqItns./yFZgo.MK',_binary '\0','+49 160 916 10 765',NULL,_binary '',_binary '\0',_binary '\0',_binary '\0',_binary '\0',_binary '\0',_binary '\0'),(55,1,_binary '\0',_binary '',NULL,'ASELSAN','gezmezcihan@gmail.com',_binary '','Cihan','0','System Test Engineer','Gezmez','$2a$10$O.VENUXSZEpLUw61d.d3juFgggNYnXpN1m0fL1ES4F3IV/yKJ1Qpm',_binary '\0','+905419659176',NULL,_binary '',_binary '\0',_binary '\0',_binary '\0',_binary '\0',_binary '\0',_binary ''),(56,4,_binary '\0',_binary '\0',NULL,'ASELSAN','cihagezmez@aselsan.com.tr',_binary '','Cihan','0','System Test Engineer','Gezmez','$2a$10$Qc96rhCNvxVpnpF90mnmfuACEvBsI3EyVvbzxi4q0nh4ccJERCo9e',_binary '\0','+905419659176',NULL,_binary '',_binary '\0',_binary '',_binary '\0',_binary '\0',_binary '\0',_binary '\0'),(57,6,_binary '\0',_binary '\0',NULL,'Unwired Networks GmbH','florian.buiting@unwirednetworks.com',_binary '','Florian','1','Sales | Business Development','Buiting','$2a$10$JnmpDb5qI/xm74g6uM793.qrnN.v1JLDEh/M1FnWx6X.6b1ZZ8mwO',_binary '\0','01747396003',NULL,_binary '',_binary '\0',_binary '',_binary '',_binary '\0',_binary '\0',_binary '\0'),(58,7,_binary '\0',_binary '\0',NULL,'evo rail','antonio.muniesa@evo-rail.com',_binary '','Antonio','1','Senior Sales Manager','Muniesa','$2a$10$csqnawUvwsHkqttaQTpVPe46lUYG.7MjBA.x6.rGrVAsH9DLODlcC',_binary '\0','+34636928719',NULL,_binary '',_binary '\0',_binary '',_binary '',_binary '\0',_binary '\0',_binary '\0'),(59,1,_binary '\0',_binary '\0',NULL,'Tallano Technologie SAS','bs@tallano.eu',_binary '','Bert','0','Managing Partner','Stegkemper','$2a$10$DWLkMNTp0lQ3P/TlAPeYb.tlprIQRHYyLALnq6B7YojTR/0d4djO.',_binary '\0','+4915140168983',NULL,_binary '',_binary '\0',_binary '\0',_binary '\0',_binary '\0',_binary '\0',_binary '\0'),(60,6,_binary '\0',_binary '\0',NULL,'High Speed Two (HS2) Limited','peter.miller@hs2.org.uk',_binary '','Peter','0','Environment Director','Miller','$2a$10$G7.6Ehdrpf2Iv2YbajwiVOHqW4OOBqCqJlDiykYr4N85VMQqiDJe6',_binary '\0','+44 7990567513',NULL,_binary '',_binary '\0',_binary '',_binary '',_binary '\0',_binary '\0',_binary '\0'),(61,6,_binary '\0',_binary '\0',NULL,'Rail Baltic Estonia','raido.kivikangur@rbe.ee',_binary '','Raido','0','CTO','Kivikangur','$2a$10$wyHjn4cBuguDnw2jwlPUD.iZ2MCM38k9QGFZfGffWXaVZkaT0GEse',_binary '\0','+372 55984975',NULL,_binary '',_binary '\0',_binary '',_binary '',_binary '\0',_binary '\0',_binary '\0'),(62,4,_binary '\0',_binary '\0',NULL,'IRITS Events Ltd.','test@irits.org',_binary '','test check','0','test','buyer','$2a$10$9mhCT3E0T6yizOSS/YwYi.svLbFHJGCgvKUfQKNKiWsQKf5BMrz7.',_binary '\0','+442071833465',NULL,_binary '',_binary '\0',_binary '\0',_binary '\0',_binary '\0',_binary '\0',_binary '\0'),(63,4,_binary '\0',_binary '\0',NULL,'ADIF','amascaraque@adif.es',_binary '','lvaro','0','Deputy Director for International Organizations','Mascaraque','$2a$10$d.dwEuXMvVhL9n2emcM8P.uRIi/uDuv0Rg23kGJRBjAKmNjj6rmC6',_binary '\0','+343006182',NULL,_binary '',_binary '\0',_binary '\0',_binary '',_binary '\0',_binary '\0',_binary '\0'),(64,5,_binary '\0',_binary '\0',NULL,'BONATRANS GROUP a.s.','marcel.ujfalusi@ghh-bonatrans.com',_binary '','Marcel','0','Head of Business Development and Marketing','Ujfalui','$2a$10$SFgchqi/80zexOiarMaH1eOHs1ZN4RSYZYbs1b6LhxeiGpPvcE38a',_binary '\0','+420778488571',NULL,_binary '',_binary '\0',_binary '',_binary '\0',_binary '\0',_binary '\0',_binary '\0'),(65,6,_binary '\0',_binary '\0',NULL,'CPK Sp. z  o.o.','krzysztof.bubrowski@cpk.pl',_binary '','Krzysztof','0','Railway Strategic and Financial Analyses Expert','Bubrowski','$2a$10$0ePhhTtPmDSN7XGgz24noeZr3e1BOPuc0bzHx6JevtczOBBeEN/Vy',_binary '\0',NULL,NULL,_binary '',_binary '\0',_binary '',_binary '',_binary '\0',_binary '\0',_binary '\0'),(66,3,_binary '\0',_binary '\0',NULL,'CPK','Joanna.Archutowska@cpk.pl',_binary '','Joanna','0','Economic Analysis Coordinator','Archutowska','$2a$10$Q/0sYqcph8XtPFBhuMps/OaShcPDJm7ZfkZ.Q3Z.pHHGiT6LnDk4O',_binary '\0',NULL,NULL,_binary '',_binary '\0',_binary '\0',_binary '',_binary '\0',_binary '\0',_binary '\0'),(67,5,_binary '\0',_binary '\0',NULL,'Network Rail','mark.tarry@networkrail.co.uk',_binary '','Mark','0','Director, Supply Chain Operations','Tarry','$2a$10$I5Y.S4V614H8PndPZty1hOyg.ihfvyT7dBP1F8lGdKxBMEMgpEmqq',_binary '\0','07739078632',NULL,_binary '',_binary '\0',_binary '',_binary '',_binary '\0',_binary '\0',_binary '\0'),(68,6,_binary '\0',_binary '\0',NULL,'Network Rail','Justin.davis@networkrail.co.uk',_binary '','Justin','0','Programme Director, Electrification and Energy Management','Davis','$2a$10$p4gscyp/JECplOiL09xbHe73GH0IGP/hc1orc2iYoSGhKjGs84SB2',_binary '\0','07568450718',NULL,_binary '',_binary '\0',_binary '',_binary '',_binary '\0',_binary '\0',_binary '\0'),(69,6,_binary '\0',_binary '\0',NULL,'KURODA HIDEAKI  JR','kuroda@japanrail.fr',_binary '','HIDEAKI','0','Executive Director','KURODA','$2a$10$cgbjD9flgc4cMP7vWThDb.1S5OzWOYcwRhkYcHigDDFO4s.esjK/y',_binary '\0','+33698226975',NULL,_binary '',_binary '\0',_binary '',_binary '',_binary '\0',_binary '\0',_binary '\0'),(70,5,_binary '\0',_binary '\0',NULL,'Rail Baltic Estonia','taavi.laja@rbe.ee',_binary '','Taavi','0','CFO, Management Board Member','Laja','$2a$10$opunKN5.HMjO24L0F1/g/.STi4picAEz0JSt2YsGe..pKTROFREA2',_binary '\0','+3725186453',NULL,_binary '',_binary '\0',_binary '',_binary '',_binary '\0',_binary '\0',_binary '\0'),(71,8,_binary '\0',_binary '\0',NULL,'Advantech','alicja.strzemieczna@advantech.pl',_binary '','Alicja','5','Sales Director','Strzemieczna','$2a$10$uGDFQv5KATbCcQ1U1818/uDfom49b0bMktF5dpvDrfOpYqpPrlpTC',_binary '\0','0048505434965',NULL,_binary '',_binary '\0',_binary '\0',_binary '',_binary '\0',_binary '\0',_binary '\0'),(72,4,_binary '\0',_binary '\0',NULL,'DB Cargo Polska','marek.staszek@deutschebahn.com',_binary '','Marek','0','CEO','Staszek','$2a$10$nub/WQr7zBBDgam63MH3Bu6/WWb1FWL4W8BkcVCy8JqtPB7t6ggsO',_binary '\0','+48 693401489',NULL,_binary '',_binary '\0',_binary '\0',_binary '\0',_binary '\0',_binary '\0',_binary '\0'),(73,8,_binary '\0',_binary '\0',NULL,'Atos IT GmbH','nikolai.kolesnikov@atos.net',_binary '','Nikolai','10','Client Executive Partner','Kolesnikov','$2a$10$cRf7bzAHwDvFuLQi1tNQP.rhNDJt9L7lqAVnur9J8tw8uJ8c9QxuS',_binary '\0','01717161218',NULL,_binary '',_binary '\0',_binary '',_binary '',_binary '\0',_binary '\0',_binary '\0'),(74,8,_binary '\0',_binary '\0',NULL,'Instrumentel','samuel.bussey@instrumentel.com',_binary '','Samuel','10','Sales Director','Bussey','$2a$10$Kb6igy8F5qJjqI0DTABEEeuUoNiVRGDhqE.74t9a62djLc9bC/UZi',_binary '\0','01138314731',NULL,_binary '',_binary '\0',_binary '',_binary '',_binary '\0',_binary '\0',_binary '\0'),(75,9,_binary '\0',_binary '\0',NULL,'Copperleaf Technologies Inc.','kjawad@copperleaf.com',_binary '','Karim','10','Sales Manager Central Europe','Jawad','$2a$10$98B4rV6gEhg6.OTPxMnI/uecXvGhnd6I4URGdPYs0Dq3cgUsB.sA6',_binary '\0','+31651256789',NULL,_binary '',_binary '\0',_binary '',_binary '',_binary '\0',_binary '\0',_binary '\0'),(76,8,_binary '\0',_binary '\0',NULL,'Rail Baltic Estonia O','heigo.saare@rbe.ee',_binary '','Heigo','0','Head of Assurance and Operations','Saare','$2a$10$x4EHaD5rtPo25LgF.Twr4.L.uaJz/O6XEPKrtQt7VMM4w8LjdLuEG',_binary '\0','+37253451760',NULL,_binary '',_binary '\0',_binary '',_binary '',_binary '\0',_binary '\0',_binary '\0'),(77,7,_binary '\0',_binary '\0',NULL,'Rail baltic Estonia','marko.kivila@rbe.ee',_binary '','Marko','0','COO','Kivila','$2a$10$LEaNh.MIk98Vlm66Nu16zevuaBLlsUHs81K9Dei/J.0dcEMu08YF2',_binary '\0','+37258188689',NULL,_binary '',_binary '\0',_binary '',_binary '',_binary '\0',_binary '\0',_binary '\0'),(78,3,_binary '\0',_binary '\0',NULL,'DB Cargo','Martell.Beck@deutschebahn.com',_binary '','Martell','0','Head of Marketing','Beck','$2a$10$aihGQbwPCH1jLPkNWbKVM.bxpAYa1cjjO1ovKxDiLNcRcJ6mubYwK',_binary '\0',NULL,NULL,_binary '',_binary '\0',_binary '\0',_binary '\0',_binary '\0',_binary '\0',_binary '\0'),(79,7,_binary '\0',_binary '\0',NULL,'Bayer','virginie.giraud@bayer.com',_binary '','Virginie','10','Head of SWS Business','Giraud','$2a$10$HZBJpjLQwbnSQeBtRTmm8u0ZwaRehUAxCUeHyBwYVgPZnOI.BwyuK',_binary '\0','+33688403769',NULL,_binary '',_binary '\0',_binary '\0',_binary '',_binary '\0',_binary '\0',_binary '\0'),(80,6,_binary '\0',_binary '\0',NULL,'Irdeto','aakanksha.pasrija@irdeto.com',_binary '','Aakanksha','10','Product Marketing Manager','Pasrija','$2a$10$ZNHDYxjTcwW6p3mTrbmJBuW5wb.vuVM.V81wtuTzYnN8gsHwrP2B6',_binary '\0','+31626445752',NULL,_binary '',_binary '\0',_binary '',_binary '',_binary '\0',_binary '\0',_binary '\0'),(81,6,_binary '\0',_binary '\0',NULL,'KONUX GmbH','borislava.sollner@konux.de',_binary '','Borislava','0','Marketing Team Lead','Sllner','$2a$10$yrzQ3GoqwXWgUswX7q3Yu.mR4YqkWMDzWbZbaa1S0SJOIsXChS752',_binary '\0','+49 157 7792 8783',NULL,_binary '',_binary '\0',_binary '',_binary '\0',_binary '\0',_binary '\0',_binary '\0'),(82,7,_binary '\0',_binary '\0',NULL,'Acorel','phil.linnecor@acorel.com',_binary '','Phil','5','Director','Linnecor','$2a$10$zjkT2w9sSfE5zXM7hAwq2u2afBO2jI370hB09T1WZQdPQmyXGg1H6',_binary '\0','07808788785',NULL,_binary '',_binary '\0',_binary '',_binary '',_binary '\0',_binary '\0',_binary '\0'),(83,1,_binary '\0',_binary '',NULL,'Acorel SAS','loic.lerhun@acorel.com',_binary '','Loic','0','Sales Manager Rail Networks','Le Rhun','$2a$10$ltQMqoUgyax01xPxnzvsru7MFx2zvScSGd7s0WlGL1aWC1R1KrTi6',_binary '\0','+33 (0)4 75 80 10 68',NULL,_binary '',_binary '\0',_binary '\0',_binary '\0',_binary '\0',_binary '\0',_binary ''),(84,4,_binary '\0',_binary '\0',NULL,'PSI Transcom GmbH','srenner@psi.de',_binary '','Jost','0','Business Development Manager','Geweke','$2a$10$bUvwbku/xNfbNZW5CjgpTO3JLGPHLyCnrOSCuEZfyGnjNHIjgLocG',_binary '\0','03028011601',NULL,_binary '',_binary '\0',_binary '\0',_binary '\0',_binary '\0',_binary '\0',_binary '\0'),(85,8,_binary '\0',_binary '\0',NULL,'HERE TECHNOLOGIES','andreas.teuber@here.com',_binary '','Andreas','10','SENIOR ACCOUNT MANAGER','Teuber','$2a$10$gA5229M4KfZ6DY8vszu3suPPuTaUgCZ67TmYn7GvMjAZP4QgLspMK',_binary '\0','+491713348876',NULL,_binary '',_binary '\0',_binary '',_binary '',_binary '\0',_binary '\0',_binary '\0'),(86,5,_binary '\0',_binary '\0',NULL,'Junta de Seguridad en el Transporte','jobaid@jst.gob.ar',_binary '','Julian','0','President','Obaid','$2a$10$BpaImQqnHLjDznq3ZJPRR.Nqq0uhSkYcnrKdV0Nti1SJHbc4D/eZ2',_binary '\0','11 62486544',NULL,_binary '',_binary '\0',_binary '',_binary '',_binary '\0',_binary '\0',_binary '\0'),(87,11,_binary '\0',_binary '\0',NULL,'Cohesive Group','daniel.bemelen@cohesivegroup.com',_binary '','Daniel','5','Associate Business Development Manager','Bemelen','$2a$10$YrvmOyNPBVjW/sUje2p.jOCesmeMHI.ioIILxNpDAAfhVBJeyl2BK',_binary '\0','0682091064',NULL,_binary '',_binary '\0',_binary '',_binary '',_binary '\0',_binary '\0',_binary '\0'),(88,3,_binary '\0',_binary '\0',NULL,'OSG - Oran Safety Glass','hkloiber@osg.co.il',_binary '','Helfried','10','Sales Manager DACH+','Kloiber','$2a$10$Zb3OqcGO1y73xYcmakNCdeIPeLo0DkY3uX6wzNse0ZfNzgMFxRkFq',_binary '\0','+49 174 9544142',NULL,_binary '',_binary '\0',_binary '\0',_binary '',_binary '\0',_binary '\0',_binary '\0'),(89,8,_binary '\0',_binary '\0',NULL,'SITA','benoit.verbaere@sita.aero',_binary '','Verbaere','5','Business Development Director','Benoit','$2a$10$z8bUeJXoqrnEtC1IcBzkM.mGIiLxG9VoW12Vyr0JmECspCjTQvW42',_binary '\0','+41786674663',NULL,_binary '',_binary '\0',_binary '',_binary '',_binary '\0',_binary '\0',_binary '\0'),(90,2,_binary '\0',_binary '\0',NULL,'ABC Organisation','sunil.kutest@example.com',_binary '','Sunil','0','Developer','Ku','$2a$10$FLAgqL4RsnxcQZeNbqXWqOSh5C2hqXSAoVzOQHh/ubPL9M1JC6gc.',_binary '\0','1234567890',NULL,_binary '',_binary '\0',_binary '\0',_binary '\0',_binary '\0',_binary '\0',_binary ''),(91,8,_binary '\0',_binary '\0',NULL,'test','expertstep3@gmail.com',_binary '','test expert','10','test','step 3','$2a$10$OYW03cfGSSd3UtWwtA3WYexU1NYu4mdGoAkwQ08V.p.nDbZfNuT2a',_binary '\0','test',NULL,_binary '',_binary '\0',_binary '\0',_binary '',_binary '\0',_binary '\0',_binary ''),(92,6,_binary '\0',_binary '\0',NULL,'test','buyerstep3@gmail.com',_binary '','test buyer','0','test','step 3','$2a$10$d9jBfZUiKVQq6D8Gbauaj.1q6WWEllNeZ/RHAFoMPBTRiNZCMA7qK',_binary '\0','test',NULL,_binary '',_binary '\0',_binary '\0',_binary '',_binary '\0',_binary '\0',_binary ''),(93,6,_binary '\0',_binary '\0',NULL,'Sao Paulo Metro','luizcortez@metrosp.com.br',_binary '','Luiz','0','Planning and Environment Manager','Ferreira','$2a$10$KAqtq.LS6Ot.E5.7A2WQ3ecVXcCMJ4RHFAkIiO26xHB/EtJPqRAqW',_binary '\0','+5511985879600',NULL,_binary '',_binary '\0',_binary '',_binary '\0',_binary '\0',_binary '\0',_binary '\0'),(94,4,_binary '\0',_binary '\0',NULL,'MINTC','jani.vonzansen@gov.fi',_binary '','Jani','0','Chief Specialist','von Zansen','$2a$10$3gsHl9qyZNN.055TIWWUbu11ffyAE6R6uqIynifQ037x1x3vA5Sn6',_binary '\0','+358295342060',NULL,_binary '',_binary '\0',_binary '\0',_binary '',_binary '\0',_binary '\0',_binary '\0'),(95,0,_binary '\0',_binary '',NULL,'Centralny Port Komunikacyjny','wielgo.bartosz@gmail.com',_binary '','Bartosz',NULL,'Strategy Consultant','Wielgo','$2a$10$CmGS1ukQtQqG4qxuS1MFnuBlTwrW8ndY5ZB2IIqun.t.s2Ajv3dea',_binary '\0','+48 539 188 252',NULL,_binary '',_binary '\0',_binary '\0',_binary '\0',_binary '\0',_binary '\0',_binary '\0'),(96,6,_binary '\0',_binary '\0',NULL,'Centralny Port Komunikacyjny','bartosz.wielgo@cpk.pl',_binary '','Bartosz','0','Strategy Consultant','Wielgo','$2a$10$55c0cjPrL4BcPj111dNYCeRn9.i/O7Mm2s/QaDPQKQ231WJrvfgBS',_binary '\0','+48 539 188 252',NULL,_binary '',_binary '\0',_binary '',_binary '',_binary '\0',_binary '\0',_binary '\0'),(97,7,_binary '\0',_binary '\0',NULL,'Solidarity Transport Hub Poland (CPK)','michal.strzelichowski@cpk.pl',_binary '','Micha','0','International Cooperation Expert','Strzelichowski','$2a$10$gI3IyoxZuTfV7h9BKKywIOsxSX472xkiJGhyfyd.jfyZy8WBZzsJa',_binary '\0','+48 539 188 218',NULL,_binary '',_binary '\0',_binary '',_binary '',_binary '\0',_binary '\0',_binary '\0'),(98,6,_binary '\0',_binary '\0',NULL,'ADIF','fnicolasp@adif.es',_binary '','FERNANDO','0','INTERNATIONAL DIRECTOR','NICOLS','$2a$10$vITUTzAsH2r1aAoMPpIhoOMyjmyLYwz.OVN.PVgYmQVJ/Z4NixCuu',_binary '\0','+34649129300',NULL,_binary '',_binary '\0',_binary '',_binary '',_binary '\0',_binary '\0',_binary '\0'),(99,4,_binary '\0',_binary '\0',NULL,'Centralny Port Komunikacyjny Sp. z oo.','aleksander.wolowiec@cpk.pl',_binary '','Aleksander','0','Director','Wolowiec','$2a$10$WEUnPwDq2khcfUY47MEBteXlOIsoHllynsgz.3irPojHd697ursve',_binary '\0','+48882350383',NULL,_binary '',_binary '\0',_binary '',_binary '',_binary '\0',_binary '\0',_binary '\0'),(100,5,_binary '\0',_binary '\0',NULL,'Centralny Port Komunikacyjny','jaroslaw.zwolski@cpk.pl',_binary '','Jarosaw','0','Study Projects Coordinator','Zwolski','$2a$10$tZf/bsY4jRwLpkFXiaZ2O.DyHUV.8oZ/Majwax5BayNH7bHLvygwa',_binary '\0','+48539188017',NULL,_binary '',_binary '\0',_binary '',_binary '',_binary '\0',_binary '\0',_binary '\0'),(101,5,_binary '\0',_binary '',NULL,'Cohesive Group','richard.vandongen@bentley.com',_binary '','Richard','0','Global Business Development Director','van Dongen','$2a$10$QGSE5lGPYOln4y6/9tXc9.LFqf5a487footK9wXL3BFIBfHoairhK',_binary '\0','0654793897',NULL,_binary '',_binary '\0',_binary '\0',_binary '\0',_binary '\0',_binary '\0',_binary ''),(102,5,_binary '\0',_binary '\0',NULL,'Solidarity Transport Hub Poland','grzegorz.boguslawski@cpk.pl',_binary '','Grzegorz','0','Deputy Director Railway Subprogramme Implementation Department','Boguslawski','$2a$10$ccI7aV2SwI7dVfNt3NWsKuyLBRgBoFuEqIdZkkcgb7S3ENbO0bWfW',_binary '\0','+48539188253',NULL,_binary '',_binary '\0',_binary '',_binary '',_binary '\0',_binary '\0',_binary '\0'),(103,6,_binary '\0',_binary '\0',NULL,'Solidarity Transport Hub','michal.jasiak@cpk.pl',_binary '','Micha','0','Deputy Director for Analysis','Jasiak','$2a$10$.mlBxGmJEnmnxGl6sHtF9eplvYSodZJUIkbkIbG1lNMN3VDleq2PG',_binary '\0','+48 539 188 266',NULL,_binary '',_binary '\0',_binary '',_binary '',_binary '\0',_binary '\0',_binary '\0'),(104,4,_binary '\0',_binary '\0',NULL,'Solidarity Transport Hub Poland','mateusz.malinowski@cpk.pl',_binary '','Mateusz','0','Railway Signalling & Traction Power Supply Project Manager','Malinowski','$2a$10$orZd04VjVZmGArI3qY5ORuYKvNXIJxVsjHWFuKzfjiSyfO76cGr/e',_binary '\0','+48882350382',NULL,_binary '',_binary '\0',_binary '\0',_binary '\0',_binary '\0',_binary '\0',_binary '\0'),(105,5,_binary '\0',_binary '\0',NULL,'DB Netz AG','luca.forner@deutschebahn.com',_binary '','Luca','0','Head of Project Management Superstructure and Equipment Technology - Central','Forner','$2a$10$rbwsMH0IWyQJbcS0.FlY9uDu6RBnkIvt8yzk/rCqm2U7FiZrMTwoa',_binary '\0','+491738638500',NULL,_binary '',_binary '\0',_binary '',_binary '',_binary '\0',_binary '\0',_binary '\0'),(106,14,_binary '\0',_binary '\0',NULL,'IVU Traffic Technologies AG','cte@ivu.de',_binary '','Christian','2','Director Sales Rail','Teschner','$2a$10$Wp0YhPObY8uH4afhihNOSuEBe92CfGx4JxIqINzewupGH0Dt65oSS',_binary '\0','016090764321',NULL,_binary '',_binary '\0',_binary '',_binary '',_binary '\0',_binary '\0',_binary '\0'),(107,6,_binary '\0',_binary '\0',NULL,'NS (Dutch Railways)','ilse.devosvaneekeren@ns.nl',_binary '','ilse','0','Manager Circular Business','de vos','$2a$10$BWi7nG5niD5auYMLRN7yyuG9v4H3yFc8GOes014AuRVKvMGa7Ep82',_binary '\0','+31647928532',NULL,_binary '',_binary '\0',_binary '\0',_binary '',_binary '\0',_binary '\0',_binary '\0'),(108,4,_binary '\0',_binary '\0',NULL,'Solidarity Transport Hub Poland','joanna.zasun@cpk.pl',_binary '','Joanna','0','International Cooperation Director','Zasun','$2a$10$Z2wS4DVndCIKXFl22iuhW.Yd7av0gwIMPodSKBShBQuYrh.suA4oi',_binary '\0','+48882350371',NULL,_binary '',_binary '\0',_binary '\0',_binary '\0',_binary '\0',_binary '\0',_binary '\0'),(109,11,_binary '\0',_binary '\0',NULL,'Video, Cities & Transportation','felix.reeb@intel.com',_binary '','Felix','5','Global Business Development Manager','Reeb','$2a$10$jozCEqa/O.L5p35pVgT4XuwWDT6X/Yf8x82xjEyo5gR8yGBW1EWQC',_binary '\0','+491753278193',NULL,_binary '',_binary '\0',_binary '',_binary '',_binary '\0',_binary '\0',_binary '\0'),(110,7,_binary '\0',_binary '\0',NULL,'DB CARGO ITALIA','RUEDIGER.GASTELL@DEUTSCHEBAHN.COM',_binary '','RUEDIGER','0','CFO','GASTELL','$2a$10$4gM9gPg1zws4DoeKv.EM7.qnvEVXHxnpAWpMlx/2IPinPpGfrje2K',_binary '\0','+393351563159',NULL,_binary '',_binary '\0',_binary '',_binary '',_binary '\0',_binary '\0',_binary '\0'),(111,0,_binary '\0',_binary '',NULL,'Bhungane Industries','radebenjabulo@yahoo.com',_binary '','Njabulo Bhekisisa',NULL,'CEO','Radebe','$2a$10$n78.sfgiRUqE3jPo3YJwa.kmRALeSpkWjo5VMYaY3dbIHTc1f2L9a',_binary '\0','+27663295779',NULL,_binary '',_binary '\0',_binary '\0',_binary '\0',_binary '\0',_binary '\0',_binary '\0'),(112,8,_binary '\0',_binary '\0',NULL,'NS (Dutch Railways)','joris.vandesande@ns.nl',_binary '','Joris','0','procurement consultant','van de Sande','$2a$10$rcCtP7H2W6isg5oTPsvOoOUyq/TQrGcbPg4qrtsfzf04PbLnt1Z6C',_binary '\0','+31647165654',NULL,_binary '',_binary '\0',_binary '',_binary '',_binary '\0',_binary '\0',_binary '\0'),(113,7,_binary '\0',_binary '\0',NULL,'DB Cargo AG','patrick.seessle@deutschebahn.com',_binary '','Patrick','0','Head of Shift2Rail Innovation Program Freight','Seele','$2a$10$CVnpsL0hj1HPqP2rTWwazuK58YAIBCX8fBtHKfg7s0R6WUx587D1i',_binary '\0','+49 152 37448969',NULL,_binary '',_binary '\0',_binary '\0',_binary '\0',_binary '\0',_binary '\0',_binary '\0'),(114,4,_binary '\0',_binary '\0',NULL,'Rail Baltic Estonia O','vaiko.eggert@rbe.ee',_binary '','Vaiko','0','Risk Manager','Eggert','$2a$10$CbaVfpCVeAUHzI4QgzPDVuOGNlKbvMjIgQtdzYjo4cL7iQDEax.pC',_binary '\0','+37253412614',NULL,_binary '',_binary '\0',_binary '',_binary '',_binary '\0',_binary '\0',_binary '\0'),(115,4,_binary '\0',_binary '\0',NULL,'RB Rail AS','girts.abolins@railbaltica.org',_binary '','Girts','0','Intermodal Logistics Expert','Abolins','$2a$10$/B2UVQc2JMsS5iWaxbqkSOnpG0fhUe91IXSzAzNLGuZYLU.egJM4m',_binary '\0','+37128323737',NULL,_binary '',_binary '\0',_binary '\0',_binary '',_binary '\0',_binary '\0',_binary '\0'),(116,5,_binary '\0',_binary '\0',NULL,'RB Rail AS','kristine.malnaca@railbaltica.org',_binary '','Kristine','0','Transport Analyst','Malnaca','$2a$10$tV9SfTkwbxKKJL/3vhIl3OWM/BzbqixNXd5OSt9FaEpi6AVuqSmRq',_binary '\0','+37129157877',NULL,_binary '',_binary '\0',_binary '',_binary '',_binary '\0',_binary '\0',_binary '\0'),(117,0,_binary '\0',_binary '',NULL,'cis','shubh@gmail.com',_binary '','shubham',NULL,'cis','rathod','$2a$10$MudawHSN65SxumtWVhL3gu6CEq/kSs2Slkq8YRjhRTNfPuIVge7la',_binary '\0','942597116',NULL,_binary '',_binary '\0',_binary '\0',_binary '\0',_binary '\0',_binary '\0',_binary '\0'),(118,8,_binary '\0',_binary '\0',NULL,'RB Rail AS | Rail Baltica','baiba.muceniece@railbaltica.org',_binary '','Baiba','0','Passenger Mobility Expert','Muceniece','$2a$10$pwxMMErf/7QW.ENlmHwJJuBKX7i8Rm.IsYz4QEJybwFStp.V1gNsW',_binary '\0','37129211085',NULL,_binary '',_binary '\0',_binary '\0',_binary '',_binary '\0',_binary '\0',_binary '\0'),(119,0,_binary '\0',_binary '',NULL,'Green Furniture Concept','ak@greenfc.com',_binary '','Adele',NULL,'Head of Global Marketing','Kamel','$2a$10$GKbiYGdDWFJyEKbgsk1tguWAaZnzOD8GlqdThz7/KYGfHytEA8c7i',_binary '\0','046703989030',NULL,_binary '',_binary '\0',_binary '\0',_binary '\0',_binary '\0',_binary '\0',_binary '\0'),(120,4,_binary '\0',_binary '\0',NULL,'Deutsche Bahn AG','tobias.fischer@deutschebahn.com',_binary '','Tobias','0','Head of Technology TecLab','Fischer','$2a$10$EF0NskwjLj6HuMtJ3kwMlONbETFMUyvmptdmavLwBh4yeh1yuUa2i',_binary '\0','004916097573239',NULL,_binary '',_binary '\0',_binary '\0',_binary '\0',_binary '\0',_binary '\0',_binary '\0'),(121,9,_binary '\0',_binary '\0',NULL,'Junta de Seguridad en el Transporte','jarman@jst.gob.ar',_binary '','Jorge','0','Studies and Statistics Director (Railway)','Arman','$2a$10$yUptxBqXTKJZLSiORrdGpuIAIT9cfKmET1M8CasH41iFO5dsqlqli',_binary '\0','54 9 11 4434-0548',NULL,_binary '',_binary '\0',_binary '',_binary '',_binary '\0',_binary '\0',_binary '\0'),(122,5,_binary '\0',_binary '\0',NULL,'Junta de Seguridad en el Transporte','edemichelis@jst.gob.ar',_binary '','Estefania','0','Multimodal Director','Demichelis','$2a$10$t9.RVPSHNDQ.8vi3WW59WuUeU8Y.HnYt7qydsZQGIYXxVBiofgSTW',_binary '\0','54-9-11-31663006',NULL,_binary '',_binary '\0',_binary '',_binary '',_binary '\0',_binary '\0',_binary '\0'),(123,6,_binary '\0',_binary '\0',NULL,'Swiss Federal Department of Foreign Affairs FDFA','lorenzo.bondolfi@eda.admin.ch',_binary '','Lorenzo','0','Diplomatic officier','Bondolfi','$2a$10$Ews1Q3p9qfEGVdSLK/maruAfawF5.8V64FzQpjEL/YgmpIDMB39XS',_binary '\0','+41768222619',NULL,_binary '',_binary '\0',_binary '',_binary '',_binary '\0',_binary '\0',_binary '\0'),(124,7,_binary '\0',_binary '\0',NULL,'DB Cargo Polska S.A.','robert.nowakowski@deutschebahn.com',_binary '','Robert','0','COO','Nowakowski','$2a$10$92NOvMvzjI2IIfKwNRe/GOlbuqaOilM.IXl88qY6W6W6LowENxNku',_binary '\0','+48 697716350',NULL,_binary '',_binary '\0',_binary '',_binary '\0',_binary '\0',_binary '\0',_binary '\0'),(125,4,_binary '\0',_binary '\0',NULL,'Nexxiot','daniel.macgregor@nexxiot.com',_binary '','Daniel','5','Co-Founder','MacGregor','$2a$10$isylRO1rxeGxvgWBZgdmB.j8K25L8aHvBmrYn5TJrFjGuRUdcO3g2',_binary '\0','+41796711365',NULL,_binary '',_binary '\0',_binary '\0',_binary '',_binary '\0',_binary '\0',_binary '\0'),(126,1,_binary '\0',_binary '\0',NULL,'Techno Traders','suraj.jakkali@gmail.com',_binary '','Suraj',NULL,'BDM','Jakkali','$2a$10$EHkTxz98pYoCD.iUR9TcU.uz8rAxKYrKMAWIvNErYMGhg4ZKM/Bv6',_binary '\0','017657613303',NULL,_binary '',_binary '\0',_binary '\0',_binary '\0',_binary '\0',_binary '\0',_binary '\0'),(127,5,_binary '\0',_binary '\0',NULL,'Rail BI UK Ltd','cbf@railbi.com',_binary '','Conrad','1','Managing Director','Barrett-Freeman','$2a$10$XYURqJ2.fQB8WTrAmNL2TOhgikgqf9vHG9In6N7LHZP2LtpWuNW.W',_binary '\0','07702629589',NULL,_binary '',_binary '\0',_binary '',_binary '',_binary '\0',_binary '\0',_binary '\0'),(128,9,_binary '\0',_binary '\0',NULL,'ENOWA','noel.gomes@neom.com',_binary '','Noel','0','Principal Engineer  Power Systems Design','Gomes','$2a$10$Mor/SjE9Vp1QVoy6ierFL.XuJwESS3slp4.PwgN3xtS1GOqANbrBm',_binary '\0','+44 7472878016',NULL,_binary '',_binary '\0',_binary '',_binary '',_binary '\0',_binary '\0',_binary '\0'),(129,4,_binary '\0',_binary '\0',NULL,'ENOWA','emir.dzandzanovic@neom.com',_binary '','Emir','0','Project Manager','Dzandzanovic','$2a$10$57x30dZwxVQQUcJe4wh.meJA5SBvB4o1RUB03Y1vp5AQ5Js0B4LJ.',_binary '\0','00966565704197',NULL,_binary '',_binary '\0',_binary '\0',_binary '',_binary '\0',_binary '\0',_binary '\0'),(130,2,_binary '\0',_binary '\0',NULL,'NEOM','grain.adam@neom.com',_binary '','Grain','0','HVDC Technology Manager','Ased','$2a$10$hDS3Bc61vetg6IT4Mqmw5uo9MwRZ6fD5fJnCsJg.xBOUFtI.WeT4W',_binary '\0','+9667919034211',NULL,_binary '',_binary '\0',_binary '\0',_binary '\0',_binary '\0',_binary '\0',_binary '\0'),(131,7,_binary '\0',_binary '\0',NULL,'NEOM/ENOWA','musa.shah@neom.com',_binary '','Musa','0','Manager','Shah','$2a$10$LdcxmxWTwjOS/ILqcSOyi.MQo9N0i/gI6q2zaLDCX9bK.M1nWc.Pu',_binary '\0',NULL,NULL,_binary '',_binary '\0',_binary '',_binary '',_binary '\0',_binary '\0',_binary '\0'),(132,5,_binary '\0',_binary '\0',NULL,'VR Group','kimmo.kurhinen@vr.fi',_binary '','Kimmo','0','Business Architect','Kurhinen','$2a$10$g7MpqPX6GAUwrqFtTC3udOek7lcX81NPSLQDZVhlw/OyhLVLpJbbO',_binary '\0',NULL,NULL,_binary '',_binary '\0',_binary '',_binary '\0',_binary '\0',_binary '\0',_binary '\0'),(133,4,_binary '\0',_binary '\0',NULL,'RB Rail AS / Rail Baltica','andy.billington@railbaltica.org',_binary '','Andy','0','Innovation & Sustainability Expert','Billington','$2a$10$H5YXH12wtgMNs7nSQFte4eD1B2WwmfXuIWo4GjC7WH2YqZetyLdoG',_binary '\0','+37253665726',NULL,_binary '',_binary '\0',_binary '\0',_binary '\0',_binary '\0',_binary '\0',_binary '\0'),(134,7,_binary '\0',_binary '\0',NULL,'DB Cargo','christian.c.strauss@deutschebahn.com',_binary '','Christian','0','Head of Enterprise Architecture and Business Process Mgmt.','Strau','$2a$10$IFSA6OVTbCH.O.orWLcxM.AcLYC.MQjS/WW0npYjuGBaddDzzT3w.',_binary '\0','+4915237544400',NULL,_binary '',_binary '\0',_binary '',_binary '\0',_binary '\0',_binary '\0',_binary '\0'),(135,4,_binary '\0',_binary '\0',NULL,'ime Elektrotechnik GmbH','a.eckardt@ime.eu',_binary '','Alexander','0','CXO','Eckardt','$2a$10$RrJizilDgNR0l3072ybTM.cn7f3Ee2iQxIsqIHUFzwNen7pVkPeKu',_binary '\0','00491723899933',NULL,_binary '',_binary '\0',_binary '\0',_binary '\0',_binary '\0',_binary '\0',_binary '\0'),(136,3,_binary '\0',_binary '\0',NULL,'IRITS Events India','sajaniuk@gmail.com',_binary '','Sajani','0','Tester','Kochunny','$2a$10$IlFL52W9vefu0WMzhu7as.MCK/RlSEOzQnUHf4k11XziVmx3Cgvcm',_binary '\0','+919699419791',NULL,_binary '',_binary '\0',_binary '\0',_binary '\0',_binary '\0',_binary '\0',_binary '\0'),(137,1,_binary '\0',_binary '\0',NULL,'Deutsche Bahn AG','ralf.marxen@deutschebahn.com',_binary '','Ralf',NULL,'Leader Stakeholdermanagement, Risikomanagement, TecMarketing (TTR) / Head of Euope\'s Rail (TTSXR)','Marxen','$2a$10$6oFgdnwwANtTGmJsjqm9WO6W986pLF.0jp9CxWbQpRMp3xZZr7ka6',_binary '\0','06926532999',NULL,_binary '',_binary '\0',_binary '\0',_binary '\0',_binary '\0',_binary '\0',_binary '\0'),(138,1,_binary '\0',_binary '\0',NULL,'cis','ajay123@mailinator.com',_binary '','raj',NULL,'cis','patidar','$2a$10$P1NffOTXdg9p0GH5lifYFuX2RugWr7mWF.lJZPBc5HAC62kCuXdym',_binary '\0','942597116',NULL,_binary '',_binary '\0',_binary '\0',_binary '\0',_binary '\0',_binary '\0',_binary '\0'),(139,0,_binary '\0',_binary '',NULL,'IRITS Events Ltd.','yashashree.irits@gmail.com',_binary '','yashashree',NULL,'Manager','Falnikar','$2a$10$pDFVqxmNgbMxKTUmrZw9s.K/w7.LpBpddhN8rC3fLknVK9WcU8HRy',_binary '\0','0977 342 2765',NULL,_binary '',_binary '\0',_binary '\0',_binary '\0',_binary '\0',_binary '\0',_binary '\0'),(140,2,_binary '\0',_binary '\0',NULL,'Canada, Via Rail','testingcis@gmail.com',_binary '','testing','0','cis','testing','$2a$10$OPh2MsW3j6nKMVwvgDDrve7osY0eHA9DuOCisHYObTbjypRJYXAA.',_binary '\0','9425971167',NULL,_binary '',_binary '\0',_binary '\0',_binary '\0',_binary '\0',_binary '\0',_binary '\0');
/*!40000 ALTER TABLE `user` ENABLE KEYS */;
UNLOCK TABLES;

--
-- Table structure for table `user_country`
--

DROP TABLE IF EXISTS `user_country`;
/*!40101 SET @saved_cs_client     = @@character_set_client */;
/*!50503 SET character_set_client = utf8mb4 */;
CREATE TABLE `user_country` (
  `user_countries_id` bigint DEFAULT NULL,
  `country_id` bigint DEFAULT NULL,
  KEY `FK_o795my8bq5bftsv3bbify1mp8` (`country_id`),
  KEY `FK_2q58r044yprooilhnjcsba9sh` (`user_countries_id`),
  CONSTRAINT `FK_2q58r044yprooilhnjcsba9sh` FOREIGN KEY (`user_countries_id`) REFERENCES `user` (`id`),
  CONSTRAINT `FK_o795my8bq5bftsv3bbify1mp8` FOREIGN KEY (`country_id`) REFERENCES `country` (`id`)
) ENGINE=InnoDB DEFAULT CHARSET=utf8mb4 COLLATE=utf8mb4_0900_ai_ci;
/*!40101 SET character_set_client = @saved_cs_client */;

--
-- Dumping data for table `user_country`
--

LOCK TABLES `user_country` WRITE;
/*!40000 ALTER TABLE `user_country` DISABLE KEYS */;
INSERT INTO `user_country` VALUES (10,61),(22,130),(22,162),(22,187),(22,86),(22,43),(22,188),(22,65),(22,82),(22,181),(22,140),(27,77),(27,170),(27,60),(27,82),(27,187),(27,152),(27,130),(28,86),(28,78),(28,176),(28,77),(29,47),(29,60),(29,141),(29,130),(29,170),(29,67),(29,124),(29,83),(32,17),(32,61),(32,165),(32,83),(32,171),(20,77),(17,13),(17,20),(17,17),(30,65),(30,46),(30,75),(30,124),(30,10),(31,9),(31,188),(31,170),(31,187),(31,65),(31,83),(31,186),(31,61),(31,86),(31,152),(24,83),(24,47),(24,165),(24,170),(24,130),(24,124),(24,10),(24,65),(24,171),(24,60),(26,65),(38,153),(38,180),(38,61),(38,187),(38,32),(38,36),(38,3),(38,10),(38,181),(38,9),(39,9),(39,47),(39,32),(39,60),(39,61),(39,186),(39,46),(39,17),(39,24),(39,65),(41,10),(41,171),(41,65),(41,95),(41,130),(41,140),(41,60),(44,83),(44,53),(44,46),(44,24),(44,65),(44,10),(44,102),(44,171),(44,140),(46,65),(46,75),(46,143),(46,26),(46,46),(46,140),(47,57),(47,95),(47,101),(49,140),(49,65),(49,47),(49,170),(49,61),(49,83),(49,143),(49,26),(49,46),(49,124),(50,187),(51,10),(51,65),(51,187),(51,82),(51,165),(51,61),(35,139),(48,83),(42,170),(42,165),(42,65),(42,77),(42,83),(42,171),(42,188),(42,187),(42,9),(42,61),(62,15),(63,152),(63,165),(61,57),(61,101),(61,95),(45,65),(45,170),(45,17),(45,61),(45,124),(45,140),(45,83),(45,165),(45,47),(45,143),(69,86),(56,181),(52,187),(70,57),(71,173),(73,37),(73,26),(73,83),(73,61),(73,124),(73,187),(73,65),(73,165),(73,171),(73,9),(74,187),(74,152),(74,9),(74,188),(76,95),(76,57),(76,101),(82,187),(82,61),(82,17),(82,188),(82,47),(82,24),(82,9),(75,75),(75,187),(75,65),(75,140),(75,61),(75,83),(75,170),(75,47),(75,124),(75,165),(81,65),(81,124),(81,170),(81,187),(81,61),(81,165),(81,37),(81,17),(81,83),(81,86),(36,83),(89,9),(89,83),(89,24),(89,188),(89,157),(89,186),(89,171),(89,37),(89,65),(89,61),(58,188),(58,165),(58,187),(40,187),(40,65),(40,188),(40,171),(40,61),(40,46),(86,7),(53,187),(94,60),(97,140),(97,158),(97,101),(97,46),(97,57),(97,75),(97,95),(87,53),(87,188),(87,65),(87,187),(87,186),(87,124),(87,61),(100,140),(99,140),(64,171),(64,158),(64,46),(64,61),(64,140),(64,187),(64,65),(64,10),(64,37),(64,77),(96,140),(98,165),(104,140),(29,9),(29,125),(23,86),(23,65),(23,140),(23,165),(23,101),(23,75),(23,46),(23,171),(23,157),(23,10),(105,65),(80,32),(80,65),(80,37),(80,61),(80,186),(80,9),(80,124),(80,188),(80,77),(80,140),(106,171),(106,65),(106,83),(106,170),(106,124),(106,187),(106,60),(106,10),(68,187),(27,140),(27,61),(27,65),(77,57),(67,187),(60,187),(93,24),(85,10),(85,171),(85,65),(106,47),(109,188),(109,77),(109,86),(109,65),(109,37),(109,187),(109,61),(110,65),(110,83),(107,124),(112,124),(115,57),(115,95),(115,101),(106,101),(116,101),(116,57),(116,95),(84,65),(84,171),(84,140),(84,124),(65,140),(102,140),(121,7),(122,7),(103,140),(108,140),(114,57),(123,102),(123,65),(123,17),(123,83),(123,61),(123,171),(124,158),(124,140),(124,46),(124,65),(88,61),(88,83),(88,171),(88,186),(88,119),(88,82),(88,188),(88,65),(88,181),(88,165),(127,187),(128,152),(125,188),(125,171),(125,65),(125,170),(125,124),(33,24),(57,46),(57,10),(57,65),(57,83),(57,124),(124,144),(124,16),(129,152),(132,60),(133,101),(133,95),(133,57),(118,57),(118,101),(118,95),(113,65),(134,65),(134,10),(134,61),(134,17),(131,152),(135,9),(135,130),(135,53),(135,171),(135,47),(135,140),(135,32),(135,65),(135,170),(135,124);
/*!40000 ALTER TABLE `user_country` ENABLE KEYS */;
UNLOCK TABLES;

--
-- Table structure for table `user_event`
--

DROP TABLE IF EXISTS `user_event`;
/*!40101 SET @saved_cs_client     = @@character_set_client */;
/*!50503 SET character_set_client = utf8mb4 */;
CREATE TABLE `user_event` (
  `id` bigint NOT NULL AUTO_INCREMENT,
  `version` bigint NOT NULL,
  `event_id` bigint NOT NULL,
  `speaker` bit(1) NOT NULL,
  `user_id` bigint NOT NULL,
  PRIMARY KEY (`id`),
  KEY `FK_8n7oi8xjtlc10rdu8c7bja7le` (`event_id`),
  KEY `FK_rfoo0jivhbf3voqwj6nc8vllv` (`user_id`),
  CONSTRAINT `FK_8n7oi8xjtlc10rdu8c7bja7le` FOREIGN KEY (`event_id`) REFERENCES `event` (`id`),
  CONSTRAINT `FK_rfoo0jivhbf3voqwj6nc8vllv` FOREIGN KEY (`user_id`) REFERENCES `user` (`id`)
) ENGINE=InnoDB AUTO_INCREMENT=117 DEFAULT CHARSET=utf8mb4 COLLATE=utf8mb4_0900_ai_ci;
/*!40101 SET character_set_client = @saved_cs_client */;

--
-- Dumping data for table `user_event`
--

LOCK TABLES `user_event` WRITE;
/*!40000 ALTER TABLE `user_event` DISABLE KEYS */;
INSERT INTO `user_event` VALUES (8,1,3,_binary '',24),(10,0,3,_binary '\0',27),(11,0,3,_binary '\0',28),(12,0,3,_binary '\0',29),(14,0,3,_binary '\0',31),(15,0,3,_binary '\0',30),(16,0,3,_binary '\0',32),(18,0,3,_binary '\0',33),(19,0,3,_binary '\0',34),(20,0,3,_binary '\0',35),(22,1,3,_binary '',36),(23,0,3,_binary '\0',38),(24,0,3,_binary '\0',39),(25,0,3,_binary '\0',40),(26,0,3,_binary '\0',41),(27,0,3,_binary '\0',44),(28,0,3,_binary '\0',45),(29,0,3,_binary '\0',46),(30,0,3,_binary '\0',47),(31,0,3,_binary '\0',48),(32,0,3,_binary '\0',49),(33,0,3,_binary '\0',13),(35,0,3,_binary '\0',17),(36,0,3,_binary '\0',50),(38,0,3,_binary '\0',52),(39,0,3,_binary '\0',42),(40,0,3,_binary '\0',54),(41,0,3,_binary '\0',53),(42,0,3,_binary '\0',60),(43,0,3,_binary '\0',59),(44,0,3,_binary '\0',58),(45,0,3,_binary '\0',57),(46,0,3,_binary '\0',56),(47,0,3,_binary '\0',61),(48,0,3,_binary '\0',62),(49,0,3,_binary '\0',63),(50,0,3,_binary '\0',66),(51,0,3,_binary '\0',65),(53,0,3,_binary '\0',64),(54,0,3,_binary '\0',67),(55,0,3,_binary '\0',68),(56,0,3,_binary '\0',69),(57,0,3,_binary '\0',70),(58,0,3,_binary '\0',71),(59,0,3,_binary '\0',72),(60,0,3,_binary '\0',73),(61,0,3,_binary '\0',74),(62,0,3,_binary '\0',76),(63,0,3,_binary '\0',75),(64,0,3,_binary '\0',77),(65,0,3,_binary '\0',78),(66,0,3,_binary '\0',81),(67,0,3,_binary '\0',80),(68,0,3,_binary '\0',79),(69,0,3,_binary '\0',82),(70,0,3,_binary '\0',84),(71,0,3,_binary '\0',85),(72,0,3,_binary '\0',86),(73,0,3,_binary '\0',87),(74,0,3,_binary '\0',88),(77,0,3,_binary '\0',93),(78,0,3,_binary '\0',94),(79,0,3,_binary '\0',96),(80,0,3,_binary '\0',97),(81,0,3,_binary '\0',98),(82,0,3,_binary '\0',99),(83,0,3,_binary '\0',100),(84,0,3,_binary '\0',89),(86,0,3,_binary '\0',102),(87,0,3,_binary '\0',103),(88,0,3,_binary '\0',104),(89,0,3,_binary '\0',105),(90,0,3,_binary '\0',106),(91,0,3,_binary '\0',108),(92,0,3,_binary '\0',109),(93,0,3,_binary '\0',110),(94,0,3,_binary '\0',112),(95,0,3,_binary '\0',113),(96,0,3,_binary '\0',115),(97,0,3,_binary '\0',114),(98,0,3,_binary '\0',116),(99,0,3,_binary '\0',107),(100,0,3,_binary '\0',118),(101,0,3,_binary '\0',120),(102,0,3,_binary '\0',121),(103,0,3,_binary '\0',122),(104,0,3,_binary '\0',123),(105,0,3,_binary '\0',124),(106,0,3,_binary '\0',125),(107,0,3,_binary '\0',127),(108,0,3,_binary '\0',128),(109,0,3,_binary '\0',131),(110,0,3,_binary '\0',130),(111,0,3,_binary '\0',129),(112,0,3,_binary '\0',132),(113,0,3,_binary '\0',133),(114,0,3,_binary '\0',134),(115,0,3,_binary '\0',135),(116,0,3,_binary '\0',136);
/*!40000 ALTER TABLE `user_event` ENABLE KEYS */;
UNLOCK TABLES;

--
-- Table structure for table `user_event_todo`
--

DROP TABLE IF EXISTS `user_event_todo`;
/*!40101 SET @saved_cs_client     = @@character_set_client */;
/*!50503 SET character_set_client = utf8mb4 */;
CREATE TABLE `user_event_todo` (
  `user_event_todos_complete_id` bigint DEFAULT NULL,
  `todo_id` bigint DEFAULT NULL,
  KEY `FK_2aa62yg1jcnjlrbe0vmfbfcjc` (`todo_id`),
  KEY `FK_fpl04ik0qygub3kxsox9klqbh` (`user_event_todos_complete_id`),
  CONSTRAINT `FK_2aa62yg1jcnjlrbe0vmfbfcjc` FOREIGN KEY (`todo_id`) REFERENCES `todo` (`id`),
  CONSTRAINT `FK_fpl04ik0qygub3kxsox9klqbh` FOREIGN KEY (`user_event_todos_complete_id`) REFERENCES `user_event` (`id`)
) ENGINE=InnoDB DEFAULT CHARSET=utf8mb4 COLLATE=utf8mb4_0900_ai_ci;
/*!40101 SET character_set_client = @saved_cs_client */;

--
-- Dumping data for table `user_event_todo`
--

LOCK TABLES `user_event_todo` WRITE;
/*!40000 ALTER TABLE `user_event_todo` DISABLE KEYS */;
/*!40000 ALTER TABLE `user_event_todo` ENABLE KEYS */;
UNLOCK TABLES;

--
-- Table structure for table `user_role`
--

DROP TABLE IF EXISTS `user_role`;
/*!40101 SET @saved_cs_client     = @@character_set_client */;
/*!50503 SET character_set_client = utf8mb4 */;
CREATE TABLE `user_role` (
  `role_id` bigint NOT NULL,
  `user_id` bigint NOT NULL,
  PRIMARY KEY (`role_id`,`user_id`),
  KEY `FK_apcc8lxk2xnug8377fatvbn04` (`user_id`),
  CONSTRAINT `FK_apcc8lxk2xnug8377fatvbn04` FOREIGN KEY (`user_id`) REFERENCES `user` (`id`),
  CONSTRAINT `FK_it77eq964jhfqtu54081ebtio` FOREIGN KEY (`role_id`) REFERENCES `role` (`id`)
) ENGINE=InnoDB DEFAULT CHARSET=utf8mb4 COLLATE=utf8mb4_0900_ai_ci;
/*!40101 SET character_set_client = @saved_cs_client */;

--
-- Dumping data for table `user_role`
--

LOCK TABLES `user_role` WRITE;
/*!40000 ALTER TABLE `user_role` DISABLE KEYS */;
INSERT INTO `user_role` VALUES (1,1),(2,2),(2,10),(3,10),(2,13),(2,17),(3,17),(2,18),(2,20),(3,21),(2,22),(2,27),(2,28),(3,28),(2,29),(2,31),(2,32),(3,32),(2,33),(3,33),(2,34),(3,34),(2,35),(3,35),(2,36),(3,36),(2,37),(2,38),(2,39),(2,41),(2,42),(2,44),(2,45),(3,45),(2,46),(3,46),(3,47),(2,48),(3,48),(2,49),(3,49),(2,50),(3,50),(2,51),(3,52),(3,53),(2,54),(3,54),(3,60),(2,61),(3,61),(2,62),(3,62),(2,63),(3,63),(3,65),(2,66),(3,66),(3,67),(3,68),(2,69),(3,69),(2,70),(3,70),(2,71),(2,72),(3,72),(2,74),(2,75),(2,76),(3,76),(2,77),(3,77),(2,78),(3,78),(2,79),(2,81),(2,82),(2,84),(2,85),(2,86),(3,86),(2,87),(2,89),(2,92),(3,92),(2,93),(3,93),(2,94),(3,94),(3,95),(2,96),(3,96),(2,97),(3,97),(2,98),(3,98),(3,99),(2,100),(3,100),(2,102),(3,102),(3,103),(2,104),(3,104),(2,105),(3,105),(2,106),(3,107),(2,108),(3,108),(2,109),(2,110),(3,110),(3,111),(2,112),(3,112),(3,113),(3,114),(2,115),(3,115),(3,116),(3,117),(2,118),(3,118),(2,120),(3,120),(2,121),(3,121),(2,122),(3,122),(2,123),(3,123),(2,124),(2,125),(2,126),(3,126),(2,127),(2,128),(3,128),(2,129),(3,129),(3,130),(2,131),(3,131),(2,132),(3,132),(2,133),(3,133),(2,134),(2,135),(2,136),(3,136),(2,137),(3,137),(2,138),(3,138),(3,140);
/*!40000 ALTER TABLE `user_role` ENABLE KEYS */;
UNLOCK TABLES;

--
-- Table structure for table `user_sent_match_notifications`
--

DROP TABLE IF EXISTS `user_sent_match_notifications`;
/*!40101 SET @saved_cs_client     = @@character_set_client */;
/*!50503 SET character_set_client = utf8mb4 */;
CREATE TABLE `user_sent_match_notifications` (
  `user_id` bigint NOT NULL,
  `sent_match_notifications__id` bigint NOT NULL,
  PRIMARY KEY (`user_id`,`sent_match_notifications__id`),
  KEY `FK_1qqex301wc39jmnyicelj2lbr` (`sent_match_notifications__id`),
  CONSTRAINT `FK_1qqex301wc39jmnyicelj2lbr` FOREIGN KEY (`sent_match_notifications__id`) REFERENCES `user` (`id`),
  CONSTRAINT `FK_nehowcwuws5vplolmlj125jmt` FOREIGN KEY (`user_id`) REFERENCES `user` (`id`)
) ENGINE=InnoDB DEFAULT CHARSET=utf8mb4 COLLATE=utf8mb4_0900_ai_ci;
/*!40101 SET character_set_client = @saved_cs_client */;

--
-- Dumping data for table `user_sent_match_notifications`
--

LOCK TABLES `user_sent_match_notifications` WRITE;
/*!40000 ALTER TABLE `user_sent_match_notifications` DISABLE KEYS */;
/*!40000 ALTER TABLE `user_sent_match_notifications` ENABLE KEYS */;
UNLOCK TABLES;

--
-- Table structure for table `user_shortlist`
--

DROP TABLE IF EXISTS `user_shortlist`;
/*!40101 SET @saved_cs_client     = @@character_set_client */;
/*!50503 SET character_set_client = utf8mb4 */;
CREATE TABLE `user_shortlist` (
  `user_id` bigint NOT NULL,
  `shortlist__id` bigint NOT NULL,
  PRIMARY KEY (`user_id`,`shortlist__id`),
  KEY `FK_661w8mqmekx6pe82497jvxu75` (`shortlist__id`),
  CONSTRAINT `FK_661w8mqmekx6pe82497jvxu75` FOREIGN KEY (`shortlist__id`) REFERENCES `user` (`id`),
  CONSTRAINT `FK_kb9atnmvjn2plbjx81qn4e6f9` FOREIGN KEY (`user_id`) REFERENCES `user` (`id`)
) ENGINE=InnoDB DEFAULT CHARSET=utf8mb4 COLLATE=utf8mb4_0900_ai_ci;
/*!40101 SET character_set_client = @saved_cs_client */;

--
-- Dumping data for table `user_shortlist`
--

LOCK TABLES `user_shortlist` WRITE;
/*!40000 ALTER TABLE `user_shortlist` DISABLE KEYS */;
INSERT INTO `user_shortlist` VALUES (39,5),(41,5),(25,10),(39,17),(65,22),(68,22),(28,24),(76,24),(96,24),(105,24),(112,24),(121,24),(28,27),(48,27),(93,27),(121,27),(24,28),(29,28),(31,28),(38,28),(39,28),(42,28),(44,28),(58,28),(73,28),(75,28),(82,28),(87,28),(109,28),(45,29),(48,29),(60,29),(61,29),(77,29),(100,29),(114,29),(131,29),(46,30),(99,30),(121,30),(33,31),(46,31),(48,31),(50,31),(53,31),(60,31),(61,31),(68,31),(69,31),(76,31),(96,31),(97,31),(99,31),(100,31),(110,31),(128,31),(131,31),(24,32),(29,32),(30,32),(31,32),(38,32),(39,32),(42,32),(44,32),(57,32),(58,32),(73,32),(74,32),(75,32),(82,32),(87,32),(89,32),(106,32),(109,32),(134,32),(57,33),(24,35),(57,35),(64,35),(74,35),(75,35),(89,35),(80,36),(89,36),(48,38),(76,38),(28,39),(48,39),(52,39),(76,39),(93,39),(132,39),(132,40),(50,41),(86,41),(96,41),(98,41),(100,41),(102,41),(105,41),(114,41),(121,41),(123,41),(132,41),(45,44),(46,44),(48,44),(76,44),(100,44),(114,44),(121,44),(128,44),(30,45),(64,45),(73,45),(74,45),(85,45),(89,45),(106,45),(109,45),(73,46),(74,46),(85,46),(134,46),(48,47),(24,48),(29,48),(30,48),(42,48),(57,48),(58,48),(73,48),(74,48),(75,48),(80,48),(81,48),(82,48),(85,48),(87,48),(89,48),(109,48),(127,48),(29,49),(30,49),(40,49),(41,49),(64,49),(73,49),(74,49),(80,49),(85,49),(87,49),(109,49),(134,49),(24,50),(29,50),(58,50),(73,50),(87,50),(109,50),(76,51),(24,52),(29,52),(73,52),(81,52),(87,52),(109,52),(29,53),(109,53),(121,56),(128,56),(60,58),(114,58),(121,58),(123,58),(128,58),(131,58),(58,60),(106,60),(109,60),(24,61),(41,61),(58,61),(75,61),(80,61),(109,61),(87,62),(24,63),(58,63),(73,63),(75,63),(80,63),(81,63),(87,63),(109,63),(127,63),(58,65),(58,67),(89,67),(109,67),(57,68),(85,68),(89,68),(109,68),(134,68),(24,69),(29,69),(58,69),(74,69),(75,69),(82,69),(87,69),(109,69),(24,70),(41,70),(58,70),(75,70),(80,70),(87,70),(109,70),(52,71),(76,71),(99,71),(36,73),(46,73),(50,73),(60,73),(67,73),(70,73),(76,73),(86,73),(103,73),(114,73),(116,73),(121,73),(122,73),(132,73),(33,74),(53,75),(65,75),(70,75),(96,75),(100,75),(121,75),(24,76),(41,76),(58,76),(75,76),(80,76),(82,76),(87,76),(109,76),(41,77),(89,77),(109,77),(60,80),(65,80),(100,80),(114,80),(116,80),(17,81),(46,81),(60,81),(69,81),(116,81),(121,81),(17,82),(46,82),(50,82),(60,82),(68,82),(122,82),(46,84),(100,84),(114,84),(121,84),(128,84),(132,84),(56,86),(87,86),(60,87),(67,87),(68,87),(86,87),(114,87),(121,87),(128,87),(33,89),(36,89),(60,89),(86,89),(110,89),(114,89),(121,89),(57,93),(89,93),(109,93),(58,94),(87,94),(30,96),(80,96),(89,96),(124,96),(87,97),(109,97),(58,98),(87,98),(109,98),(124,99),(58,100),(80,100),(109,100),(109,103),(124,103),(80,104),(41,105),(58,105),(85,105),(109,105),(110,106),(132,106),(57,107),(58,107),(106,107),(109,107),(109,108),(69,109),(93,109),(121,109),(29,110),(109,110),(29,112),(57,112),(58,112),(89,112),(106,112),(109,112),(41,114),(41,115),(58,115),(89,115),(41,116),(58,116),(109,121),(109,122);
/*!40000 ALTER TABLE `user_shortlist` ENABLE KEYS */;
UNLOCK TABLES;
/*!40103 SET TIME_ZONE=@OLD_TIME_ZONE */;

/*!40101 SET SQL_MODE=@OLD_SQL_MODE */;
/*!40014 SET FOREIGN_KEY_CHECKS=@OLD_FOREIGN_KEY_CHECKS */;
/*!40014 SET UNIQUE_CHECKS=@OLD_UNIQUE_CHECKS */;
/*!40101 SET CHARACTER_SET_CLIENT=@OLD_CHARACTER_SET_CLIENT */;
/*!40101 SET CHARACTER_SET_RESULTS=@OLD_CHARACTER_SET_RESULTS */;
/*!40101 SET COLLATION_CONNECTION=@OLD_COLLATION_CONNECTION */;
/*!40111 SET SQL_NOTES=@OLD_SQL_NOTES */;

-- Dump completed on 2022-12-01  8:48:31
